product_id,product_name,category,main_category,sub_category,discounted_price_clean,actual_price_clean,discount_pct_clean,rating_clean,rating_count_clean,economia_absoluta,faixa_preco,faixa_desconto,volume_reviews_bin,img_link,product_link,review_rows,PSI,cluster,pca_1,pca_2,cluster_name
B014I8SX4Y,"Amazon Basics High-Speed HDMI Cable, 6 Feet (2-Pack),Black","Electronics|HomeTheater,TV&Video|Accessories|Cables|HDMICables",Electronics,"HomeTheater,TV&Video",309.0,1400.0,78.0,4.4,426973.0,1091.0,budget,high,high,https://m.media-amazon.com/images/I/41eJqkFjCRL._SY300_SX300_QL70_FMwebp_.jpg,https://www.amazon.in/AmazonBasics-High-Speed-Cable-2-Pack-Black/dp/B014I8SX4Y/ref=sr_1_73?qid=1672909128&s=electronics&sr=1-73,1,87.74468085106383,2,7.269147155540307,-0.6822557625222796,segmento misto
B07KSMBL2H,"AmazonBasics Flexible Premium HDMI Cable (Black, 4K@60Hz, 18Gbps), 3-Foot","Electronics|HomeTheater,TV&Video|Accessories|Cables|HDMICables",Electronics,"HomeTheater,TV&Video",219.0,700.0,69.0,4.4,426973.0,481.0,budget,high,high,https://m.media-amazon.com/images/I/41nPYaWA+ML._SY300_SX300_.jpg,https://www.amazon.in/AmazonBasics-Flexible-HDMI-Cable-3-Foot/dp/B07KSMBL2H/ref=sr_1_14?qid=1672909124&s=electronics&sr=1-14,2,85.35106382978724,2,6.923498095719258,-0.9208206261591406,segmento misto
B00NH11KIK,"AmazonBasics USB 2.0 Cable - A-Male to B-Male - for Personal Computer, Printer- 6 Feet (1.8 Meters), Black",Computers&Accessories|Accessories&Peripherals|Cables&Accessories|Cables|USBCables,Computers&Accessories,Accessories&Peripherals,209.0,695.0,70.0,4.5,107687.0,486.0,budget,high,high,https://m.media-amazon.com/images/I/4101vlzySzL._SY300_SX300_QL70_FMwebp_.jpg,https://www.amazon.in/AmazonBasics-USB-2-0-Cable-Male/dp/B00NH11KIK/ref=sr_1_44?qid=1672909125&s=electronics&sr=1-44,2,82.88727372821958,4,3.629755039163301,-0.1407378979908036,barato com alto desconto
B00NH11PEY,"AmazonBasics USB 2.0 - A-Male to A-Female Extension Cable for Personal Computer, Printer (Black, 9.8 Feet/3 Meters)",Computers&Accessories|Accessories&Peripherals|Cables&Accessories|Cables|USBCables,Computers&Accessories,Accessories&Peripherals,199.0,750.0,73.0,4.5,74976.0,551.0,budget,high,high,https://m.media-amazon.com/images/W/WEBP_402378-T2/images/I/41Fqm0bR7PL._SX300_SY300_QL70_FMwebp_.jpg,https://www.amazon.in/AmazonBasics-Extension-Cable-Male-Female/dp/B00NH11PEY/ref=sr_1_34?qid=1672909125&s=electronics&sr=1-34,2,82.6172099910518,4,3.327442926354154,0.03907868355027105,barato com alto desconto
B07Q4QV1DL,"ELV Aluminum Adjustable Mobile Phone Foldable Tabletop Stand Dock Mount for All Smartphones, Tabs, Kindle, iPad (Black)",Electronics|Mobiles&Accessories|MobileAccessories|Stands,Electronics,Mobiles&Accessories,269.0,1499.0,82.0,4.5,28978.0,1230.0,budget,high,high,https://m.media-amazon.com/images/I/31hDWwY8iWL._SX300_SY300_QL70_ML2_.jpg,https://www.amazon.in/Aluminum-Adjustable-Mobile-Foldable-Smartphones/dp/B07Q4QV1DL/ref=sr_1_149?qid=1672895791&s=electronics&sr=1-149,1,82.20687248932741,4,2.9818347808658,0.4183235572934687,barato com alto desconto
B088ZFJY82,"Elv Aluminium Adjustable Mobile Phone Foldable Holder Tabletop Stand Dock Mount for All Smartphones, Tabs, Kindle, iPad (Moonlight Silver)",Electronics|Mobiles&Accessories|MobileAccessories|Stands,Electronics,Mobiles&Accessories,314.0,1499.0,79.0,4.5,28978.0,1185.0,budget,high,high,https://m.media-amazon.com/images/I/41pmcRIe45L._SX300_SY300_QL70_ML2_.jpg,https://www.amazon.in/Aluminium-Adjustable-Mobile-Foldable-Smartphones/dp/B088ZFJY82/ref=sr_1_493?qid=1672895894&s=electronics&sr=1-493,1,81.40900014890188,4,2.865625455243986,0.3327469844344484,barato com alto desconto
B09MT84WV5,"Samsung EVO Plus 128GB microSDXC UHS-I U3 130MB/s Full HD & 4K UHD Memory Card with Adapter (MB-MC128KA), Blue",Electronics|Accessories|MemoryCards|MicroSD,Electronics,Accessories,1149.0,3999.0,71.0,4.3,140036.0,2850.0,mid,high,high,https://m.media-amazon.com/images/I/31R6RP26dzL._SY300_SX300_QL70_ML2_.jpg,https://www.amazon.in/Samsung-microSDXC-Memory-Adapter-MB-MC128KA/dp/B09MT84WV5/ref=sr_1_66?qid=1672895762&s=electronics&sr=1-66,2,81.26134133254504,2,3.5631256945846523,0.08108132271703863,segmento misto
B08L5FM4JC,"SanDisk Ultra microSD UHS-I Card 64GB, 120MB/s R",Electronics|Accessories|MemoryCards|MicroSD,Electronics,Accessories,649.0,2400.0,73.0,4.4,67260.0,1751.0,mid,high,high,https://m.media-amazon.com/images/I/41ML8ZbPiiL._SY300_SX300_QL70_ML2_.jpg,https://www.amazon.in/SanDisk-Ultra-microSD-UHS-I-120MB/dp/B08L5FM4JC/ref=sr_1_312?qid=1672895835&s=electronics&sr=1-312,1,80.96354362237584,4,2.975545629300278,0.20869493701089317,barato com alto desconto
B09MT6XSFW,"Samsung EVO Plus 64GB microSDXC UHS-I U1 130MB/s Full HD & 4K UHD Memory Card with Adapter (MB-MC64KA), Blue",Electronics|Accessories|MemoryCards|MicroSD,Electronics,Accessories,599.0,1899.0,68.0,4.3,140036.0,1300.0,mid,high,high,https://m.media-amazon.com/images/I/31P2d7102lL._SY300_SX300_QL70_ML2_.jpg,https://www.amazon.in/Samsung-microSDXC-Memory-Adapter-MB-MC64KA/dp/B09MT6XSFW/ref=sr_1_85?qid=1672895770&s=electronics&sr=1-85,1,80.46346899211952,2,3.4547939495913447,0.043540699588768716,segmento misto
B07GXHC691,"STRIFF PS2_01 Multi Angle Mobile/Tablet Tabletop Stand. Phone Holder for iPhone, Android, Samsung, OnePlus, Xiaomi. Portable, Foldable Cell Phone Stand. Perfect for Bed, Office, Home & Desktop (Black)",Electronics|Mobiles&Accessories|MobileAccessories|Stands,Electronics,Mobiles&Accessories,99.0,499.0,80.0,4.3,42641.0,400.0,budget,high,high,https://m.media-amazon.com/images/I/31iE517+NFL._SY300_SX300_.jpg,https://www.amazon.in/STRIFF-Mobile-Android-Samsung-OnePlus/dp/B07GXHC691/ref=sr_1_73?qid=1672895770&s=electronics&sr=1-73,1,80.14764213520795,4,2.653050087656477,0.7013355921688192,barato com alto desconto
B00NH13Q8W,"AmazonBasics USB 2.0 Extension Cable for Personal Computer, Printer, 2-Pack - A-Male to A-Female - 3.3 Feet (1 Meter, Black)",Computers&Accessories|Accessories&Peripherals|Cables&Accessories|Cables|USBCables,Computers&Accessories,Accessories&Peripherals,299.0,800.0,63.0,4.5,74977.0,501.0,budget,high,high,https://m.media-amazon.com/images/I/41WuKPTQhTL._SY300_SX300_QL70_FMwebp_.jpg,https://www.amazon.in/AmazonBasics-Extension-Cable-2-Pack-Female/dp/B00NH13Q8W/ref=sr_1_233?qid=1672909135&s=electronics&sr=1-233,1,79.95767486326466,4,2.9407538022374915,-0.24214290547221273,barato com alto desconto
B07GPXXNNG,boAt Bassheads 100 in Ear Wired Earphones with Mic(Taffy Pink),"Electronics|Headphones,Earbuds&Accessories|Headphones|In-Ear",Electronics,"Headphones,Earbuds&Accessories",349.0,999.0,65.0,4.1,363713.0,650.0,budget,high,high,https://m.media-amazon.com/images/I/31J6I7SrLXL._SX300_SY300_QL70_ML2_.jpg,https://www.amazon.in/Boat-BassHeads-100-Inspired-Earphones/dp/B07GPXXNNG/ref=sr_1_21?qid=1672895748&s=electronics&sr=1-21,1,79.81424415376947,2,5.360239981722502,-0.3072596445050812,segmento misto
B071Z8M4KX,boAt BassHeads 100 in-Ear Wired Headphones with Mic (Black),"Electronics|Headphones,Earbuds&Accessories|Headphones|In-Ear",Electronics,"Headphones,Earbuds&Accessories",365.0,999.0,63.0,4.1,363711.0,634.0,budget,high,high,https://m.media-amazon.com/images/I/31IdiM9ZM8L._SX300_SY300_QL70_FMwebp_.jpg,https://www.amazon.in/boAt-BassHeads-100-Headphones-Black/dp/B071Z8M4KX/ref=sr_1_1?qid=1672902995&s=computers&sr=1-1,1,79.28231304056617,2,5.282930798304543,-0.3631745976338296,segmento misto
B095RTJH1M,Spigen EZ Fit Tempered Glass Screen Protector Guard for iPhone 14/13/13 Pro - 2 Pack,"Electronics|Mobiles&Accessories|MobileAccessories|Maintenance,Upkeep&Repairs|ScreenProtectors",Electronics,Mobiles&Accessories,999.0,2899.0,66.0,4.6,26603.0,1900.0,mid,high,high,https://m.media-amazon.com/images/I/41Usew0lrWL._SX300_SY300_QL70_ML2_.jpg,https://www.amazon.in/Spigen-Tempered-Screen-Protector-iPhone/dp/B095RTJH1M/ref=sr_1_123?qid=1672895777&s=electronics&sr=1-123,1,79.0326636418811,4,2.553186888597212,-0.25316587189575923,barato com alto desconto
B005FYNT3G,SanDisk Cruzer Blade 32GB USB Flash Drive,Computers&Accessories|ExternalDevices&DataStorage|PenDrives,Computers&Accessories,ExternalDevices&DataStorage,289.0,650.0,56.0,4.3,253105.0,361.0,budget,high,high,https://m.media-amazon.com/images/I/310mw9KTJvL._SY300_SX300_QL70_FMwebp_.jpg,https://www.amazon.in/SanDisk-Cruzer-Blade-Flash-Drive/dp/B005FYNT3G/ref=sr_1_5?qid=1672902995&s=computers&sr=1-5,1,79.01787489854958,2,4.286649774483933,-0.5908812174252923,segmento misto
B07GQD4K6L,boAt Bassheads 100 in Ear Wired Earphones with Mic(Furious Red),"Electronics|Headphones,Earbuds&Accessories|Headphones|In-Ear",Electronics,"Headphones,Earbuds&Accessories",379.0,999.0,62.0,4.1,363713.0,620.0,budget,high,high,https://m.media-amazon.com/images/I/31qVddHyy5L._SX300_SY300_QL70_ML2_.jpg,https://www.amazon.in/Boat-BassHeads-100-Inspired-Earphones/dp/B07GQD4K6L/ref=sr_1_69?qid=1672895762&s=electronics&sr=1-69,1,79.01637181334394,2,5.244229250570315,-0.39162522703475483,segmento misto
B01N6LU1VF,SanDisk Ultra Dual 64 GB USB 3.0 OTG Pen Drive (Black),Computers&Accessories|ExternalDevices&DataStorage|PenDrives,Computers&Accessories,ExternalDevices&DataStorage,579.0,1400.0,59.0,4.3,189104.0,821.0,mid,high,high,https://m.media-amazon.com/images/I/41sAt4BZydL._SX300_SY300_QL70_FMwebp_.jpg,https://www.amazon.in/SanDisk-Ultra-Dual-64GB-Drive/dp/B01N6LU1VF/ref=sr_1_145?qid=1672903002&s=computers&sr=1-145,1,78.9559104265892,2,3.6783424762299157,-0.3448642983277886,segmento misto
B09X7DY7Q4,SanDisk Extreme SD UHS I 64GB Card for 4K Video for DSLR and Mirrorless Cameras 170MB/s Read & 80MB/s Write,Electronics|Accessories|MemoryCards|MicroSD,Electronics,Accessories,939.0,1800.0,48.0,4.5,205052.0,861.0,mid,medium,high,https://m.media-amazon.com/images/W/WEBP_402378-T1/images/I/41x8yDAjWJL._SX300_SY300_QL70_FMwebp_.jpg,https://www.amazon.in/SanDisk-Extreme-Video-Mirrorless-Cameras/dp/B09X7DY7Q4/ref=sr_1_307?qid=1672903010&s=computers&sr=1-307,1,78.93586569781073,2,3.914807558627454,-1.0869840009735712,segmento misto
B0B3RS9DNF,"Fire-Boltt Phoenix Smart Watch with Bluetooth Calling 1.3"",120+ Sports Modes, 240*240 PX High Res with SpO2, Heart Rate Monitoring & IP67 Rating",Electronics|WearableTechnology|SmartWatches,Electronics,WearableTechnology,1999.0,9999.0,80.0,4.3,27704.0,8000.0,mid,high,high,https://m.media-amazon.com/images/I/41vjHoqVHJL._SX300_SY300_QL70_ML2_.jpg,https://www.amazon.in/Fire-Boltt-Phoenix-Bluetooth-Calling-Monitoring/dp/B0B3RS9DNF/ref=sr_1_214?qid=1672895806&s=electronics&sr=1-214,1,78.87567958445781,4,2.3745676435533696,0.5938163085834233,barato com alto desconto
B0B3RSDSZ3,"Fire-Boltt Phoenix Smart Watch with Bluetooth Calling 1.3"",120+ Sports Modes, 240*240 PX High Res with SpO2, Heart Rate Monitoring & IP67 Rating",Electronics|WearableTechnology|SmartWatches,Electronics,WearableTechnology,1999.0,9999.0,80.0,4.3,27696.0,8000.0,mid,high,high,https://m.media-amazon.com/images/I/41-CKEKnjyL._SX300_SY300_QL70_ML2_.jpg,https://www.amazon.in/Fire-Boltt-Phoenix-Bluetooth-Calling-Monitoring/dp/B0B3RSDSZ3/ref=sr_1_54?qid=1672895762&s=electronics&sr=1-54,1,78.8748277344271,4,2.3744183862296286,0.5938412142766807,barato com alto desconto
B0B3RRWSF6,"Fire-Boltt Phoenix Smart Watch with Bluetooth Calling 1.3"",120+ Sports Modes, 240*240 PX High Res with SpO2, Heart Rate Monitoring & IP67 Rating",Electronics|WearableTechnology|SmartWatches,Electronics,WearableTechnology,1998.0,9999.0,80.0,4.3,27696.0,8001.0,mid,high,high,https://m.media-amazon.com/images/I/41sHRWXCfvL._SX300_SY300_QL70_ML2_.jpg,https://www.amazon.in/Fire-Boltt-Phoenix-Bluetooth-Calling-Monitoring/dp/B0B3RRWSF6/ref=sr_1_4?qid=1672895748&s=electronics&sr=1-4,2,78.8748277344271,4,2.3744316258609373,0.5939219469653039,barato com alto desconto
B07N42JB4S,"SYVO WT 3130 Aluminum Tripod (133CM), Universal Lightweight Tripod with Mobile Phone Holder Mount & Carry Bag for All Smart Phones, Gopro, Cameras - Brown",Electronics|Cameras&Photography|Accessories|Tripods&Monopods|Tabletop&TravelTripods,Electronics,Cameras&Photography,799.0,3990.0,80.0,4.3,27139.0,3191.0,mid,high,high,https://m.media-amazon.com/images/I/41Fm0YcrDqL._SX300_SY300_QL70_FMwebp_.jpg,https://www.amazon.in/Syvo-3130-Aluminum-Universal-Lightweight/dp/B07N42JB4S/ref=sr_1_49?qid=1672902997&s=computers&sr=1-49,1,78.81490452849911,4,2.3798650989386028,0.6924557106485182,barato com alto desconto
B08H9Z3XQW,boAt Bassheads 242 in Ear Wired Earphones with Mic(Blue),"Electronics|Headphones,Earbuds&Accessories|Headphones|In-Ear",Electronics,"Headphones,Earbuds&Accessories",455.0,1490.0,69.0,4.1,161677.0,1035.0,budget,high,high,https://m.media-amazon.com/images/W/WEBP_402378-T1/images/I/41nGG6kJr9L._SX300_SY300_QL70_FMwebp_.jpg,https://www.amazon.in/boAt-Bassheads-242-Wired-Earphones/dp/B08H9Z3XQW/ref=sr_1_58?qid=1672902997&s=computers&sr=1-58,1,78.48662272378017,2,3.265559047246003,0.38465137062017374,segmento misto
B0B53DS4TF,"Instant Pot Air Fryer, Vortex 2QT, Touch Control Panel, 360° EvenCrisp™ Technology, Uses 95 % less Oil, 4-in-1 Appliance: Air Fry, Roast, Bake, Reheat (Vortex 1.97Litre, Black)",Home&Kitchen|Kitchen&HomeAppliances|SmallKitchenAppliances|DeepFatFryers|AirFryers,Home&Kitchen,Kitchen&HomeAppliances,4995.0,20049.0,75.0,4.8,3964.0,15054.0,premium,high,high,https://m.media-amazon.com/images/W/WEBP_402378-T1/images/I/313WfOy8VSL._SX300_SY300_QL70_FMwebp_.jpg,https://www.amazon.in/Instant-Vortex-2QT-EvenCrispTM-Technology/dp/B0B53DS4TF/ref=sr_1_316?qid=1672923609&s=kitchen&sr=1-316,1,78.47814856509594,4,2.653465441168663,-0.6189629508317585,barato com alto desconto
B0BF57RN3K,"Fire-Boltt Ninja Call Pro Plus 1.83"" Smart Watch with Bluetooth Calling, AI Voice Assistance, 100 Sports Modes IP67 Rating, 240*280 Pixel High Resolution",Electronics|WearableTechnology|SmartWatches,Electronics,WearableTechnology,1799.0,19999.0,91.0,4.2,13937.0,18200.0,mid,high,high,https://m.media-amazon.com/images/I/41WCgGbvwhL._SX300_SY300_QL70_ML2_.jpg,https://www.amazon.in/Fire-Boltt-Bluetooth-Calling-Assistance-Resolution/dp/B0BF57RN3K/ref=sr_1_1?qid=1672895748&s=electronics&sr=1-1,1,78.44149517390125,4,2.257788994117437,1.1373039325292005,barato com alto desconto
B0BF4YBLPX,"Fire-Boltt Ninja Call Pro Plus 1.83"" Smart Watch with Bluetooth Calling, AI Voice Assistance, 100 Sports Modes IP67 Rating, 240*280 Pixel High Resolution",Electronics|WearableTechnology|SmartWatches,Electronics,WearableTechnology,1799.0,19999.0,91.0,4.2,13937.0,18200.0,mid,high,high,https://m.media-amazon.com/images/I/410VGCE+q2L._SY300_SX300_.jpg,https://www.amazon.in/Fire-Boltt-Bluetooth-Calling-Assistance-Resolution/dp/B0BF4YBLPX/ref=sr_1_41?qid=1672895755&s=electronics&sr=1-41,1,78.44149517390125,4,2.257788994117437,1.1373039325292005,barato com alto desconto
B0BF563HB4,"Fire-Boltt Ninja Call Pro Plus 1.83"" Smart Watch with Bluetooth Calling, AI Voice Assistance, 100 Sports Modes IP67 Rating, 240*280 Pixel High Resolution",Electronics|WearableTechnology|SmartWatches,Electronics,WearableTechnology,1799.0,19999.0,91.0,4.2,13937.0,18200.0,mid,high,high,https://m.media-amazon.com/images/I/41ivjqdXb0L._SX300_SY300_QL70_ML2_.jpg,https://www.amazon.in/Fire-Boltt-Bluetooth-Calling-Assistance-Resolution/dp/B0BF563HB4/ref=sr_1_37?qid=1672895755&s=electronics&sr=1-37,1,78.44149517390125,4,2.257788994117437,1.1373039325292005,barato com alto desconto
B0BF54LXW6,"Fire-Boltt Ninja Call Pro Plus 1.83"" Smart Watch with Bluetooth Calling, AI Voice Assistance, 100 Sports Modes IP67 Rating, 240*280 Pixel High Resolution",Electronics|WearableTechnology|SmartWatches,Electronics,WearableTechnology,1799.0,19999.0,91.0,4.2,13937.0,18200.0,mid,high,high,https://m.media-amazon.com/images/I/41Fq27ZjJfL._SX300_SY300_QL70_ML2_.jpg,https://www.amazon.in/Fire-Boltt-Bluetooth-Calling-Assistance-Resolution/dp/B0BF54LXW6/ref=sr_1_49?qid=1672895762&s=electronics&sr=1-49,1,78.44149517390125,4,2.257788994117437,1.1373039325292005,barato com alto desconto
B0BF54972T,"Fire-Boltt Ninja Call Pro Plus 1.83"" Smart Watch with Bluetooth Calling, AI Voice Assistance, 100 Sports Modes IP67 Rating, 240*280 Pixel High Resolution",Electronics|WearableTechnology|SmartWatches,Electronics,WearableTechnology,1799.0,19999.0,91.0,4.2,13937.0,18200.0,mid,high,high,https://m.media-amazon.com/images/I/41mzbWC6AkL._SX300_SY300_QL70_ML2_.jpg,https://www.amazon.in/Fire-Boltt-Bluetooth-Calling-Assistance-Resolution/dp/B0BF54972T/ref=sr_1_33?qid=1672895755&s=electronics&sr=1-33,1,78.44149517390125,4,2.257788994117437,1.1373039325292005,barato com alto desconto
B09YV463SW,"Fire-Boltt Ninja 3 Smartwatch Full Touch 1.69 "" & 60 Sports Modes with IP68, Sp02 Tracking, Over 100 Cloud based watch faces ( Silver )",Electronics|WearableTechnology|SmartWatches,Electronics,WearableTechnology,1499.0,9999.0,85.0,4.2,22638.0,8500.0,mid,high,high,https://m.media-amazon.com/images/I/41-IPkI1Y5L._SX300_SY300_QL70_ML2_.jpg,https://www.amazon.in/Fire-Boltt-Smartwatch-Sports-Tracking-Silver/dp/B09YV463SW/ref=sr_1_242?qid=1672895821&s=electronics&sr=1-242,1,78.27648723242653,4,2.2330052238904328,0.9695524647123224,barato com alto desconto
B08GTYFC37,"SanDisk 1TB Extreme Portable SSD 1050MB/s R, 1000MB/s W,Upto 2 Meter Drop Protection with IP55 Water/dust Resistance, HW Encryption, PC,MAC & TypeC Smartphone Compatible, 5Y Warranty, External SSD",Computers&Accessories|ExternalDevices&DataStorage|ExternalSolidStateDrives,Computers&Accessories,ExternalDevices&DataStorage,10389.0,32000.0,68.0,4.4,41398.0,21611.0,luxury,high,high,https://m.media-amazon.com/images/I/41Iln5A+8HL._SY300_SX300_.jpg,https://www.amazon.in/SanDisk-Portable-Smartphone-Compatible-Warranty/dp/B08GTYFC37/ref=sr_1_392?qid=1672903014&s=computers&sr=1-392,1,78.20222711625723,4,2.276638824658632,-0.6363121157987397,barato com alto desconto
B09MQSCJQ1,"boAt Xtend Smartwatch with Alexa Built-in, 1.69” HD Display, Multiple Watch Faces, Stress Monitor, Heart & SpO2 Monitoring, 14 Sports Modes, Sleep Monitor, 5 ATM & 7 Days Battery(Charcoal Black)",Electronics|WearableTechnology|SmartWatches,Electronics,WearableTechnology,2299.0,7990.0,71.0,4.2,69622.0,5691.0,premium,high,high,https://m.media-amazon.com/images/I/41lQan54SPL._SX300_SY300_QL70_ML2_.jpg,https://www.amazon.in/boAt-Display-Multiple-Monitoring-Charcoal/dp/B09MQSCJQ1/ref=sr_1_64?qid=1672895762&s=electronics&sr=1-64,2,77.86676701598864,4,2.4250169623400852,0.3796283871692481,barato com alto desconto
B07XCM6T4N,STRIFF Adjustable Laptop Tabletop Stand Patented Riser Ventilated Portable Foldable Compatible with MacBook Notebook Tablet Tray Desk Table Book with Free Phone Stand (Black),Computers&Accessories|Accessories&Peripherals|LaptopAccessories|NotebookComputerStands,Computers&Accessories,Accessories&Peripherals,349.0,1499.0,77.0,4.3,24791.0,1150.0,budget,high,high,https://m.media-amazon.com/images/I/51aYKwgu-GL._SX300_SY300_QL70_FMwebp_.jpg,https://www.amazon.in/STRIFF-Adjustable-Patented-Ventilated-Compatible/dp/B07XCM6T4N/ref=sr_1_13?qid=1672902995&s=computers&sr=1-13,1,77.75012649763215,4,2.22505818332013,0.6541849973844733,barato com alto desconto
B07DC4RZPY,"Amazon Basics USB A to Lightning MFi Certified Charging Cable (White, 1.2 meter)",Computers&Accessories|Accessories&Peripherals|Cables&Accessories|Cables|USBCables,Computers&Accessories,Accessories&Peripherals,709.0,1999.0,65.0,4.1,178817.0,1290.0,mid,high,high,https://m.media-amazon.com/images/W/WEBP_402378-T2/images/I/31VSKlEpP-L._SX300_SY300_QL70_FMwebp_.jpg,https://www.amazon.in/AmazonBasics-Certified-Lightning-Charge-Meters/dp/B07DC4RZPY/ref=sr_1_211?qid=1672909134&s=electronics&sr=1-211,1,77.72000376579152,2,3.3062166276803318,0.20454465317338733,segmento misto
B01LWYDEQ7,"Pigeon Polypropylene Mini Handy and Compact Chopper with 3 Blades for Effortlessly Chopping Vegetables and Fruits for Your Kitchen (12420, Green, 400 ml)",Home&Kitchen|Kitchen&Dining|KitchenTools|ManualChoppers&Chippers|Choppers,Home&Kitchen,Kitchen&Dining,199.0,495.0,60.0,4.1,270563.0,296.0,budget,high,high,https://m.media-amazon.com/images/I/41cVgYgAKpL._SX300_SY300_QL70_FMwebp_.jpg,https://www.amazon.in/Pigeon-Stovekraft-Plastic-Chopper-Blades/dp/B01LWYDEQ7/ref=sr_1_12?qid=1672923591&s=kitchen&sr=1-12,1,77.61177969256208,2,4.151645405616015,-0.15959512633764442,segmento misto
B08MTLLSL8,boAt Bassheads 102 Wired in Ear Earphones with Mic (Mint Green),"Electronics|Headphones,Earbuds&Accessories|Headphones|In-Ear",Electronics,"Headphones,Earbuds&Accessories",399.0,1290.0,69.0,4.2,76042.0,891.0,budget,high,high,https://m.media-amazon.com/images/W/WEBP_402378-T2/images/I/317pd1KDJpL._SX300_SY300_QL70_FMwebp_.jpg,https://www.amazon.in/Boat-Bassheads-102-Wired-Earphones/dp/B08MTLLSL8/ref=sr_1_367?qid=1672903013&s=computers&sr=1-367,1,77.59502191312706,4,2.459171723728216,0.45924101623819025,barato com alto desconto
B01D5H8LDM,"AmazonBasics 3.5mm to 2-Male RCA Adapter Cable For Tablet, Smartphone (Black, 15 feet)","Electronics|HomeTheater,TV&Video|Accessories|Cables|RCACables",Electronics,"HomeTheater,TV&Video",489.0,1200.0,59.0,4.4,69538.0,711.0,budget,high,high,https://m.media-amazon.com/images/I/513rqzxlDpL._SX300_SY300_QL70_FMwebp_.jpg,https://www.amazon.in/AmazonBasics-3-5mm-2-Male-Adapter-cable/dp/B01D5H8LDM/ref=sr_1_144?qid=1672909130&s=electronics&sr=1-144,1,77.33838344148566,4,2.4691479103969955,-0.16759813316639863,barato com alto desconto
B078W65FJ7,boAt BassHeads 900 On-Ear Wired Headphones with Mic (White),"Electronics|Headphones,Earbuds&Accessories|Headphones|On-Ear",Electronics,"Headphones,Earbuds&Accessories",849.0,2490.0,66.0,4.2,91188.0,1641.0,mid,high,high,https://m.media-amazon.com/images/W/WEBP_402378-T1/images/I/41ZeJ53ij3L._SX300_SY300_QL70_FMwebp_.jpg,https://www.amazon.in/Heads-900-Wired-Headphones-White/dp/B078W65FJ7/ref=sr_1_493?qid=1672903019&s=computers&sr=1-493,1,77.33290782670909,4,2.5344570364498633,0.295942378425375,barato com alto desconto
B07PR1CL3S,"boAt Rockerz 450 Bluetooth On Ear Headphones with Mic, Upto 15 Hours Playback, 40MM Drivers, Padded Ear Cushions, Integrated Controls and Dual Modes(Luscious Black)","Electronics|Headphones,Earbuds&Accessories|Headphones|On-Ear",Electronics,"Headphones,Earbuds&Accessories",1220.0,3990.0,69.0,4.1,107151.0,2770.0,mid,high,high,https://m.media-amazon.com/images/W/WEBP_402378-T2/images/I/315vj6oj-FL._SX300_SY300_QL70_FMwebp_.jpg,https://www.amazon.in/Rockerz-450-Wireless-Bluetooth-Headphone/dp/B07PR1CL3S/ref=sr_1_16?qid=1672902995&s=computers&sr=1-16,1,77.27326493639207,4,2.6036828580959575,0.48357014712519497,barato com alto desconto
B09YV42QHZ,"Fire-Boltt Ninja 3 Smartwatch Full Touch 1.69 "" & 60 Sports Modes with IP68, Sp02 Tracking, Over 100 Cloud based watch faces ( Green )",Electronics|WearableTechnology|SmartWatches,Electronics,WearableTechnology,1499.0,7999.0,81.0,4.2,22638.0,6500.0,mid,high,high,https://m.media-amazon.com/images/I/41GwFR981CL._SX300_SY300_QL70_ML2_.jpg,https://www.amazon.in/Fire-Boltt-Ninja-Smartwatch-Sports-Tracking/dp/B09YV42QHZ/ref=sr_1_408?qid=1672895864&s=electronics&sr=1-408,1,77.21265744519248,4,2.0788538342731844,0.8602943288843483,barato com alto desconto
B09YV4RG4D,"Fire-Boltt Ninja 3 Smartwatch Full Touch 1.69 & 60 Sports Modes with IP68, Sp02 Tracking, Over 100 Cloud based watch faces - Black",Electronics|WearableTechnology|SmartWatches,Electronics,WearableTechnology,1499.0,7999.0,81.0,4.2,22636.0,6500.0,mid,high,high,https://m.media-amazon.com/images/I/41ApzUQQFVL._SX300_SY300_QL70_ML2_.jpg,https://www.amazon.in/Fire-Boltt-Ninja-Smartwatch-Sports-Tracking/dp/B09YV4RG4D/ref=sr_1_29?qid=1672895755&s=electronics&sr=1-29,2,77.21239685351532,4,2.078812728881629,0.8603006493880634,barato com alto desconto
B09YV3K34W,"Fire-Boltt India's No 1 Smartwatch Brand Talk 2 Bluetooth Calling Smartwatch with Dual Button, Hands On Voice Assistance, 60 Sports Modes, in Built Mic & Speaker with IP68 Rating",Electronics|WearableTechnology|SmartWatches,Electronics,WearableTechnology,2199.0,9999.0,78.0,4.2,29472.0,7800.0,premium,high,high,https://m.media-amazon.com/images/I/41vMaBVWDjL._SX300_SY300_QL70_ML2_.jpg,https://www.amazon.in/Fire-Boltt-Smartwatch-Bluetooth-Calling-Assistance/dp/B09YV3K34W/ref=sr_1_168?qid=1672895791&s=electronics&sr=1-168,1,77.19290089228032,4,2.085489047442946,0.7004625577456011,barato com alto desconto
B09YV4MW2T,"Fire-Boltt India's No 1 Smartwatch Brand Talk 2 Bluetooth Calling Smartwatch with Dual Button, Hands On Voice Assistance, 60 Sports Modes, in Built Mic & Speaker with IP68 Rating",Electronics|WearableTechnology|SmartWatches,Electronics,WearableTechnology,2199.0,9999.0,78.0,4.2,29471.0,7800.0,premium,high,high,https://m.media-amazon.com/images/I/41Mce3f9faL._SX300_SY300_QL70_ML2_.jpg,https://www.amazon.in/Fire-Boltt-Smartwatch-Bluetooth-Calling-Assistance/dp/B09YV4MW2T/ref=sr_1_34?qid=1672895755&s=electronics&sr=1-34,2,77.19280081128304,4,2.085470899708166,0.7004656583150327,barato com alto desconto
B097C564GC,"rts [2 Pack] Mini USB C Type C Adapter Plug, Type C Female to USB A Male Charger Charging Cable Adapter Converter compatible for iPhone, Samsung S20 ultra/S21/S10/S8/S9/MacBook Pro iPad Silver",Computers&Accessories|Accessories&Peripherals|Adapters|USBtoUSBAdapters,Computers&Accessories,Accessories&Peripherals,294.0,4999.0,94.0,4.3,4426.0,4705.0,budget,high,high,https://m.media-amazon.com/images/W/WEBP_402378-T2/images/I/3172BJyynBS._SY300_SX300_QL70_FMwebp_.jpg,https://www.amazon.in/rts-Adapter-Charging-Converter-compatible/dp/B097C564GC/ref=sr_1_121?qid=1672903001&s=computers&sr=1-121,1,77.1897714815061,4,2.269104113913776,1.1921271634972173,barato com alto desconto
B08TV2P1N8,"boAt Rockerz 255 Pro+ in-Ear Bluetooth Neckband with Upto 40 Hours Playback, ASAP  Charge, IPX7, Dual Pairing, BT v5.0, with Mic (Active Black)","Electronics|Headphones,Earbuds&Accessories|Headphones|In-Ear",Electronics,"Headphones,Earbuds&Accessories",1399.0,3990.0,65.0,4.1,141841.0,2591.0,mid,high,high,https://m.media-amazon.com/images/W/WEBP_402378-T1/images/I/31HCup1pqFL._SX300_SY300_QL70_FMwebp_.jpg,https://www.amazon.in/boAt-Rockerz-255-Pro-Earphones/dp/B08TV2P1N8/ref=sr_1_12?qid=1672902995&s=computers&sr=1-12,1,77.03670625004717,2,2.866213499608015,0.2575257805752502,segmento misto
B0B3NDPCS9,"Fire-Boltt Visionary 1.78"" AMOLED Bluetooth Calling Smartwatch with 368*448 Pixel Resolution 100+ Sports Mode, TWS Connection, Voice Assistance, SPO2 & Heart Rate Monitoring",Electronics|WearableTechnology|SmartWatches,Electronics,WearableTechnology,3999.0,17999.0,78.0,4.3,17161.0,14000.0,premium,high,high,https://m.media-amazon.com/images/I/41dtbrNRHdL._SX300_SY300_QL70_ML2_.jpg,https://www.amazon.in/Fire-Boltt-Smartwatch-Resolution-Connection-Assistance/dp/B0B3NDPCS9/ref=sr_1_459?qid=1672895886&s=electronics&sr=1-459,1,76.93113841351476,4,2.0512279821501402,0.4111172707800562,barato com alto desconto
B0711PVX6Z,"AmazonBasics Micro USB Fast Charging Cable for Android Phones with Gold Plated Connectors (3 Feet, Black)",Computers&Accessories|Accessories&Peripherals|Cables&Accessories|Cables|USBCables,Computers&Accessories,Accessories&Peripherals,179.0,500.0,64.0,4.2,92595.0,321.0,budget,high,high,https://m.media-amazon.com/images/W/WEBP_402378-T1/images/I/31iESA2h2gL._SY300_SX300_QL70_FMwebp_.jpg,https://www.amazon.in/AmazonBasics-Micro-Charging-Android-Phones/dp/B0711PVX6Z/ref=sr_1_55?qid=1672909126&s=electronics&sr=1-55,1,76.84615679969032,4,2.484172454126959,0.29123064532655935,barato com alto desconto
B01L8ZNWN2,"HP v236w USB 2.0 64GB Pen Drive, Metal",Computers&Accessories|ExternalDevices&DataStorage|PenDrives,Computers&Accessories,ExternalDevices&DataStorage,475.0,1500.0,68.0,4.2,64273.0,1025.0,budget,high,high,https://m.media-amazon.com/images/I/31febYa30qL._SX300_SY300_QL70_FMwebp_.jpg,https://www.amazon.in/HP-v236w-64GB-USB-Drive/dp/B01L8ZNWN2/ref=sr_1_21?qid=1672902995&s=computers&sr=1-21,1,76.833101334311,4,2.260322259816382,0.46093448346530275,barato com alto desconto
B0B23LW7NV,Spigen EZ Fit Tempered Glass Screen Protector for iPhone 14 Pro Max - 2 Pack (Sensor Protection),"Electronics|Mobiles&Accessories|MobileAccessories|Maintenance,Upkeep&Repairs|ScreenProtectors",Electronics,Mobiles&Accessories,999.0,2899.0,66.0,4.7,7779.0,1900.0,mid,high,high,https://m.media-amazon.com/images/I/51EiPNlJDgL._SX300_SY300_QL70_ML2_.jpg,https://www.amazon.in/Spigen-Tempered-Screen-Protector-iPhone/dp/B0B23LW7NV/ref=sr_1_130?qid=1672895784&s=electronics&sr=1-130,1,76.73940258481676,4,2.314745557562055,-0.37427308980401097,barato com alto desconto
B005LJQMZC,"BlueRigger Digital Optical Audio Toslink Cable (6 Feet / 1.8 Meter) With 8 Channel (7.1) Audio Support (for Home Theatre, Xbox, Playstation etc.)","Electronics|HomeTheater,TV&Video|Accessories|Cables|OpticalCables",Electronics,"HomeTheater,TV&Video",486.0,1999.0,76.0,4.2,30023.0,1513.0,budget,high,high,https://m.media-amazon.com/images/W/WEBP_402378-T2/images/I/41CF6GtnpKL._SX300_SY300_QL70_FMwebp_.jpg,https://www.amazon.in/BlueRigger-Digital-Optical-Toslink-Meters/dp/B005LJQMZC/ref=sr_1_209?qid=1672909134&s=electronics&sr=1-209,1,76.71562057044878,4,2.0410516447043903,0.7824211791871244,barato com alto desconto
B07JJFSG2B,SanDisk Ultra 128 GB USB 3.0 Pen Drive (Black),Computers&Accessories|ExternalDevices&DataStorage|PenDrives,Computers&Accessories,ExternalDevices&DataStorage,889.0,2500.0,64.0,4.3,55747.0,1611.0,mid,high,high,https://m.media-amazon.com/images/I/31YFd-LQ8rL._SY300_SX300_QL70_FMwebp_.jpg,https://www.amazon.in/SanDisk-Ultra-128-Drive-Black/dp/B07JJFSG2B/ref=sr_1_66?qid=1672902997&s=computers&sr=1-66,1,76.68283121703297,4,2.2223480493551686,0.16091757963778233,barato com alto desconto
B0789LZTCJ,boAt Rugged v3 Extra Tough Unbreakable Braided Micro USB Cable 1.5 Meter (Black),Computers&Accessories|Accessories&Peripherals|Cables&Accessories|Cables|USBCables,Computers&Accessories,Accessories&Peripherals,299.0,799.0,63.0,4.2,94363.0,500.0,budget,high,high,https://m.media-amazon.com/images/I/41SDfuK7L2L._SX300_SY300_QL70_FMwebp_.jpg,https://www.amazon.in/Rugged-Extra-Tough-Unbreakable-Braided/dp/B0789LZTCJ/ref=sr_1_13?qid=1672909124&s=electronics&sr=1-13,2,76.63598790675606,4,2.466487698818359,0.24898569494868825,barato com alto desconto
B07CRL2GY6,boAt Rugged V3 Braided Micro USB Cable (Pearl White),Computers&Accessories|Accessories&Peripherals|Cables&Accessories|Cables|USBCables,Computers&Accessories,Accessories&Peripherals,299.0,799.0,63.0,4.2,94363.0,500.0,budget,high,high,https://m.media-amazon.com/images/W/WEBP_402378-T1/images/I/31mfWNStU9L._SX300_SY300_QL70_FMwebp_.jpg,https://www.amazon.in/Rugged-V3-Braided-Micro-Cable/dp/B07CRL2GY6/ref=sr_1_329?qid=1672909140&s=electronics&sr=1-329,1,76.63598790675606,4,2.466487698818359,0.24898569494868825,barato com alto desconto
B09RKFBCV7,"Fire-Boltt Ninja Calling 1.69"" Bluetooth Calling Smart Watch, Dial Pad, Speaker, AI Voice Assistant with 450 NITS Peak Brightness, Wrist Gaming & 100+ Watch Faces with SpO2, HR, Multiple Sports Mode",Electronics|WearableTechnology|SmartWatches,Electronics,WearableTechnology,1999.0,7999.0,75.0,4.2,31305.0,6000.0,mid,high,high,https://m.media-amazon.com/images/W/WEBP_402378-T2/images/I/41W4O2H532L._SX300_SY300_QL70_FMwebp_.jpg,https://www.amazon.in/Fire-Boltt-Bluetooth-Smartwatch-Monitoring-Assistant/dp/B09RKFBCV7/ref=sr_1_265?qid=1672903008&s=computers&sr=1-265,1,76.57299545002776,4,2.0053519218484066,0.6289929774035499,barato com alto desconto
B0B3N7LR6K,"Fire-Boltt Visionary 1.78"" AMOLED Bluetooth Calling Smartwatch with 368*448 Pixel Resolution 100+ Sports Mode, TWS Connection, Voice Assistance, SPO2 & Heart Rate Monitoring",Electronics|WearableTechnology|SmartWatches,Electronics,WearableTechnology,3999.0,16999.0,76.0,4.3,17159.0,13000.0,premium,high,high,https://m.media-amazon.com/images/I/41r1d8a2WGL._SX300_SY300_QL70_ML2_.jpg,https://www.amazon.in/Fire-Boltt-Smartwatch-Resolution-Connection-Assistance/dp/B0B3N7LR6K/ref=sr_1_44?qid=1672895755&s=electronics&sr=1-44,2,76.3988797593715,4,1.9741045620959523,0.3564946876505967,barato com alto desconto
B014I8SSD0,"Amazon Basics High-Speed HDMI Cable, 6 Feet - Supports Ethernet, 3D, 4K video,Black","Electronics|HomeTheater,TV&Video|Accessories|Cables|HDMICables",Electronics,"HomeTheater,TV&Video",309.0,475.0,35.0,4.4,426973.0,166.0,budget,medium,high,https://m.media-amazon.com/images/I/41bCxnHksnL._SY300_SX300_QL70_FMwebp_.jpg,https://www.amazon.in/AmazonBasics-High-Speed-HDMI-Cable-Feet/dp/B014I8SSD0/ref=sr_1_51?qid=1672909126&s=electronics&sr=1-51,1,76.30851063829788,2,5.612019717154898,-1.8567807226729982,segmento misto
B0974G5Q2Y,"boAt Laptop, Smartphone Type-c A400 Male Data Cable (Carbon Black)",Computers&Accessories|Accessories&Peripherals|Cables&Accessories|Cables|USBCables,Computers&Accessories,Accessories&Peripherals,273.1,999.0,73.0,4.3,20850.0,725.9,budget,high,high,https://m.media-amazon.com/images/W/WEBP_402378-T2/images/I/41jk4zYjTsL._SX300_SY300_QL70_FMwebp_.jpg,https://www.amazon.in/boAt-Type-c-A400-Cable-Carbon/dp/B0974G5Q2Y/ref=sr_1_124?qid=1672909130&s=electronics&sr=1-124,1,76.17565813968328,4,1.9911409377844458,0.5635033812012931,barato com alto desconto
B0088TKTY2,"TP-LINK WiFi Dongle 300 Mbps Mini Wireless Network USB Wi-Fi Adapter for PC Desktop Laptop(Supports Windows 11/10/8.1/8/7/XP, Mac OS 10.9-10.15 and Linux, WPS, Soft AP Mode, USB 2.0) (TL-WN823N),Black",Computers&Accessories|NetworkingDevices|NetworkAdapters|WirelessUSBAdapters,Computers&Accessories,NetworkingDevices,649.0,1399.0,54.0,4.2,179691.0,750.0,mid,high,high,https://m.media-amazon.com/images/I/41jxZkzNcnL._SX300_SY300_QL70_FMwebp_.jpg,https://www.amazon.in/TP-Link-TL-WN823N-300Mbps-Wireless-N-Adapter/dp/B0088TKTY2/ref=sr_1_61?qid=1672909126&s=electronics&sr=1-61,1,76.14218686403424,2,3.1350182910080022,-0.2765513636401043,segmento misto
B0972BQ2RS,"Fire-Boltt India's No 1 Smartwatch Brand Ring Bluetooth Calling with SpO2 & 1.7” Metal Body with Blood Oxygen Monitoring, Continuous Heart Rate, Full Touch & Multiple Watch Faces",Electronics|WearableTechnology|SmartWatches,Electronics,WearableTechnology,2499.0,9999.0,75.0,4.1,42139.0,7500.0,premium,high,high,https://m.media-amazon.com/images/W/WEBP_402378-T1/images/I/41P+nvE9FYL._SY300_SX300_.jpg,https://www.amazon.in/Fire-Boltt-Smartwatch-Monitoring-Continuous-BSW005/dp/B0972BQ2RS/ref=sr_1_180?qid=1672903004&s=computers&sr=1-180,1,76.1162578206138,4,1.9369341162499332,0.7383598687840264,barato com alto desconto
B07S9S86BF,boAt Bassheads 242 in Ear Wired Earphones with Mic(Active Black),"Electronics|Headphones,Earbuds&Accessories|Headphones|In-Ear",Electronics,"Headphones,Earbuds&Accessories",599.0,1490.0,60.0,4.1,161679.0,891.0,mid,high,high,https://m.media-amazon.com/images/I/41OVH5kIQhL._SX300_SY300_QL70_ML2_.jpg,https://www.amazon.in/Boat-Bassheads-242-Earphones-Resistance/dp/B07S9S86BF/ref=sr_1_110?qid=1672895777&s=electronics&sr=1-110,1,76.093042190077,2,2.916835181444804,0.1271891800075787,segmento misto
B07LG59NPV,"Boult Audio Probass Curve Bluetooth Wireless in Ear Earphones with Mic with Ipx5 Water Resistant, 12H Battery Life & Extra Bass (Black)","Electronics|Headphones,Earbuds&Accessories|Headphones|In-Ear",Electronics,"Headphones,Earbuds&Accessories",899.0,4499.0,80.0,3.8,103052.0,3600.0,mid,high,high,https://m.media-amazon.com/images/I/31nI3BzOXwL._SX300_SY300_QL70_FMwebp_.jpg,https://www.amazon.in/Boult-Audio-Curve-Sweatproof-Headphones/dp/B07LG59NPV/ref=sr_1_76?qid=1672902998&s=computers&sr=1-76,1,76.08374634648366,4,2.255316491300046,1.3708151176944425,barato com alto desconto
B00ZYLMQH0,Dell KB216 Wired Multimedia USB Keyboard with Super Quite Plunger Keys with Spill-Resistant – Black,"Computers&Accessories|Accessories&Peripherals|Keyboards,Mice&InputDevices|Keyboards",Computers&Accessories,Accessories&Peripherals,549.0,1799.0,69.0,4.3,28829.0,1250.0,mid,high,high,https://m.media-amazon.com/images/W/WEBP_402378-T1/images/I/4178Hx01kZL._SY300_SX300_QL70_FMwebp_.jpg,https://www.amazon.in/Dell-KB216-Wired-Multimedia-Keyboard/dp/B00ZYLMQH0/ref=sr_1_29?qid=1672902996&s=computers&sr=1-29,1,76.06755387602766,4,1.9906482474883815,0.40692118186433973,barato com alto desconto
B07DKZCZ89,"Gizga Essentials Earphone Carrying Case, Multi-Purpose Pocket Storage Travel Organizer for Earphones, Headset, Pen Drives, SD Cards, Shock-Proof Ballistic Nylon, Soft Fabric, Mesh Pocket, Green","Electronics|Headphones,Earbuds&Accessories|Cases",Electronics,"Headphones,Earbuds&Accessories",119.0,499.0,76.0,4.3,15032.0,380.0,budget,high,high,https://m.media-amazon.com/images/I/41+d7HRWPwL._SY300_SX300_.jpg,https://www.amazon.in/Essentials-G11-Earphone-Carrying-Earphones/dp/B07DKZCZ89/ref=sr_1_222?qid=1672903006&s=computers&sr=1-222,1,76.00854450816684,4,1.972748871726431,0.676682967713674,barato com alto desconto
B0765B3TH7,"Gizga Essentials Hard Drive Case Shell, 6.35cm/2.5-inch, Portable Storage Organizer Bag for Earphone USB Cable Power Bank Mobile Charger Digital Gadget Hard Disk, Water Resistance Material, Black",Computers&Accessories|Accessories&Peripherals|HardDiskBags,Computers&Accessories,Accessories&Peripherals,199.0,599.0,67.0,4.5,13568.0,400.0,budget,high,high,https://m.media-amazon.com/images/I/31KpmfiYmeL._SX300_SY300_QL70_FMwebp_.jpg,https://www.amazon.in/GIZGA-inch-Hard-Drive-Black/dp/B0765B3TH7/ref=sr_1_74?qid=1672902998&s=computers&sr=1-74,1,75.97937431068242,4,2.069647774584798,0.06341117737738708,barato com alto desconto
B08HVL8QN3,"Mi 10000mAH Li-Polymer, Micro-USB and Type C Input Port, Power Bank 3i with 18W Fast Charging (Midnight Black)",Electronics|Mobiles&Accessories|MobileAccessories|Chargers|PowerBanks,Electronics,Mobiles&Accessories,1149.0,2199.0,48.0,4.3,178912.0,1050.0,mid,medium,high,https://m.media-amazon.com/images/I/21luyw7JrrL._SX300_SY300_QL70_ML2_.jpg,https://www.amazon.in/10000mAH-Li-Polymer-Power-Charging-Midnight/dp/B08HVL8QN3/ref=sr_1_25?qid=1672895755&s=electronics&sr=1-25,1,75.86696046381508,2,3.130099827643071,-0.6614328305343931,segmento misto
B08HVJCW95,MI 10000mAh 3i Lithium Polymer Power Bank Dual Input(Micro-USB and Type C) and Output Ports 18W Fast Charging (Metallic Blue),Electronics|Mobiles&Accessories|MobileAccessories|Chargers|PowerBanks,Electronics,Mobiles&Accessories,1149.0,2199.0,48.0,4.3,178912.0,1050.0,mid,medium,high,https://m.media-amazon.com/images/I/31YFSh7g63L._SX300_SY300_QL70_ML2_.jpg,https://www.amazon.in/Power-10000mAh-Metallic-Output-Charging/dp/B08HVJCW95/ref=sr_1_116?qid=1672895777&s=electronics&sr=1-116,1,75.86696046381508,2,3.130099827643071,-0.6614328305343931,segmento misto
B08NCKT9FG,Boat A 350 Type C Cable 1.5m(Jet Black),Computers&Accessories|Accessories&Peripherals|Cables&Accessories|Cables|USBCables,Computers&Accessories,Accessories&Peripherals,299.0,798.0,63.0,4.4,28791.0,499.0,budget,high,high,https://m.media-amazon.com/images/I/412XfBAEikL._SX300_SY300_QL70_FMwebp_.jpg,https://www.amazon.in/Boat-Type-Cable-1-5m-Black/dp/B08NCKT9FG/ref=sr_1_284?qid=1672909138&s=electronics&sr=1-284,1,75.80125213145502,4,2.00391454721867,0.0804205668503879,barato com alto desconto
B0974H97TJ,"boAt A 350 Type C Cable for Smartphone, Charging Adapter (1.5m, Carbon Black)",Computers&Accessories|Accessories&Peripherals|Cables&Accessories|Cables|USBCables,Computers&Accessories,Accessories&Peripherals,299.0,799.0,63.0,4.4,28791.0,500.0,budget,high,high,https://m.media-amazon.com/images/I/412XfBAEikL._SX300_SY300_QL70_FMwebp_.jpg,https://www.amazon.in/boAt-350-Cable-Carbon-Black/dp/B0974H97TJ/ref=sr_1_92?qid=1672909128&s=electronics&sr=1-92,1,75.80125213145502,4,2.00391454721867,0.0804205668503879,barato com alto desconto
B07YY1BY5B,"Noise ColorFit Pro 2 Full Touch Control Smart Watch with 35g Weight & Upgraded LCD Display,IP68 Waterproof,Heart Rate Monitor,Sleep & Step Tracker,Call & Message Alerts & Long Battery Life (Jet Black)",Electronics|WearableTechnology|SmartWatches,Electronics,WearableTechnology,1499.0,4999.0,70.0,4.0,92588.0,3500.0,mid,high,high,https://m.media-amazon.com/images/W/WEBP_402378-T2/images/I/41UD9vNsIjS._SX300_SY300_QL70_FMwebp_.jpg,https://www.amazon.in/Noise-Colorfit-Pro-Touch-Control/dp/B07YY1BY5B/ref=sr_1_175?qid=1672903004&s=computers&sr=1-175,1,75.77501182107989,4,2.214074122868806,0.7144006158246812,barato com alto desconto
B08HV25BBQ,Noise ColorFit Pro 2 Full Touch Control Smart Watch with 35g Weight & Upgraded LCD Display (Deep Wine),Electronics|WearableTechnology|SmartWatches,Electronics,WearableTechnology,1499.0,4999.0,70.0,4.0,92588.0,3500.0,mid,high,high,https://m.media-amazon.com/images/I/41zs4v3adaL._SX300_SY300_QL70_ML2_.jpg,https://www.amazon.in/Noise-Colorfit-Pro-Control-Cloudbased/dp/B08HV25BBQ/ref=sr_1_220?qid=1672895814&s=electronics&sr=1-220,1,75.77501182107989,4,2.214074122868806,0.7144006158246812,barato com alto desconto
B07KY3FNQP,boAt Bassheads 152 in Ear Wired Earphones with Mic(Active Black),"Electronics|Headphones,Earbuds&Accessories|Headphones|In-Ear",Electronics,"Headphones,Earbuds&Accessories",449.0,1290.0,65.0,4.1,91770.0,841.0,budget,high,high,https://m.media-amazon.com/images/I/31RiDkNjpjS._SX300_SY300_QL70_FMwebp_.jpg,https://www.amazon.in/BassHeads-152-ToneSecure-Braided-Earphones/dp/B07KY3FNQP/ref=sr_1_37?qid=1672902996&s=computers&sr=1-37,1,75.75238283839268,4,2.266754450831203,0.482108952319735,barato com alto desconto
B01EZ0X3L8,"SanDisk Ultra 64 GB USB Pen Drives (SDDDC2-064G-I35, Black, Silver)",Computers&Accessories|ExternalDevices&DataStorage|PenDrives,Computers&Accessories,ExternalDevices&DataStorage,729.0,1650.0,56.0,4.3,82356.0,921.0,mid,high,high,https://m.media-amazon.com/images/I/315HWKLDHlL._SY300_SX300_QL70_FMwebp_.jpg,https://www.amazon.in/SanDisk-Ultra-SDDDC2-064G-G46-Drives-Silver/dp/B01EZ0X3L8/ref=sr_1_196?qid=1672903005&s=computers&sr=1-196,1,75.70618473330785,4,2.2787051539670466,-0.12419782450162148,barato com alto desconto
B00KXULGJQ,"TP-Link AC750 Wifi Range Extender | Up to 750Mbps | Dual Band WiFi Extender, Repeater, Wifi Signal Booster, Access Point| Easy Set-Up | Extends Wifi to Smart Home & Alexa Devices (RE200)",Computers&Accessories|NetworkingDevices|Repeaters&Extenders,Computers&Accessories,NetworkingDevices,1889.0,5499.0,66.0,4.2,49551.0,3610.0,mid,high,high,https://m.media-amazon.com/images/I/312J9hg8ypL._SX300_SY300_QL70_FMwebp_.jpg,https://www.amazon.in/Tp-Link-300Mbps-AC750-Range-Extender/dp/B00KXULGJQ/ref=sr_1_57?qid=1672902997&s=computers&sr=1-57,1,75.53388973246804,4,1.9535567150108746,0.3364012483115767,barato com alto desconto
B0819ZZK5K,"SanDisk Ultra Dual Drive Go USB Type C Pendrive for Mobile (Black, 128 GB, 5Y - SDDDC3-128G-I35)",Computers&Accessories|ExternalDevices&DataStorage|PenDrives,Computers&Accessories,ExternalDevices&DataStorage,1109.0,2800.0,60.0,4.3,53464.0,1691.0,mid,high,high,https://m.media-amazon.com/images/W/WEBP_402378-T1/images/I/410l0pKc2OL._SX300_SY300_QL70_FMwebp_.jpg,https://www.amazon.in/SanDisk-Ultra-Drive-Pendrive-Mobile/dp/B0819ZZK5K/ref=sr_1_99?qid=1672903000&s=computers&sr=1-99,1,75.49566441226321,4,2.032221946643715,0.04076915698619661,barato com alto desconto
B092X94QNQ,"boAt Rockerz 330 in-Ear Bluetooth Neckband with Upto 30 Hours Playtime, ASAP  Charge, Signature Sound, Dual Pairing & IPX5 with Mic (Active Black)","Electronics|Headphones,Earbuds&Accessories|Headphones|In-Ear",Electronics,"Headphones,Earbuds&Accessories",1499.0,3990.0,62.0,4.1,109864.0,2491.0,mid,high,high,https://m.media-amazon.com/images/I/31gzRr9mIaS._SX300_SY300_QL70_FMwebp_.jpg,https://www.amazon.in/boAt-Rockerz-330-Bluetooth-Assistant/dp/B092X94QNQ/ref=sr_1_55?qid=1672902997&s=computers&sr=1-55,1,75.48531539603722,4,2.3637175265525436,0.2618227876813045,barato com alto desconto
B08W56G1K9,LAPSTER Spiral Charger Spiral Charger Cable Protectors for Wires Data Cable Saver Charging Cord Protective Cable Cover Set of 3 (12 Pieces),Computers&Accessories|Accessories&Peripherals|Cables&Accessories|CableConnectionProtectors,Computers&Accessories,Accessories&Peripherals,99.0,999.0,90.0,4.1,8751.0,900.0,budget,high,high,https://m.media-amazon.com/images/W/WEBP_402378-T2/images/I/41oSVnJMFKL._SX300_SY300_QL70_FMwebp_.jpg,https://www.amazon.in/LAPSTER-Charger-Protectors-Charging-Protective/dp/B08W56G1K9/ref=sr_1_19?qid=1672902995&s=computers&sr=1-19,1,75.46963002342797,4,1.8378253685356025,1.4479150988541019,barato com alto desconto
B075ZTJ9XR,"AmazonBasics High-Speed Braided HDMI Cable - 3 Feet - Supports Ethernet, 3D, 4K and Audio Return (Black)","Electronics|HomeTheater,TV&Video|Accessories|Cables|HDMICables",Electronics,"HomeTheater,TV&Video",269.0,650.0,59.0,4.4,35877.0,381.0,budget,high,high,https://m.media-amazon.com/images/I/41SxrTzMivL._SX300_SY300_QL70_FMwebp_.jpg,https://www.amazon.in/AmazonBasics-Braided-HDMI-Cable-3-Feet/dp/B075ZTJ9XR/ref=sr_1_380?qid=1672909143&s=electronics&sr=1-380,1,75.3864213511181,4,1.9739655495308746,-0.048267361645196176,barato com alto desconto
B077Z65HSD,"boAt A400 USB Type-C to USB-A 2.0 Male Data Cable, 2 Meter (Black)",Computers&Accessories|Accessories&Peripherals|Cables&Accessories|Cables|USBCables,Computers&Accessories,Accessories&Peripherals,299.0,999.0,70.0,4.3,20850.0,700.0,budget,high,high,https://m.media-amazon.com/images/I/41jk4zYjTsL._SX300_SY300_QL70_FMwebp_.jpg,https://www.amazon.in/A400-Type-C-Cable-Meter-Black/dp/B077Z65HSD/ref=sr_1_33?qid=1672909125&s=electronics&sr=1-33,3,75.37778579925775,4,1.8751844891206229,0.4794688026949741,barato com alto desconto
B08Y5KXR6Z,"PTron Solero T241 2.4A Type-C Data & Charging USB Cable, Made in India, 480Mbps Data Sync, Durable 1-Meter Long USB Cable for Type-C USB Devices for Charging Adapter (Black)",Computers&Accessories|Accessories&Peripherals|Cables&Accessories|Cables|USBCables,Computers&Accessories,Accessories&Peripherals,99.0,800.0,88.0,3.9,24871.0,701.0,budget,high,high,https://m.media-amazon.com/images/W/WEBP_402378-T2/images/I/41CB7sKZvCL._SX300_SY300_QL70_FMwebp_.jpg,https://www.amazon.in/Solero-T241-Charging-480Mbps-Durable/dp/B08Y5KXR6Z/ref=sr_1_122?qid=1672909130&s=electronics&sr=1-122,1,75.35182778455109,4,1.686335162181829,1.7062353522451472,barato com alto desconto
B009VCGPSY,"HP X1000 Wired USB Mouse with 3 Handy Buttons, Fast-Moving Scroll Wheel and Optical Sensor works on most Surfaces (H2C21AA, Black/Grey)","Computers&Accessories|Accessories&Peripherals|Keyboards,Mice&InputDevices|Mice",Computers&Accessories,Accessories&Peripherals,269.0,649.0,59.0,4.3,54315.0,380.0,budget,high,high,https://m.media-amazon.com/images/I/31plkeAvAQL._SX300_SY300_QL70_FMwebp_.jpg,https://www.amazon.in/HP-X1000-Wired-Mouse-Black/dp/B009VCGPSY/ref=sr_1_22?qid=1672902995&s=computers&sr=1-22,1,75.27628648158708,4,2.017177573871379,0.07870772133943936,barato com alto desconto
B01HJI0FS2,"Dell MS116 1000Dpi USB Wired Optical Mouse, Led Tracking, Scrolling Wheel, Plug and Play.","Computers&Accessories|Accessories&Peripherals|Keyboards,Mice&InputDevices|Mice",Computers&Accessories,Accessories&Peripherals,299.0,650.0,54.0,4.5,33176.0,351.0,budget,high,high,https://m.media-amazon.com/images/I/31z5b7RYc2L._SX300_SY300_QL70_FMwebp_.jpg,https://www.amazon.in/Dell-MS116-1000DPI-Wired-Optical/dp/B01HJI0FS2/ref=sr_1_31?qid=1672902996&s=computers&sr=1-31,1,75.15910692937788,4,1.9768828259787352,-0.36187989224453676,barato com alto desconto
B086WMSCN3,"boAt Airdopes 171 in Ear Bluetooth True Wireless Earbuds with Upto 13 Hours Battery, IPX4, Bluetooth v5.0, Dual Tone Finish with Mic (Mysterious Blue)","Electronics|Headphones,Earbuds&Accessories|Headphones|In-Ear",Electronics,"Headphones,Earbuds&Accessories",1199.0,5999.0,80.0,3.9,47521.0,4800.0,mid,high,high,https://m.media-amazon.com/images/W/WEBP_402378-T2/images/I/41IAc+vLV7S._SY300_SX300_.jpg,https://www.amazon.in/Boat-Airdopes-171-Functionality-Resistance/dp/B086WMSCN3/ref=sr_1_147?qid=1672903002&s=computers&sr=1-147,1,75.13391107250634,4,1.7460921388130288,1.3293905775341983,barato com alto desconto
B06XR9PR5X,"Amazon Basics HDMI Coupler,Black",Electronics|HomeAudio|Accessories|Adapters,Electronics,HomeAudio,209.0,600.0,65.0,4.4,18872.0,391.0,budget,high,high,https://m.media-amazon.com/images/W/WEBP_402378-T1/images/I/417qayz2nNL._SX300_SY300_QL70_FMwebp_.jpg,https://www.amazon.in/AmazonBasics-AZHDAD01-HDMI-Coupler-Black/dp/B06XR9PR5X/ref=sr_1_239?qid=1672909135&s=electronics&sr=1-239,1,75.08734280002236,4,1.882027186777166,0.17357010651563745,barato com alto desconto
B008IFXQFU,"TP-Link USB WiFi Adapter for PC(TL-WN725N), N150 Wireless Network Adapter for Desktop - Nano Size WiFi Dongle Compatible with Windows 11/10/7/8/8.1/XP/ Mac OS 10.9-10.15 Linux Kernel 2.6.18-4.4.3",Computers&Accessories|NetworkingDevices|NetworkAdapters|WirelessUSBAdapters,Computers&Accessories,NetworkingDevices,499.0,999.0,50.0,4.2,179691.0,500.0,budget,medium,high,https://m.media-amazon.com/images/W/WEBP_402378-T2/images/I/31e6ElWRymL._SX300_SY300_QL70_FMwebp_.jpg,https://www.amazon.in/TP-Link-TL-WN725N-150Mbps-Wireless-Adapter/dp/B008IFXQFU/ref=sr_1_10?qid=1672909124&s=electronics&sr=1-10,1,75.0783570768002,2,2.9828528460870176,-0.37369959617461157,segmento misto
B08HDH26JX,"boAt Deuce USB 300 2 in 1 Type-C & Micro USB Stress Resistant, Sturdy Cable with 3A Fast Charging & 480mbps Data Transmission, 10000+ Bends Lifespan and Extended 1.5m Length(Mercurial Black)",Computers&Accessories|Accessories&Peripherals|Cables&Accessories|Cables|USBCables,Computers&Accessories,Accessories&Peripherals,299.0,699.0,57.0,4.2,94363.0,400.0,budget,high,high,https://m.media-amazon.com/images/W/WEBP_402378-T1/images/I/4112nea7JlL._SX300_SY300_QL70_FMwebp_.jpg,https://www.amazon.in/Deuce-300-Resistant-Transmission-Mercurial/dp/B08HDH26JX/ref=sr_1_101?qid=1672909129&s=electronics&sr=1-101,1,75.04024322590499,4,2.235260614392488,0.08509849120672748,barato com alto desconto
B07PFJ5VQD,Agaro Blaze USBA to micro +Type C 2in1 Braided 1.2M Cable,Computers&Accessories|Accessories&Peripherals|Cables&Accessories|Cables|USBCables,Computers&Accessories,Accessories&Peripherals,159.0,595.0,73.0,4.3,14184.0,436.0,budget,high,high,https://m.media-amazon.com/images/W/WEBP_402378-T2/images/I/41rDN2Ylj1L._SX300_SY300_QL70_FMwebp_.jpg,https://www.amazon.in/AGARO-Type-C-Charging-Braided-1-2Meters/dp/B07PFJ5VQD/ref=sr_1_251?qid=1672909136&s=electronics&sr=1-251,1,75.03940822001675,4,1.8343398036775274,0.5943099950201942,barato com alto desconto
B01DF26V7A,"JBL C100SI Wired In Ear Headphones with Mic, JBL Pure Bass Sound, One Button Multi-function Remote, Premium Metallic Finish, Angled Buds for Comfort fit (Red)","Electronics|Headphones,Earbuds&Accessories|Headphones|In-Ear",Electronics,"Headphones,Earbuds&Accessories",599.0,1299.0,54.0,4.1,192589.0,700.0,mid,high,high,https://m.media-amazon.com/images/I/31kLQHU5pdL._SX300_SY300_QL70_ML2_.jpg,https://www.amazon.in/JBL-C100SI-Ear-Headphones-Mic/dp/B01DF26V7A/ref=sr_1_159?qid=1672895791&s=electronics&sr=1-159,1,75.01332032431219,2,3.041399080715542,-0.12744540807059698,segmento misto
B01GGKYKQM,"Amazon Basics USB Type-C to USB-A 2.0 Male Fast Charging Cable for Laptop - 3 Feet (0.9 Meters), Black",Computers&Accessories|Accessories&Peripherals|Cables&Accessories|Cables|USBCables,Computers&Accessories,Accessories&Peripherals,219.0,700.0,69.0,4.3,20053.0,481.0,budget,high,high,https://m.media-amazon.com/images/W/WEBP_402378-T1/images/I/31-BRsjrvDL._SY300_SX300_QL70_FMwebp_.jpg,https://www.amazon.in/AmazonBasics-Type-C-USB-Male-Cable/dp/B01GGKYKQM/ref=sr_1_77?qid=1672909128&s=electronics&sr=1-77,3,74.99687133507011,4,1.820440911076971,0.4611535522294987,barato com alto desconto
B07N8RQ6W7,Portronics MODESK POR-122 Universal Mobile Tabletop Holder (Black),Electronics|Mobiles&Accessories|MobileAccessories|Stands,Electronics,Mobiles&Accessories,134.0,699.0,81.0,4.1,16685.0,565.0,budget,high,high,https://m.media-amazon.com/images/I/31mbyi7ocJL._SX300_SY300_QL70_ML2_.jpg,https://www.amazon.in/Portronics-POR-122-MODESK-Universal-Mobile/dp/B07N8RQ6W7/ref=sr_1_111?qid=1672895777&s=electronics&sr=1-111,1,74.979377893116,4,1.7228023807365282,1.1724675218940703,barato com alto desconto
B09N3ZNHTY,"boAt Airdopes 141 Bluetooth Truly Wireless in Ear Earbuds with mic, 42H Playtime, Beast Mode(Low Latency Upto 80ms) for Gaming, ENx Tech, ASAP Charge, IWP, IPX4 Water Resistance (Bold Black)","Electronics|Headphones,Earbuds&Accessories|Headphones|In-Ear",Electronics,"Headphones,Earbuds&Accessories",1499.0,4490.0,67.0,3.9,136954.0,2991.0,mid,high,high,https://m.media-amazon.com/images/I/31GUbeFG3FL._SX300_SY300_QL70_FMwebp_.jpg,https://www.amazon.in/Airdopes-141-Playtime-Resistance-Bluetooth/dp/B09N3ZNHTY/ref=sr_1_2?qid=1672902995&s=computers&sr=1-2,1,74.79853619337032,2,2.4002153117622673,0.6843014007923772,segmento misto
B08MZQBFLN,"Callas Multipurpose Foldable Laptop Table with Cup Holder | Drawer | Mac Holder | Table Holder Study Table, Breakfast Table, Foldable and Portable/Ergonomic & Rounded Edges/Non-Slip Legs (WA-27-Black)",Computers&Accessories|Accessories&Peripherals|LaptopAccessories|Lapdesks,Computers&Accessories,Accessories&Peripherals,849.0,4999.0,83.0,4.0,20457.0,4150.0,mid,high,high,https://m.media-amazon.com/images/W/WEBP_402378-T1/images/I/41YjSD1XPoS._SY300_SX300_QL70_FMwebp_.jpg,https://www.amazon.in/Callas-Multipurpose-Breakfast-Ergonomic-WA-27-Black/dp/B08MZQBFLN/ref=sr_1_167?qid=1672903002&s=computers&sr=1-167,1,74.77910719240491,4,1.6347858358155953,1.3401501936519724,barato com alto desconto
B07PFJ5W31,AGARO Blaze USB 3.0 to USB Type C OTG Adapter,Electronics|Mobiles&Accessories|MobileAccessories|Cables&Adapters|OTGAdapters,Electronics,Mobiles&Accessories,139.0,495.0,72.0,4.3,14185.0,356.0,budget,high,high,https://m.media-amazon.com/images/I/212redZnCCL._SX300_SY300_QL70_ML2_.jpg,https://www.amazon.in/AGARO-Type-C-USB-Female-Adapter/dp/B07PFJ5W31/ref=sr_1_43?qid=1672895755&s=electronics&sr=1-43,1,74.77365870646358,4,1.7960934811728548,0.5686068012290574,barato com alto desconto
B07G3YNLJB,Crucial BX500 240GB 3D NAND SATA 6.35 cm (2.5-inch) SSD (CT240BX500SSD1),Computers&Accessories|Components|InternalSolidStateDrives,Computers&Accessories,Components,1815.0,3100.0,41.0,4.5,92925.0,1285.0,mid,medium,high,https://m.media-amazon.com/images/I/31foPNxmwsL._SX300_SY300_QL70_FMwebp_.jpg,https://www.amazon.in/Crucial-BX500-240GB-2-5-inch-CT240BX500SSD1/dp/B07G3YNLJB/ref=sr_1_247?qid=1672903007&s=computers&sr=1-247,1,74.73962895567934,4,2.3059772551146085,-1.0188047255069719,barato com alto desconto
B0B244R4KB,Spigen EZ Fit Tempered Glass Screen Protector for iPhone 14 Pro - 2 Pack (Sensor Protection),"Electronics|Mobiles&Accessories|MobileAccessories|Maintenance,Upkeep&Repairs|ScreenProtectors",Electronics,Mobiles&Accessories,999.0,2899.0,66.0,4.6,6129.0,1900.0,mid,high,high,https://m.media-amazon.com/images/I/51R2kfyMW5L._SX300_SY300_QL70_ML2_.jpg,https://www.amazon.in/Spigen-Tempered-Screen-Protector-iPhone/dp/B0B244R4KB/ref=sr_1_139?qid=1672895784&s=electronics&sr=1-139,1,74.70298904563069,4,2.0001037076637878,-0.18517998377198439,barato com alto desconto
B08D77XZX5,"PTron Tangentbeat in-Ear Bluetooth 5.0 Wireless Headphones with Mic, Enhanced Bass, 10mm Drivers, Clear Calls, Snug-Fit, Fast Charging, Magnetic Buds, Voice Assistant & IPX4 Wireless Neckband (Black)","Electronics|Headphones,Earbuds&Accessories|Headphones|In-Ear",Electronics,"Headphones,Earbuds&Accessories",599.0,2499.0,76.0,3.9,58162.0,1900.0,mid,high,high,https://m.media-amazon.com/images/I/41KBaLUTYHL._SX300_SY300_QL70_ML2_.jpg,https://www.amazon.in/Tangentbeat-Bluetooth-Headphones-Waterproof-Cancelation/dp/B08D77XZX5/ref=sr_1_18?qid=1672895748&s=electronics&sr=1-18,1,74.66607510100806,4,1.7556668935784299,1.236505233452188,barato com alto desconto
B07DJLFMPS,HP 32GB Class 10 MicroSD Memory Card (U1 TF Card 32GB),Electronics|Accessories|MemoryCards|MicroSD,Electronics,Accessories,369.0,1600.0,77.0,4.0,32625.0,1231.0,budget,high,high,https://m.media-amazon.com/images/I/41z7FRqEerL._SX300_SY300_QL70_ML2_.jpg,https://www.amazon.in/HP-MicroSD-U1-TF-Card-32GB/dp/B07DJLFMPS/ref=sr_1_106?qid=1672895777&s=electronics&sr=1-106,2,74.56006293804751,4,1.643384295126639,1.1769730520954294,barato com alto desconto
B08Y1SJVV5,"pTron Solero MB301 3A Micro USB Data & Charging Cable, Made in India, 480Mbps Data Sync, Strong & Durable 1.5-Meter Nylon Braided USB Cable for Micro USB Devices - (Black)",Computers&Accessories|Accessories&Peripherals|Cables&Accessories|Cables|USBCables,Computers&Accessories,Accessories&Peripherals,99.0,666.66,85.0,3.9,24871.0,567.66,budget,high,high,https://m.media-amazon.com/images/W/WEBP_402378-T1/images/I/31ew3okQR2L._SX300_SY300_QL70_FMwebp_.jpg,https://www.amazon.in/Solero-MB301-Charging-480Mbps-1-5-Meter/dp/B08Y1SJVV5/ref=sr_1_39?qid=1672909125&s=electronics&sr=1-39,2,74.55395544412556,4,1.570721619968894,1.624291750374167,barato com alto desconto
B08Y1TFSP6,"pTron Solero TB301 3A Type-C Data and Fast Charging Cable, Made in India, 480Mbps Data Sync, Strong and Durable 1.5-Meter Nylon Braided USB Cable for Type-C Devices for Charging Adapter (Black)",Computers&Accessories|Accessories&Peripherals|Cables&Accessories|Cables|USBCables,Computers&Accessories,Accessories&Peripherals,149.0,1000.0,85.0,3.9,24871.0,851.0,budget,high,high,https://m.media-amazon.com/images/I/31wOPjcSxlL._SX300_SY300_QL70_FMwebp_.jpg,https://www.amazon.in/Solero-TB301-Charging-480Mbps-1-5-Meter/dp/B08Y1TFSP6/ref=sr_1_6?qid=1672909124&s=electronics&sr=1-6,3,74.55395544412556,4,1.5700596384034733,1.6202551159430114,barato com alto desconto
B07NC12T2R,"boAt Stone 650 10W Bluetooth Speaker with Upto 7 Hours Playback, IPX5 and Integrated Controls (Blue)",Electronics|HomeAudio|Speakers|BluetoothSpeakers,Electronics,HomeAudio,1799.0,4990.0,64.0,4.2,41226.0,3191.0,mid,high,high,https://m.media-amazon.com/images/I/41rfSd9spqL._SX300_SY300_QL70_FMwebp_.jpg,https://www.amazon.in/Stone-650-Wireless-Bluetooth-Speaker/dp/B07NC12T2R/ref=sr_1_241?qid=1672903007&s=computers&sr=1-241,1,74.45945030678152,4,1.7497270664248796,0.3142762515405124,barato com alto desconto
B01J1CFO5I,Redgear MP35 Speed-Type Gaming Mousepad (Black/Red),Computers&Accessories|Accessories&Peripherals|PCGamingPeripherals|Gamepads,Computers&Accessories,Accessories&Peripherals,299.0,550.0,46.0,4.6,33434.0,251.0,budget,medium,high,https://m.media-amazon.com/images/W/WEBP_402378-T1/images/I/41NYfAbBY2L._SX300_SY300_QL70_FMwebp_.jpg,https://www.amazon.in/Redgear-MP35-Speed-Type-Gaming-Mousepad/dp/B01J1CFO5I/ref=sr_1_257?qid=1672903007&s=computers&sr=1-257,1,74.38762973048814,4,1.914905656911409,-0.7641048181469741,barato com alto desconto
B07YTNKVJQ,MI Xiaomi USB Type C HYperCharge Cable 6A 100cm Sturdy and Durable Black Supports 120W HyperCharging,Computers&Accessories|Accessories&Peripherals|Cables&Accessories|Cables|USBCables,Computers&Accessories,Accessories&Peripherals,499.0,1299.0,62.0,4.3,30411.0,800.0,budget,high,high,https://m.media-amazon.com/images/W/WEBP_402378-T1/images/I/21WhHd9leXL._SX300_SY300_QL70_FMwebp_.jpg,https://www.amazon.in/Xiaomi-HyperCharge-Cable-100cm-Type-C/dp/B07YTNKVJQ/ref=sr_1_172?qid=1672909133&s=electronics&sr=1-172,1,74.36342359625898,4,1.7501948164892953,0.2148524716311284,barato com alto desconto
B097R25DP7,"Noise ColorFit Pulse Smartwatch with 3.56 cm (1.4"") Full Touch HD Display, SpO2, Heart Rate, Sleep Monitors & 10-Day Battery - Jet Black",Electronics|WearableTechnology|SmartWatches,Electronics,WearableTechnology,1599.0,4999.0,68.0,4.0,67950.0,3400.0,mid,high,high,https://m.media-amazon.com/images/I/41XH-IpxCQL._SX300_SY300_QL70_ML2_.jpg,https://www.amazon.in/Noise-ColorFit-Smartwatch-Monitoring-Waterproof/dp/B097R25DP7/ref=sr_1_124?qid=1672895777&s=electronics&sr=1-124,2,74.33052788785346,4,1.8121801946889848,0.7250220691006128,barato com alto desconto
B07SLMR1K6,"SanDisk Ultra Flair 64GB USB 3.0 Pen Drive, Multicolor",Computers&Accessories|ExternalDevices&DataStorage|PenDrives,Computers&Accessories,ExternalDevices&DataStorage,519.0,1350.0,62.0,4.3,30058.0,831.0,mid,high,high,https://m.media-amazon.com/images/I/317KlchuxeL._SY300_SX300_QL70_FMwebp_.jpg,https://www.amazon.in/SanDisk-Ultra-Flair-USB-64GB/dp/B07SLMR1K6/ref=sr_1_52?qid=1672902997&s=computers&sr=1-52,1,74.32898613843189,4,1.7435948036294477,0.21433055863865338,barato com alto desconto
B0873L7J6X,"Infinity (JBL Glide 510, 72 Hrs Playtime with Quick Charge, Wireless On Ear Headphone with Mic, Deep Bass, Dual Equalizer, Bluetooth 5.0 with Voice Assistant Support (Black)","Electronics|Headphones,Earbuds&Accessories|Headphones|On-Ear",Electronics,"Headphones,Earbuds&Accessories",1499.0,3999.0,63.0,4.2,42775.0,2500.0,mid,high,high,https://m.media-amazon.com/images/I/41-U6BdQrcL._SX300_SY300_QL70_FMwebp_.jpg,https://www.amazon.in/Infinity-Glide-510-Headphone-Equalizer/dp/B0873L7J6X/ref=sr_1_329?qid=1672903011&s=computers&sr=1-329,1,74.30228673580712,4,1.7395921298837755,0.3064700619247105,barato com alto desconto
B08L5HMJVW,"SanDisk Ultra microSD UHS-I Card 32GB, 120MB/s R",Electronics|Accessories|MemoryCards|MicroSD,Electronics,Accessories,369.0,700.0,47.0,4.4,67259.0,331.0,budget,medium,high,https://m.media-amazon.com/images/I/41aV2T7qLgL._SY300_SX300_QL70_ML2_.jpg,https://www.amazon.in/SanDisk-Ultra-microSD-UHS-I-120MB/dp/B08L5HMJVW/ref=sr_1_31?qid=1672895755&s=electronics&sr=1-31,1,74.04860615142556,4,1.9772550212331674,-0.4788748035505942,barato com alto desconto
B0BDYVC5TD,"SanDisk Ultra® microSDXC™ UHS-I Card, 128GB, 140MB/s R, 10 Y Warranty, for Smartphones",Electronics|Accessories|MemoryCards|MicroSD,Electronics,Accessories,959.0,1800.0,47.0,4.4,67259.0,841.0,mid,medium,high,https://m.media-amazon.com/images/I/413qMt0RdpL._SY300_SX300_QL70_ML2_.jpg,https://www.amazon.in/SanDisk-Ultra%C2%AE-microSDXCTM-Warranty-Smartphones/dp/B0BDYVC5TD/ref=sr_1_22?qid=1672895748&s=electronics&sr=1-22,1,74.04860615142556,4,1.969443638761203,-0.526507089838229,barato com alto desconto
B0B3MWYCHQ,"Fire-Boltt Ring 3 Smart Watch 1.8 Biggest Display with Advanced Bluetooth Calling Chip, Voice Assistance,118 Sports Modes, in Built Calculator & Games, SpO2, Heart Rate Monitoring",Electronics|WearableTechnology|SmartWatches,Electronics,WearableTechnology,2999.0,9999.0,70.0,4.2,20879.0,7000.0,premium,high,high,https://m.media-amazon.com/images/I/41ziJKWj9LL._SX300_SY300_QL70_ML2_.jpg,https://www.amazon.in/Fire-Boltt-Bluetooth-Assistance-Calculator-Monitoring/dp/B0B3MWYCHQ/ref=sr_1_145?qid=1672895791&s=electronics&sr=1-145,2,74.04855203182706,4,1.5981790213563105,0.44431283961895984,barato com alto desconto
B0856HY85J,"boAt Rockerz 550 Over Ear Bluetooth Headphones with Upto 20 Hours Playback, 50MM Drivers, Soft Padded Ear Cushions and Physical Noise Isolation, Without Mic (Black)","Electronics|Headphones,Earbuds&Accessories|Headphones|Over-Ear",Electronics,"Headphones,Earbuds&Accessories",1799.0,4999.0,64.0,4.1,55192.0,3200.0,mid,high,high,https://m.media-amazon.com/images/W/WEBP_402378-T2/images/I/41PlZjYsy-L._SX300_SY300_QL70_FMwebp_.jpg,https://www.amazon.in/Boat-Rockerz-550-Headphone-Aesthetics/dp/B0856HY85J/ref=sr_1_85?qid=1672902998&s=computers&sr=1-85,1,73.98665224565623,4,1.718539989064957,0.4549493826427048,barato com alto desconto
B08HDJ86NZ,"boAt Deuce USB 300 2 in 1 Type-C & Micro USB Stress Resistant, Tangle-Free, Sturdy Cable with 3A Fast Charging & 480mbps Data Transmission, 10000+ Bends Lifespan and Extended 1.5m Length(Martian Red)",Computers&Accessories|Accessories&Peripherals|Cables&Accessories|Cables|USBCables,Computers&Accessories,Accessories&Peripherals,329.0,699.0,53.0,4.2,94363.0,370.0,budget,high,high,https://m.media-amazon.com/images/I/41V5FtEWPkL._SX300_SY300_QL70_FMwebp_.jpg,https://www.amazon.in/Deuce-300-Resistant-Tangle-Free-Transmission/dp/B08HDJ86NZ/ref=sr_1_4?qid=1672909124&s=electronics&sr=1-4,3,73.97641343867095,4,2.080712035835988,-0.0265816252799396,barato com alto desconto
B07JH1CBGW,"Wayona Nylon Braided Usb Syncing And Charging Cable Sync And Charging Cable For Iphone, Ipad (3 Ft, Black) - Pack Of 2",Computers&Accessories|Accessories&Peripherals|Cables&Accessories|Cables|USBCables,Computers&Accessories,Accessories&Peripherals,649.0,1999.0,68.0,4.2,24269.0,1350.0,mid,high,high,https://m.media-amazon.com/images/I/41eHLj-wfGL._SX300_SY300_QL70_FMwebp_.jpg,https://www.amazon.in/Wayona-Braided-WN3LB2-Syncing-Charging/dp/B07JH1CBGW/ref=sr_1_241?qid=1672909136&s=electronics&sr=1-241,1,73.96040786137064,4,1.6220546884994387,0.5686882516518076,barato com alto desconto
B07JH1C41D,"Wayona Nylon Braided (2 Pack) Lightning Fast Usb Data Cable Fast Charger Cord For Iphone, Ipad Tablet (3 Ft Pack Of 2, Grey)",Computers&Accessories|Accessories&Peripherals|Cables&Accessories|Cables|USBCables,Computers&Accessories,Accessories&Peripherals,649.0,1999.0,68.0,4.2,24269.0,1350.0,mid,high,high,https://m.media-amazon.com/images/I/412fvb7k2FL._SX300_SY300_QL70_FMwebp_.jpg,https://www.amazon.in/Wayona-Braided-WN3LG2-Syncing-Charging/dp/B07JH1C41D/ref=sr_1_98?qid=1672909129&s=electronics&sr=1-98,1,73.96040786137064,4,1.6220546884994387,0.5686882516518076,barato com alto desconto
B08D64C9FN,Ant Esports GM320 RGB Optical Wired Gaming Mouse | 8 Programmable Buttons | 12800 DPI,Computers&Accessories|Accessories&Peripherals|PCGamingPeripherals|GamingMice,Computers&Accessories,Accessories&Peripherals,575.0,2799.0,79.0,4.2,8537.0,2224.0,mid,high,high,https://m.media-amazon.com/images/W/WEBP_402378-T2/images/I/31MDFikz-wL._SX300_SY300_QL70_FMwebp_.jpg,https://www.amazon.in/Ant-Esports-GM320-Programmable-Comfortable/dp/B08D64C9FN/ref=sr_1_298?qid=1672903010&s=computers&sr=1-298,1,73.80441182417825,4,1.6414961056935535,0.9268773382254692,barato com alto desconto
B0BR4F878Q,"Swiffer Instant Electric Water Heater Faucet Tap Home-Kitchen Instantaneous Water Heater Tank less for Tap, LED Electric Head Water Heaters Tail Gallon Comfort(3000W) ((Pack of 1))","Home&Kitchen|Heating,Cooling&AirQuality|WaterHeaters&Geysers|InstantWaterHeaters",Home&Kitchen,"Heating,Cooling&AirQuality",1439.0,1999.0,28.0,4.8,53803.0,560.0,mid,medium,high,https://m.media-amazon.com/images/I/41+t2HWvwFL._SY300_SX300_.jpg,https://www.amazon.in/Swiffer-Instant-Electric-Home-Kitchen-Instantaneous/dp/B0BR4F878Q/ref=sr_1_150?qid=1672923597&s=kitchen&sr=1-150,1,73.67033619783273,4,2.0089774970315815,-1.7755315075591682,barato com alto desconto
B0B2DD66GS,"SanDisk Extreme microSD UHS I Card 128GB for 4K Video on Smartphones,Action Cams 190MB/s Read,90MB/s Write",Electronics|Accessories|MemoryCards|MicroSD,Electronics,Accessories,1329.0,2900.0,54.0,4.5,19624.0,1571.0,mid,high,high,https://m.media-amazon.com/images/I/41O4rjSlneL._SY300_SX300_QL70_FMwebp_.jpg,https://www.amazon.in/SanDisk-Extreme-microSD-Smartphones-Action/dp/B0B2DD66GS/ref=sr_1_182?qid=1672903004&s=computers&sr=1-182,1,73.61039224937329,4,1.7019924043281112,-0.40263556932936384,barato com alto desconto
B07YNHCW6N,Robustrion Smart Trifold Hard Back Flip Stand Case Cover for Apple iPad 10.2 Cover iPad 9th Generation Cover 2021 8th Gen 2020 7th Gen 2019 Generation Case - Black,"Computers&Accessories|Accessories&Peripherals|TabletAccessories|Bags,Cases&Sleeves|Cases",Computers&Accessories,Accessories&Peripherals,549.0,2499.0,78.0,4.3,5556.0,1950.0,mid,high,high,https://m.media-amazon.com/images/W/WEBP_402378-T2/images/I/31tpRKyv0yL._SY300_SX300_QL70_FMwebp_.jpg,https://www.amazon.in/Robustrion-Smart-Trifold-Stand-Generation/dp/B07YNHCW6N/ref=sr_1_331?qid=1672903011&s=computers&sr=1-331,1,73.60501176280714,4,1.7140012450342366,0.7299029923089071,barato com alto desconto
B07H1S7XW8,"STRIFF Wall Mount Phone Holder Wall Mount with Adhesive Strips, Charging Holder Compatible with iPhone, Smartphone and Mini Tablet (Pack of 1) (White)",Electronics|Mobiles&Accessories|MobileAccessories|Mounts|Shower&WallMounts,Electronics,Mobiles&Accessories,89.0,499.0,82.0,4.1,9340.0,410.0,budget,high,high,https://m.media-amazon.com/images/I/31yQB88r8kL._SX300_SY300_QL70_ML2_.jpg,https://www.amazon.in/STRIFF-Mobile-Phone-Charging-Charger/dp/B07H1S7XW8/ref=sr_1_482?qid=1672895894&s=electronics&sr=1-482,1,73.5340834671684,4,1.550943341493039,1.2281168814380972,barato com alto desconto
B002SZEOLG,"TP-Link Nano USB WiFi Dongle 150Mbps High Gain Wireless Network Wi-Fi Adapter for PC Desktop and Laptops, Supports Windows 10/8.1/8/7/XP, Linux, Mac OS X (TL-WN722N)",Computers&Accessories|NetworkingDevices|NetworkAdapters|WirelessUSBAdapters,Computers&Accessories,NetworkingDevices,749.0,1339.0,44.0,4.2,179692.0,590.0,mid,medium,high,https://m.media-amazon.com/images/I/31Wb+A3VVdL._SY300_SX300_.jpg,https://www.amazon.in/TP-Link-TL-WN722N-150Mbps-Wireless-Adapter/dp/B002SZEOLG/ref=sr_1_162?qid=1672909131&s=electronics&sr=1-162,1,73.48262881086458,2,2.748327342137396,-0.5577729073788009,segmento misto
B09KGV7WSV,"KINGONE Upgraded Stylus Pen, iPad Pencil, Ultra High Precision & Sensitivity, Palm Rejection, Prevents False ON/Off Touch, Power Display, Tilt Sensitivity, Magnetic Adsorption for iPad 2018 and Later",Electronics|Mobiles&Accessories|MobileAccessories|StylusPens,Electronics,Mobiles&Accessories,2099.0,5999.0,65.0,4.3,17129.0,3900.0,premium,high,high,https://m.media-amazon.com/images/I/31jgUvSar0L._SX300_SY300_QL70_ML2_.jpg,https://www.amazon.in/Upgraded-Precision-Sensitivity-Rejection-Adsorption/dp/B09KGV7WSV/ref=sr_1_131?qid=1672895784&s=electronics&sr=1-131,2,73.4681866232273,4,1.5746272783301964,0.20952420378316244,barato com alto desconto
B07GVGTSLN,"Wayona Usb Type C Fast Charger Cable Fast Charging Usb C Cable/Cord Compatible For Samsung Galaxy S10E S10 S9 S8 Plus S10+,Note 10 Note 9 Note 8,S20,M31S,M40,Realme X3,Pixel 2 Xl (3 Ft Pack Of 1,Grey)",Computers&Accessories|Accessories&Peripherals|Cables&Accessories|Cables|USBCables,Computers&Accessories,Accessories&Peripherals,325.0,1299.0,75.0,4.2,10576.0,974.0,budget,high,high,https://m.media-amazon.com/images/W/WEBP_402378-T1/images/I/41J6oGU8w5L._SX300_SY300_QL70_FMwebp_.jpg,https://www.amazon.in/Wayona-Cable-Braided-Charger-Smartphones/dp/B07GVGTSLN/ref=sr_1_93?qid=1672909128&s=electronics&sr=1-93,2,73.37226171963734,4,1.5616939850750884,0.8306356599489175,barato com alto desconto
B08GYG6T12,"SanDisk Ultra SDHC UHS-I Card 32GB 120MB/s R for DSLR Cameras, for Full HD Recording, 10Y Warranty",Electronics|Accessories|MemoryCards|SecureDigitalCards,Electronics,Accessories,449.0,800.0,44.0,4.4,69585.0,351.0,budget,medium,high,https://m.media-amazon.com/images/W/WEBP_402378-T1/images/I/41nmeIgWsZL._SX300_SY300_QL70_FMwebp_.jpg,https://www.amazon.in/SanDisk-Ultra-UHS-I-Memory-SDSDUN4-032G-GN6IN/dp/B08GYG6T12/ref=sr_1_223?qid=1672903006&s=computers&sr=1-223,1,73.35101466591044,4,1.8922469546397762,-0.5742272070230127,barato com alto desconto
B017PDR9N0,"GIZGA Essentials Portable Tabletop Tablet Stand Mobile Holder, Desktop Stand, Cradle, Dock for iPad, Smartphone, Kindle, E-Reader, Fully Foldable, Adjustable Angle, Anti-Slip Pads, Black",Computers&Accessories|Accessories&Peripherals|TabletAccessories|Stands,Computers&Accessories,Accessories&Peripherals,149.0,499.0,70.0,4.1,25607.0,350.0,budget,high,high,https://m.media-amazon.com/images/W/WEBP_402378-T1/images/I/41wL36XZGXL._SX300_SY300_QL70_FMwebp_.jpg,https://www.amazon.in/Generic-Multi-Angle-tablets-Samsung-paperwhite-Phablets/dp/B017PDR9N0/ref=sr_1_240?qid=1672903006&s=computers&sr=1-240,1,73.3172781116519,4,1.490092387507837,0.8424015218519137,barato com alto desconto
B08GJ57MKL,"Coway Professional Air Purifier for Home, Longest Filter Life 8500 Hrs, Green True HEPA Filter, Traps 99.99% Virus & PM 0.1 Particles, Warranty 7 Years (AirMega 150 (AP-1019C))","Home&Kitchen|Heating,Cooling&AirQuality|AirPurifiers|HEPAAirPurifiers",Home&Kitchen,"Heating,Cooling&AirQuality",14400.0,59900.0,76.0,4.4,3837.0,45500.0,luxury,high,high,https://m.media-amazon.com/images/I/51b5sh94f7L._SX300_SY300_QL70_FMwebp_.jpg,https://www.amazon.in/Coway-Professional-Purifier-Anti-Virus-AP-1019C/dp/B08GJ57MKL/ref=sr_1_195?qid=1672923600&s=kitchen&sr=1-195,1,73.31474883995588,4,1.5910282603144046,-0.6187227042380807,barato com alto desconto
B01J8S6X2I,AmazonBasics 6 Feet DisplayPort to DisplayPort Cable - (Not HDMI Cable) (Gold),Computers&Accessories|Accessories&Peripherals|Cables&Accessories|Cables|DVICables,Computers&Accessories,Accessories&Peripherals,499.0,1100.0,55.0,4.4,25177.0,601.0,budget,high,high,https://m.media-amazon.com/images/W/WEBP_402378-T2/images/I/41AcG6PavXL._SX300_SY300_QL70_FMwebp_.jpg,https://www.amazon.in/AmazonBasics-Feet-DisplayPort-Cable/dp/B01J8S6X2I/ref=sr_1_252?qid=1672909136&s=electronics&sr=1-252,1,73.27796664768302,4,1.624677004337234,-0.1429697574506041,barato com alto desconto
B0949SBKMP,"boAt Flash Edition Smart Watch with Activity Tracker, Multiple Sports Modes, 1.3"" Screen, 170+ Watch Faces, Sleep Monitor, Gesture, Camera & Music Control, IP68 & 7 Days Battery Life(Lightning Black)",Electronics|WearableTechnology|SmartWatches,Electronics,WearableTechnology,1799.0,6990.0,74.0,4.0,26880.0,5191.0,mid,high,high,https://m.media-amazon.com/images/I/416+IXsM9lL._SY300_SX300_.jpg,https://www.amazon.in/boAt-Flash-Smartwatch-Resistance-Lightning/dp/B0949SBKMP/ref=sr_1_188?qid=1672895799&s=electronics&sr=1-188,2,73.19087596225465,4,1.4048699221188579,0.9973872657772105,barato com alto desconto
B07JGDB5M1,"Wayona Nylon Braided 2M / 6Ft Fast Charge Usb To Lightning Data Sync And Charging Cable For Iphone, Ipad Tablet (6 Ft Pack Of 1, Grey)",Computers&Accessories|Accessories&Peripherals|Cables&Accessories|Cables|USBCables,Computers&Accessories,Accessories&Peripherals,449.0,1299.0,65.0,4.2,24269.0,850.0,budget,high,high,https://m.media-amazon.com/images/W/WEBP_402378-T1/images/I/51UsScvHQNL._SX300_SY300_QL70_FMwebp_.jpg,https://www.amazon.in/Wayona-Braided-WN6LG1-Syncing-Charging/dp/B07JGDB5M1/ref=sr_1_119?qid=1672909129&s=electronics&sr=1-119,1,73.16253552094511,4,1.5090890725481862,0.5028911875054493,barato com alto desconto
B07DWFX9YS,"Amazon Basics USB A to Lightning PVC Molded Nylon MFi Certified Charging Cable (Black, 1.2 meter)",Computers&Accessories|Accessories&Peripherals|Cables&Accessories|Cables|USBCables,Computers&Accessories,Accessories&Peripherals,789.0,1999.0,61.0,4.2,34540.0,1210.0,mid,high,high,https://m.media-amazon.com/images/I/41jTlkBBf4L._SX300_SY300_QL70_FMwebp_.jpg,https://www.amazon.in/AmazonBasics-Certified-Lightning-Charge-Collection/dp/B07DWFX9YS/ref=sr_1_333?qid=1672909140&s=electronics&sr=1-333,1,73.13965040990999,4,1.5378673468997628,0.33431228523096407,barato com alto desconto
B08C4Z69LN,Crucial RAM 8GB DDR4 3200MHz CL22 (or 2933MHz or 2666MHz) Laptop Memory CT8G4SFRA32A,Computers&Accessories|Components|Memory,Computers&Accessories,Components,1792.0,3500.0,49.0,4.5,26194.0,1708.0,mid,medium,high,https://m.media-amazon.com/images/W/WEBP_402378-T2/images/I/51esjcOy79L._SY300_SX300_QL70_FMwebp_.jpg,https://www.amazon.in/Crucial-PC4-25600-SODIMM-260-Pin-Memory/dp/B08C4Z69LN/ref=sr_1_210?qid=1672903005&s=computers&sr=1-210,1,73.13235490248766,4,1.6378626649403185,-0.5973418472976256,barato com alto desconto
B07232M876,"Amazonbasics Micro Usb Fast Charging Cable For Android Smartphone,Personal Computer,Printer With Gold Plated Connectors (6 Feet, Black)",Computers&Accessories|Accessories&Peripherals|Cables&Accessories|Cables|USBCables,Computers&Accessories,Accessories&Peripherals,199.0,395.0,50.0,4.2,92595.0,196.0,budget,medium,high,https://m.media-amazon.com/images/W/WEBP_402378-T1/images/I/31nrDWDT8+L._SX300_SY300_.jpg,https://www.amazon.in/AmazonBasics-Micro-Charging-Android-Phones/dp/B07232M876/ref=sr_1_53?qid=1672909126&s=electronics&sr=1-53,2,73.12275254437117,4,1.9443777978404249,-0.09278748384381115,barato com alto desconto
B07TCN5VR9,Boult Audio BassBuds X1 in-Ear Wired Earphones with 10mm Extra Bass Driver and HD Sound with mic(Black),"Electronics|Headphones,Earbuds&Accessories|Headphones|In-Ear",Electronics,"Headphones,Earbuds&Accessories",329.0,999.0,67.0,3.9,77027.0,670.0,budget,high,high,https://m.media-amazon.com/images/I/31DbAD6EoCL._SX300_SY300_QL70_FMwebp_.jpg,https://www.amazon.in/Boult-Audio-X1-Earphones-Cancellation/dp/B07TCN5VR9/ref=sr_1_28?qid=1672902996&s=computers&sr=1-28,1,73.10106891611518,4,1.670433298428505,0.9560726448760276,barato com alto desconto
B096VF5YYF,"boAt Xtend Smartwatch with Alexa Built-in, 1.69” HD Display, Multiple Watch Faces, Stress Monitor, Heart & SpO2 Monitoring, 14 Sports Modes, Sleep Monitor, 5 ATM & 7 Days Battery(Pitch Black)",Electronics|WearableTechnology|SmartWatches,Electronics,WearableTechnology,2999.0,7990.0,62.0,4.1,48449.0,4991.0,premium,high,high,https://m.media-amazon.com/images/I/41pfjyUPZLL._SX300_SY300_QL70_ML2_.jpg,https://www.amazon.in/boAt-Smartwatch-Multiple-Monitoring-Resistance/dp/B096VF5YYF/ref=sr_1_89?qid=1672895770&s=electronics&sr=1-89,2,73.07038843111565,4,1.5263287921069795,0.3237744179878438,barato com alto desconto
B0BDYW3RN3,"SanDisk Ultra® microSDXC™ UHS-I Card, 256GB, 150MB/s R, 10 Y Warranty, for Smartphones",Electronics|Accessories|MemoryCards|MicroSD,Electronics,Accessories,1989.0,3500.0,43.0,4.4,67260.0,1511.0,mid,medium,high,https://m.media-amazon.com/images/I/41g54hBpHkL._SY300_SX300_QL70_ML2_.jpg,https://www.amazon.in/SanDisk-Ultra%C2%AE-microSDXCTM-Warranty-Smartphones/dp/B0BDYW3RN3/ref=sr_1_210?qid=1672895806&s=electronics&sr=1-210,1,72.98482021812053,4,1.801669101217649,-0.7189228844538779,barato com alto desconto
B0BDRVFDKP,"SanDisk Ultra® microSDXC™ UHS-I Card, 64GB, 140MB/s R, 10 Y Warranty, for Smartphones",Electronics|Accessories|MemoryCards|MicroSD,Electronics,Accessories,569.0,1000.0,43.0,4.4,67259.0,431.0,mid,medium,high,https://m.media-amazon.com/images/I/41ML8ZbPiiL._SY300_SX300_QL70_ML2_.jpg,https://www.amazon.in/SanDisk-Ultra%C2%AE-microSDXCTM-Warranty-Smartphones/dp/B0BDRVFDKP/ref=sr_1_12?qid=1672895748&s=electronics&sr=1-12,2,72.98477636419153,4,1.8204557053542385,-0.6042794771031901,barato com alto desconto
B01M4GGIVU,Tizum High Speed HDMI Cable with Ethernet | Supports 3D 4K | for All HDMI Devices Laptop Computer Gaming Console TV Set Top Box (1.5 Meter/ 5 Feet),"Electronics|HomeTheater,TV&Video|Accessories|Cables|HDMICables",Electronics,"HomeTheater,TV&Video",199.0,699.0,72.0,4.2,12153.0,500.0,budget,high,high,https://m.media-amazon.com/images/I/41da4tk7N+L._SY300_SX300_.jpg,https://www.amazon.in/TIZUM-Slim-1-5m-HDMI-Cable/dp/B01M4GGIVU/ref=sr_1_27?qid=1672909125&s=electronics&sr=1-27,2,72.9843196364758,4,1.4964338039145562,0.7534768086613741,barato com alto desconto
B00GZLB57U,"Quantum RJ45 Ethernet Patch Cable/LAN Router Cable with Heavy Duty Gold Plated Connectors Supports Hi-Speed Gigabit Upto 1000Mbps, Waterproof and Durable,1-Year Warranty-32.8 Feet (10 Meters)(White)",Computers&Accessories|Accessories&Peripherals|Cables&Accessories|Cables|EthernetCables,Computers&Accessories,Accessories&Peripherals,238.0,699.0,66.0,4.4,8372.0,461.0,budget,high,high,https://m.media-amazon.com/images/W/WEBP_402378-T2/images/I/31AQqe9fbJL._SX300_SY300_QL70_FMwebp_.jpg,https://www.amazon.in/Quantum-Ethernet-Patch-Straight-Category/dp/B00GZLB57U/ref=sr_1_202?qid=1672903005&s=computers&sr=1-202,1,72.9560708542802,4,1.6224643624494173,0.23375883148076287,barato com alto desconto
B0926V9CTV,Elv Mobile Phone Mount Tabletop Holder for Phones and Tablets - Black,Electronics|Mobiles&Accessories|MobileAccessories|Stands,Electronics,Mobiles&Accessories,89.0,599.0,85.0,4.3,2351.0,510.0,budget,high,high,https://m.media-amazon.com/images/I/318Pgjl1wqL._SX300_SY300_QL70_ML2_.jpg,https://www.amazon.in/Mobile-Phone-Holder-Phones-Tablets/dp/B0926V9CTV/ref=sr_1_174?qid=1672895799&s=electronics&sr=1-174,1,72.93063835533765,4,1.7553640602692044,0.9725549357160169,barato com alto desconto
B07GVR9TG7,"TP-Link Archer AC1200 Archer C6 Wi-Fi Speed Up to 867 Mbps/5 GHz + 400 Mbps/2.4 GHz, 5 Gigabit Ports, 4 External Antennas, MU-MIMO, Dual Band, WiFi Coverage with Access Point Mode, Black",Computers&Accessories|NetworkingDevices|Routers,Computers&Accessories,NetworkingDevices,2499.0,4999.0,50.0,4.4,35024.0,2500.0,premium,medium,high,https://m.media-amazon.com/images/I/41VDUqScJFL._SX300_SY300_QL70_FMwebp_.jpg,https://www.amazon.in/TP-Link-Archer-C6-Wireless-MU-MIMO/dp/B07GVR9TG7/ref=sr_1_84?qid=1672902998&s=computers&sr=1-84,1,72.92182956373915,4,1.5832662486722162,-0.47151570981917346,barato com alto desconto
B07LGT55SJ,"Wayona Usb Nylon Braided Data Sync And Charging Cable For Iphone, Ipad Tablet (Red, Black)",Computers&Accessories|Accessories&Peripherals|Cables&Accessories|Cables|USBCables,Computers&Accessories,Accessories&Peripherals,399.0,1099.0,64.0,4.2,24269.0,700.0,budget,high,high,https://m.media-amazon.com/images/W/WEBP_402378-T2/images/I/41xmv3WPs7L._SX300_SY300_QL70_FMwebp_.jpg,https://www.amazon.in/Wayona-Braided-Syncing-Charging-iPhone/dp/B07LGT55SJ/ref=sr_1_89?qid=1672909128&s=electronics&sr=1-89,1,72.89657807413661,4,1.471213206709296,0.4796132879796111,barato com alto desconto
B07JW9H4J1,"Wayona Nylon Braided USB to Lightning Fast Charging and Data Sync Cable Compatible for iPhone 13, 12,11, X, 8, 7, 6, 5, iPad Air, Pro, Mini (3 FT Pack of 1, Grey)",Computers&Accessories|Accessories&Peripherals|Cables&Accessories|Cables|USBCables,Computers&Accessories,Accessories&Peripherals,399.0,1099.0,64.0,4.2,24269.0,700.0,budget,high,high,https://m.media-amazon.com/images/W/WEBP_402378-T1/images/I/51UsScvHQNL._SX300_SY300_QL70_FMwebp_.jpg,https://www.amazon.in/Wayona-Braided-WN3LG1-Syncing-Charging/dp/B07JW9H4J1/ref=sr_1_1?qid=1672909124&s=electronics&sr=1-1,3,72.89657807413661,4,1.471213206709296,0.4796132879796111,barato com alto desconto
B07JW1Y6XV,"Wayona Nylon Braided 3A Lightning to USB A Syncing and Fast Charging Data Cable for iPhone, Ipad (3 FT Pack of 1, Black)",Computers&Accessories|Accessories&Peripherals|Cables&Accessories|Cables|USBCables,Computers&Accessories,Accessories&Peripherals,399.0,1099.0,64.0,4.2,24269.0,700.0,budget,high,high,https://m.media-amazon.com/images/W/WEBP_402378-T1/images/I/41rB0DnVFmL._SX300_SY300_QL70_FMwebp_.jpg,https://www.amazon.in/Wayona-Braided-WN3LB1-Syncing-Charging/dp/B07JW1Y6XV/ref=sr_1_46?qid=1672909125&s=electronics&sr=1-46,1,72.89657807413661,4,1.471213206709296,0.4796132879796111,barato com alto desconto
B09GP6FBZT,OpenTech® Military-Grade Tempered Glass Screen Protector Compatible for iPhone 13/13 Pro / 14 with Edge to Edge Coverage and Easy Installation kit (6.1 Inches),"Electronics|Mobiles&Accessories|MobileAccessories|Maintenance,Upkeep&Repairs|ScreenProtectors",Electronics,Mobiles&Accessories,299.0,999.0,70.0,4.3,8891.0,700.0,budget,high,high,https://m.media-amazon.com/images/I/51WJbMPuROL._SX300_SY300_QL70_ML2_.jpg,https://www.amazon.in/OpenTech%C2%AE-Military-Grade-Tempered-Protector-Installation/dp/B09GP6FBZT/ref=sr_1_274?qid=1672895828&s=electronics&sr=1-274,1,72.86395775999983,4,1.5533318794337978,0.5191498610047698,barato com alto desconto
B01FSYQ2A4,boAt Rockerz 400 Bluetooth On Ear Headphones With Mic With Upto 8 Hours Playback & Soft Padded Ear Cushions(Grey/Green),"Electronics|Headphones,Earbuds&Accessories|Headphones|On-Ear",Electronics,"Headphones,Earbuds&Accessories",1399.0,2990.0,53.0,4.1,97175.0,1591.0,mid,high,high,https://m.media-amazon.com/images/I/41zejggGzLL._SX300_SY300_QL70_ML2_.jpg,https://www.amazon.in/Super-Rockerz-400-Bluetooth-Headphones/dp/B01FSYQ2A4/ref=sr_1_307?qid=1672895835&s=electronics&sr=1-307,2,72.72969361439701,4,1.860190710413331,0.06161498466898049,barato com alto desconto
B01GGKZ0V6,AmazonBasics USB Type-C to USB Type-C 2.0 Cable - 3 Feet Laptop (0.9 Meters) - White,Computers&Accessories|Accessories&Peripherals|Cables&Accessories|Cables|USBCables,Computers&Accessories,Accessories&Peripherals,329.0,845.0,61.0,4.2,29746.0,516.0,budget,high,high,https://m.media-amazon.com/images/W/WEBP_402378-T2/images/I/414y0iu5NUL._SX300_SY300_QL70_FMwebp_.jpg,https://www.amazon.in/AmazonBasics-USB-Type-C-2-0-Cable/dp/B01GGKZ0V6/ref=sr_1_69?qid=1672909126&s=electronics&sr=1-69,2,72.69891934408305,4,1.4600661112382674,0.3862363033245708,barato com alto desconto
B09V12K8NT,"boAt Wave Lite Smartwatch with 1.69"" HD Display, Sleek Metal Body, HR & SpO2 Level Monitor, 140+ Watch Faces, Activity Tracker, Multiple Sports Modes, IP68 & 7 Days Battery Life(Active Black)",Electronics|WearableTechnology|SmartWatches,Electronics,WearableTechnology,1499.0,6990.0,79.0,3.9,21796.0,5491.0,mid,high,high,https://m.media-amazon.com/images/I/41rxRY5TDSL._SX300_SY300_QL70_ML2_.jpg,https://www.amazon.in/boAt-Wave-Lite-Smartwatch-Activity/dp/B09V12K8NT/ref=sr_1_15?qid=1672895748&s=electronics&sr=1-15,2,72.56894617817395,4,1.258666510692322,1.3570740486025596,barato com alto desconto
B09V175NP7,"boAt Wave Lite Smartwatch with 1.69 Inches(4.29cm) HD Display, Heart Rate & SpO2 Level Monitor, Multiple Watch Faces, Activity Tracker, Multiple Sports Modes & IP68 (Scarlet Red)",Electronics|WearableTechnology|SmartWatches,Electronics,WearableTechnology,1499.0,6990.0,79.0,3.9,21796.0,5491.0,mid,high,high,https://m.media-amazon.com/images/I/41Bj3iYflTL._SX300_SY300_QL70_ML2_.jpg,https://www.amazon.in/boAt-Wave-Lite-Smartwatch-Multiple/dp/B09V175NP7/ref=sr_1_190?qid=1672895799&s=electronics&sr=1-190,1,72.56894617817395,4,1.258666510692322,1.3570740486025596,barato com alto desconto
B09V17S2BG,"boAt Wave Lite Smartwatch with 1.69"" HD Display, Heart Rate & SpO2 Level Monitor, Multiple Watch Faces, Activity Tracker, Multiple Sports Modes & IP68 (Deep Blue)",Electronics|WearableTechnology|SmartWatches,Electronics,WearableTechnology,1499.0,6990.0,79.0,3.9,21796.0,5491.0,mid,high,high,https://m.media-amazon.com/images/I/41fjUA7leTL._SX300_SY300_QL70_ML2_.jpg,https://www.amazon.in/boAt-Wave-Lite-Smartwatch-Multiple/dp/B09V17S2BG/ref=sr_1_127?qid=1672895784&s=electronics&sr=1-127,1,72.56894617817395,4,1.258666510692322,1.3570740486025596,barato com alto desconto
B096MSW6CT,"Sounce Fast Phone Charging Cable & Data Sync USB Cable Compatible for iPhone 13, 12,11, X, 8, 7, 6, 5, iPad Air, Pro, Mini & iOS Devices",Computers&Accessories|Accessories&Peripherals|Cables&Accessories|Cables|USBCables,Computers&Accessories,Accessories&Peripherals,199.0,1899.0,90.0,3.9,7928.0,1700.0,budget,high,high,https://m.media-amazon.com/images/W/WEBP_402378-T1/images/I/31IvNJZnmdL._SY445_SX342_QL70_FMwebp_.jpg,https://www.amazon.in/Sounce-iPhone-Charging-Compatible-Devices/dp/B096MSW6CT/ref=sr_1_3?qid=1672909124&s=electronics&sr=1-3,3,72.51167098787116,4,1.3211762230214381,1.8086354381055287,barato com alto desconto
B09BW334ML,Dealfreez Case Compatible with Fire TV Stick 3rd Gen 2021 Full Wrap Silicone Remote Cover Anti-Lost with Loop (D-Black),"Electronics|HomeTheater,TV&Video|Accessories|RemoteControls",Electronics,"HomeTheater,TV&Video",349.0,1499.0,77.0,4.3,4145.0,1150.0,budget,high,high,https://m.media-amazon.com/images/I/41pA1xo-mIL._SX300_SY300_QL70_FMwebp_.jpg,https://www.amazon.in/Dealfreez-Compatible-Silicone-Anti-Lost-D-Black/dp/B09BW334ML/ref=sr_1_112?qid=1672909129&s=electronics&sr=1-112,1,72.47506316580463,4,1.5949751896282751,0.7245375779543255,barato com alto desconto
B07JPJJZ2H,"Wayona Nylon Braided Lightning USB Data Sync & 3A Charging Cable for iPhones, iPad Air, iPad Mini, iPod Nano and iPod Touch (3 FT Pack of 1, Grey)",Computers&Accessories|Accessories&Peripherals|Cables&Accessories|Cables|USBCables,Computers&Accessories,Accessories&Peripherals,399.0,1299.0,69.0,4.2,13120.0,900.0,budget,high,high,https://m.media-amazon.com/images/I/41bkm5HhWsL._SY445_SX342_QL70_FMwebp_.jpg,https://www.amazon.in/Wayona-Nylon-Braided-Charging-iPhones/dp/B07JPJJZ2H/ref=sr_1_186?qid=1672909133&s=electronics&sr=1-186,1,72.41225873696222,4,1.4059916315985197,0.6521335433677176,barato com alto desconto
B08LHTJTBB,"Dyazo 6 Angles Adjustable Aluminum Ergonomic Foldable Portable Tabletop Laptop/Desktop Riser Stand Holder Compatible for MacBook, HP, Dell, Lenovo & All Other Notebook (Silver)",Computers&Accessories|Accessories&Peripherals|LaptopAccessories|NotebookComputerStands,Computers&Accessories,Accessories&Peripherals,599.0,1999.0,70.0,4.4,4736.0,1400.0,mid,high,high,https://m.media-amazon.com/images/W/WEBP_402378-T1/images/I/41bvBlmqDdL._SX300_SY300_QL70_FMwebp_.jpg,https://www.amazon.in/Dyazo-Computer-Adjustable-Ergonomic-Compatible/dp/B08LHTJTBB/ref=sr_1_228?qid=1672903006&s=computers&sr=1-228,1,72.33976305298482,4,1.6010842470224742,0.3277460707405459,barato com alto desconto
B09SJ1FTYV,Sounce Protective Case Cover Compatible Boat Xtend Overall Protective Case TPU HD Clear Ultra-Thin Cover with Unbreakable Screen Guard,Electronics|Mobiles&Accessories|MobileAccessories|Cases&Covers|BasicCases,Electronics,Mobiles&Accessories,199.0,1899.0,90.0,4.0,4740.0,1700.0,budget,high,high,https://m.media-amazon.com/images/I/4155YhLwDiL._SX300_SY300_QL70_ML2_.jpg,https://www.amazon.in/Sounce-Protective-Case-Xtend-Unbreakable/dp/B09SJ1FTYV/ref=sr_1_329?qid=1672895842&s=electronics&sr=1-329,1,72.32806832652626,4,1.4098557790632344,1.637971606210899,barato com alto desconto
B073BRXPZX,"Lenovo 300 Wired Plug & Play USB Mouse, High Resolution 1600 DPI Optical Sensor, 3-Button Design with clickable Scroll Wheel, Ambidextrous, Ergonomic Mouse for Comfortable All-Day Grip (GX30M39704)","Computers&Accessories|Accessories&Peripherals|Keyboards,Mice&InputDevices|Mice",Computers&Accessories,Accessories&Peripherals,289.0,590.0,51.0,4.4,25886.0,301.0,budget,high,high,https://m.media-amazon.com/images/W/WEBP_402378-T1/images/I/41NF7VStoSL._SX300_SY300_QL70_FMwebp_.jpg,https://www.amazon.in/Lenovo-GX30M39704-300-USB-Mouse/dp/B073BRXPZX/ref=sr_1_226?qid=1672903006&s=computers&sr=1-226,1,72.29604921396813,4,1.4870446425051114,-0.23749397131650402,barato com alto desconto
B07TR5HSR9,MemeHo® Smart Standard Multi-Purpose Laptop Table with Dock Stand/Study Table/Bed Table/Foldable and Portable/Ergonomic & Rounded Edges/Non-Slip Legs/Engineered Wood with Cup Holder (Black),Computers&Accessories|Accessories&Peripherals|LaptopAccessories|Lapdesks,Computers&Accessories,Accessories&Peripherals,656.0,1499.0,56.0,4.3,25903.0,843.0,mid,high,high,https://m.media-amazon.com/images/I/51EJirBX6bL._SY300_SX300_QL70_FMwebp_.jpg,https://www.amazon.in/Multi-Purpose-Foldable-Portable-Ergonomic-Non-Slip/dp/B07TR5HSR9/ref=sr_1_98?qid=1672903000&s=computers&sr=1-98,1,72.29443950648545,4,1.4333221119683188,0.05231120539095132,barato com alto desconto
B00A0VCJPI,"TP-Link TL-WA850RE Single_Band 300Mbps RJ45 Wireless Range Extender, Broadband/Wi-Fi Extender, Wi-Fi Booster/Hotspot with 1 Ethernet Port, Plug and Play, Built-in Access Point Mode, White",Computers&Accessories|NetworkingDevices|Repeaters&Extenders,Computers&Accessories,NetworkingDevices,1469.0,2499.0,41.0,4.2,156638.0,1030.0,mid,medium,high,https://m.media-amazon.com/images/W/WEBP_402378-T1/images/I/21n1BGPOHBL._SX300_SY300_QL70_FMwebp_.jpg,https://www.amazon.in/TP-Link-TL-WA850RE-300Mbps-Universal-Extender/dp/B00A0VCJPI/ref=sr_1_127?qid=1672903001&s=computers&sr=1-127,1,72.27975345481234,2,2.3562147883599036,-0.6301210002271872,segmento misto
B076B8G5D8,Boya ByM1 Auxiliary Omnidirectional Lavalier Condenser Microphone with 20ft Audio Cable (Black),MusicalInstruments|Microphones|Condenser,MusicalInstruments,Microphones,798.0,1995.0,60.0,4.0,68664.0,1197.0,mid,high,high,https://m.media-amazon.com/images/I/41UYenF+lnL._SX300_SY300_.jpg,https://www.amazon.in/Boya-Omnidirectional-Lavalier-Condenser-Microphone/dp/B076B8G5D8/ref=sr_1_32?qid=1672902996&s=computers&sr=1-32,1,72.23370013587535,4,1.5242062011397137,0.5690391217367801,barato com alto desconto
B084PJSSQ1,"SanDisk Ultra Dual Drive Luxe USB Type C Flash Drive (Silver, 128 GB, 5Y - SDDDC4-128G-I35)",Computers&Accessories|ExternalDevices&DataStorage|PenDrives,Computers&Accessories,ExternalDevices&DataStorage,1299.0,3000.0,57.0,4.3,23022.0,1701.0,mid,high,high,https://m.media-amazon.com/images/W/WEBP_402378-T2/images/I/41IZ3JvOvwL._SX300_SY300_QL70_FMwebp_.jpg,https://www.amazon.in/SanDisk-Ultra-Drive-Flash-128GB/dp/B084PJSSQ1/ref=sr_1_119?qid=1672903000&s=computers&sr=1-119,1,72.21262387169254,4,1.4063321262981145,0.03676477052238716,barato com alto desconto
B07F1P8KNV,"Wayona Nylon Braided Usb Type C 3Ft 1M 3A Fast Charger Cable For Samsung Galaxy S9 S8 (Wc3Cb1, Black)",Computers&Accessories|Accessories&Peripherals|Cables&Accessories|Cables|USBCables,Computers&Accessories,Accessories&Peripherals,325.0,1099.0,70.0,4.2,10576.0,774.0,budget,high,high,https://m.media-amazon.com/images/W/WEBP_402378-T1/images/I/41DXzzwydTL._SX300_SY300_QL70_FMwebp_.jpg,https://www.amazon.in/Wayona-Charger-Samsung-Galaxy-Wc3Cb1/dp/B07F1P8KNV/ref=sr_1_338?qid=1672909141&s=electronics&sr=1-338,1,72.04247448559478,4,1.369004748053529,0.6940629901639502,barato com alto desconto
B083GKDRKR,"Havells Aqua Plus 1.2 litre Double Wall Kettle / 304 Stainless Steel Inner Body / Cool touch outer body / Wider mouth/ 2 Year warranty (Black, 1500 Watt)",Home&Kitchen|Kitchen&HomeAppliances|SmallKitchenAppliances|Kettles&HotWaterDispensers|ElectricKettles,Home&Kitchen,Kitchen&HomeAppliances,1625.0,2995.0,46.0,4.5,23484.0,1370.0,mid,medium,high,https://m.media-amazon.com/images/I/31S74o1sCSS._SY300_SX300_QL70_FMwebp_.jpg,https://www.amazon.in/HAVELLS-Kettle-Coffee-Boiler-Stainless/dp/B083GKDRKR/ref=sr_1_30?qid=1672923591&s=kitchen&sr=1-30,1,72.0123626146143,4,1.4712283409649936,-0.6573000049606712,barato com alto desconto
B082T6GVG9,"AmazonBasics New Release ABS USB-A to Lightning Cable Cord, Fast Charging MFi Certified Charger for Apple iPhone, iPad Tablet (3-Ft, White)",Computers&Accessories|Accessories&Peripherals|Cables&Accessories|Cables|USBCables,Computers&Accessories,Accessories&Peripherals,689.0,1500.0,54.0,4.2,42301.0,811.0,mid,high,high,https://m.media-amazon.com/images/I/31R8-XSK40L._SX342_SY445_QL70_FMwebp_.jpg,https://www.amazon.in/AmazonBasics-Lightning-USB-Cable-Certified/dp/B082T6GVG9/ref=sr_1_153?qid=1672909131&s=electronics&sr=1-153,1,71.87580240464277,4,1.396033368819198,0.1274736222053847,barato com alto desconto
B07RZZ1QSW,SLOVIC® Tripod Mount Adapter| Tripod Mobile Holder|Tripod Phone Mount(Made in India)| Smartphone Clip Clipper 360 Degree for Taking Magic Video Shots & Pictures.,Electronics|Cameras&Photography|Accessories|Tripods&Monopods|Tabletop&TravelTripods,Electronics,Cameras&Photography,326.0,799.0,59.0,4.4,10773.0,473.0,budget,high,high,https://m.media-amazon.com/images/I/51fYe0OSURL._SX300_SY300_QL70_FMwebp_.jpg,https://www.amazon.in/SLOVIC%C2%AE-Adapter-Smartphone-Clipper-Pictures/dp/B07RZZ1QSW/ref=sr_1_421?qid=1672903016&s=computers&sr=1-421,1,71.83804181825586,4,1.4351736536472819,0.027013842023890417,barato com alto desconto
B01D5H8ZI8,AmazonBasics 3 Feet High Speed HDMI Male to Female 2.0 Extension Cable,"Electronics|HomeTheater,TV&Video|Accessories|Cables|HDMICables",Electronics,"HomeTheater,TV&Video",229.0,595.0,62.0,4.3,12835.0,366.0,budget,high,high,https://m.media-amazon.com/images/I/41Rg-JkRGgL._SY300_SX300_QL70_FMwebp_.jpg,https://www.amazon.in/AmazonBasics-Speed-Female-Extension-Cable/dp/B01D5H8ZI8/ref=sr_1_141?qid=1672909130&s=electronics&sr=1-141,1,71.8191150932133,4,1.3722999010339183,0.29269705444961036,barato com alto desconto
B08D11DZ2W,"Boult Audio AirBass PowerBuds with Inbuilt Powerbank, 120H Total Playtime, IPX7 Fully Waterproof, Lightning Boult Type-C Fast Charging, Low Latency Gaming, TWS Earbuds with Pro+ Calling Mic (Black)","Electronics|Headphones,Earbuds&Accessories|Headphones|In-Ear",Electronics,"Headphones,Earbuds&Accessories",1499.0,8999.0,83.0,3.7,28324.0,7500.0,mid,high,high,https://m.media-amazon.com/images/I/41vEB+mY55L._SY300_SX300_.jpg,https://www.amazon.in/Boult-Audio-PowerBuds-Wireless-Waterproof/dp/B08D11DZ2W/ref=sr_1_69?qid=1672902997&s=computers&sr=1-69,1,71.73883301380857,4,1.0570295165746193,1.8116849851509549,barato com alto desconto
B08WJ86PV2,RPM Euro Games Gaming Mousepad Speed Type Extended Large (Size - 800 mm x 300 mm x 3 mm),"Computers&Accessories|Accessories&Peripherals|Keyboards,Mice&InputDevices|Keyboard&MiceAccessories|MousePads",Computers&Accessories,Accessories&Peripherals,299.0,990.0,70.0,4.5,2453.0,691.0,budget,high,high,https://m.media-amazon.com/images/W/WEBP_402378-T2/images/I/41J8nz5uEUL._SX300_SY300_QL70_FMwebp_.jpg,https://www.amazon.in/Games-Gaming-Mousepad-Speed-Large/dp/B08WJ86PV2/ref=sr_1_321?qid=1672903011&s=computers&sr=1-321,1,71.73316520042354,4,1.6692817262164175,0.17951046579367275,barato com alto desconto
B00UGZWM2I,COI Note Pad/Memo Book with Sticky Notes & Clip Holder with Pen for Gifting,"OfficeProducts|OfficePaperProducts|Paper|Stationery|Notebooks,WritingPads&Diaries|Notepads&MemoBooks",OfficeProducts,OfficePaperProducts,198.0,800.0,75.0,4.1,9344.0,602.0,budget,high,high,https://m.media-amazon.com/images/W/WEBP_402378-T1/images/I/41oLhpKArFL._SY300_SX300_QL70_FMwebp_.jpg,https://www.amazon.in/COI-Sticky-Notes-Holder-Gifting/dp/B00UGZWM2I/ref=sr_1_128?qid=1672903001&s=computers&sr=1-128,1,71.6736441618302,4,1.279876531649691,1.0281011747356632,barato com alto desconto
B07Z53L5QL,"ProElite Faux Leather Smart Flip Case Cover for Apple iPad 10.2"" 9th Gen (2021) / 8th Gen / 7th Gen with Stylus Pen, Black","Computers&Accessories|Accessories&Peripherals|TabletAccessories|Bags,Cases&Sleeves|Cases",Computers&Accessories,Accessories&Peripherals,549.0,1499.0,63.0,4.3,11006.0,950.0,mid,high,high,https://m.media-amazon.com/images/W/WEBP_402378-T1/images/I/31bMTTJF1xL._SY300_SX300_QL70_FMwebp_.jpg,https://www.amazon.in/ProElite-Smart-Generation-Stylus-Translucent/dp/B07Z53L5QL/ref=sr_1_289?qid=1672903010&s=computers&sr=1-289,1,71.6316475585204,4,1.3518881193360224,0.30038213640273953,barato com alto desconto
B08JQN8DGZ,"boAt Airdopes 121v2 in-Ear True Wireless Earbuds with Upto 14 Hours Playback, 8MM Drivers, Battery Indicators, Lightweight Earbuds & Multifunction Controls (Active Black, with Mic)","Electronics|Headphones,Earbuds&Accessories|Headphones|In-Ear",Electronics,"Headphones,Earbuds&Accessories",1299.0,2990.0,57.0,3.8,180998.0,1691.0,mid,high,high,https://m.media-amazon.com/images/I/31KjuRb9oNL._SX300_SY300_QL70_FMwebp_.jpg,https://www.amazon.in/Airdopes-121v2-Bluetooth-Immersive-Assistant/dp/B08JQN8DGZ/ref=sr_1_8?qid=1672902995&s=computers&sr=1-8,1,71.62810257685892,2,2.289514947848482,0.4807380085327227,segmento misto
B0756CLQWL,"Redgear Pro Wireless Gamepad with 2.4GHz Wireless Technology, Integrated Dual Intensity Motor, Illuminated Keys for PC(Compatible with Windows 7/8/8.1/10 only)",Computers&Accessories|Accessories&Peripherals|PCGamingPeripherals|Gamepads,Computers&Accessories,Accessories&Peripherals,1699.0,3999.0,58.0,4.2,25488.0,2300.0,mid,high,high,https://m.media-amazon.com/images/W/WEBP_402378-T1/images/I/41n2MqMIH5L._SX300_SY300_QL70_FMwebp_.jpg,https://www.amazon.in/Redgear-Pro-Wireless-Gamepad-Black/dp/B0756CLQWL/ref=sr_1_162?qid=1672903002&s=computers&sr=1-162,1,71.44538321562118,4,1.2466916520101328,0.20694945043807492,barato com alto desconto
B07X963JNS,"URBN 10000 mAh Lithium Power Bank UPR10K with 12 Watt Fast Charging, Blue",Electronics|Mobiles&Accessories|MobileAccessories|Chargers|PowerBanks,Electronics,Mobiles&Accessories,900.0,2499.0,64.0,4.0,36384.0,1599.0,mid,high,high,https://m.media-amazon.com/images/I/31Oj5BsHwdL._SX300_SY300_QL70_FMwebp_.jpg,https://www.amazon.in/URBN-Li-Polymer-Charge-Compact-Certification/dp/B07X963JNS/ref=sr_1_356?qid=1672903012&s=computers&sr=1-356,1,71.42426546798598,4,1.1992370347539527,0.7674677735354754,barato com alto desconto
B08BCKN299,"Sounce Gold Plated 3.5 mm Headphone Splitter for Computer 2 Male to 1 Female 3.5mm Headphone Mic Audio Y Splitter Cable Smartphone Headset to PC Adapter – (Black,20cm)","Electronics|Headphones,Earbuds&Accessories|Adapters",Electronics,"Headphones,Earbuds&Accessories",120.0,999.0,88.0,3.9,6491.0,879.0,budget,high,high,https://m.media-amazon.com/images/I/41jmiwgyu8L._SX300_SY300_QL70_ML2_.jpg,https://www.amazon.in/Sounce-Plated-Headphone-Earphone-Splitter/dp/B08BCKN299/ref=sr_1_375?qid=1672895857&s=electronics&sr=1-375,2,71.38995762978371,4,1.183570063227431,1.7657207052276827,barato com alto desconto
B094JB13XL,"Noise ColorFit Ultra Smart Watch with 1.75"" HD Display, Aluminium Alloy Body, 60 Sports Modes, Spo2, Lightweight, Stock Market Info, Calls & SMS Reply (Space Blue)",Electronics|WearableTechnology|SmartWatches,Electronics,WearableTechnology,2499.0,5999.0,58.0,4.1,38879.0,3500.0,premium,high,high,https://m.media-amazon.com/images/I/41YBVJ+UTxL._SY300_SX300_.jpg,https://www.amazon.in/Noise-ColorFit-Bezel-Less-TruView-Display/dp/B094JB13XL/ref=sr_1_365?qid=1672903013&s=computers&sr=1-365,1,71.35748402231428,4,1.2296945237586323,0.2839453094976379,barato com alto desconto
B07JNVF678,"Wayona Nylon Braided USB Data Sync and Fast Charging 3A Short Power Bank Cable For iPhones, iPad Air, iPad mini, iPod Nano and iPod Touch (Grey)",Computers&Accessories|Accessories&Peripherals|Cables&Accessories|Cables|USBCables,Computers&Accessories,Accessories&Peripherals,349.0,999.0,65.0,4.2,13120.0,650.0,budget,high,high,https://m.media-amazon.com/images/W/WEBP_402378-T2/images/I/41c80KrMZgL._SY445_SX342_QL70_FMwebp_.jpg,https://www.amazon.in/Wayona-Nylon-Braided-Charging-iPhones/dp/B07JNVF678/ref=sr_1_117?qid=1672909129&s=electronics&sr=1-117,1,71.34842894972817,4,1.2525022235466932,0.5469120419708993,barato com alto desconto
B01DEWVZ2C,"JBL C100SI Wired In Ear Headphones with Mic, JBL Pure Bass Sound, One Button Multi-function Remote, Angled Buds for Comfort fit (Black)","Electronics|Headphones,Earbuds&Accessories|Headphones|In-Ear",Electronics,"Headphones,Earbuds&Accessories",599.0,999.0,40.0,4.1,192590.0,400.0,mid,medium,high,https://m.media-amazon.com/images/I/31NnmYempPL._SX300_SY300_QL70_ML2_.jpg,https://www.amazon.in/JBL-C100SI-Ear-Headphones-Black/dp/B01DEWVZ2C/ref=sr_1_16?qid=1672895748&s=electronics&sr=1-16,2,71.28993138458333,2,2.5018806178573536,-0.509851816603494,segmento misto
B07R99NBVB,"Gizga Essentials Cable Organiser, Cord Management System for PC, TV, Home Theater, Speaker & Cables, Reusable Cable Organizer for Desk, WFH Accessories, Organizer Tape Roll, Reusable Cable Ties Strap",HomeImprovement|Electrical|CordManagement,HomeImprovement,Electrical,249.0,599.0,58.0,4.5,5985.0,350.0,budget,high,high,https://m.media-amazon.com/images/I/51llGK9TR+L._SY300_SX300_.jpg,https://www.amazon.in/Essentials-Reusable-Double-Organizer-Length/dp/B07R99NBVB/ref=sr_1_444?qid=1672903017&s=computers&sr=1-444,1,71.1718793077319,4,1.4528034651895867,-0.15967564675377446,barato com alto desconto
B0BP89YBC1,Campfire Spring Chef Prolix Instant Portable Water Heater Geyser 1Ltr. for Use Home Stainless Steel Baking Rack | Restaurant | Office | Labs | Clinics | Saloon | with Installation Kit (With MCB),"Home&Kitchen|Heating,Cooling&AirQuality|WaterHeaters&Geysers|InstantWaterHeaters",Home&Kitchen,"Heating,Cooling&AirQuality",1499.0,3500.0,57.0,4.7,2591.0,2001.0,mid,high,high,https://m.media-amazon.com/images/W/WEBP_402378-T1/images/I/41hoHTbN5rL._SX300_SY300_QL70_FMwebp_.jpg,https://www.amazon.in/Spring-Chef-Stainless-Restaurant-Installation/dp/B0BP89YBC1/ref=sr_1_419?qid=1672923613&s=kitchen&sr=1-419,1,71.10376098419768,4,1.6504120890879228,-0.6390062156729756,barato com alto desconto
B09BNXQ6BR,"Noise ColorFit Ultra SE Smart Watch with 1.75""(4.3cm) HD Display, Aluminium Alloy Body, 60 Sports Modes, Spo2, Lightweight, Stock Market Info, Calls & SMS Reply (Vintage Brown)",Electronics|WearableTechnology|SmartWatches,Electronics,WearableTechnology,2799.0,6499.0,57.0,4.1,38879.0,3700.0,premium,high,high,https://m.media-amazon.com/images/I/41AGCk95dpL._SX300_SY300_QL70_ML2_.jpg,https://www.amazon.in/Noise-ColorFit-Ultra-SE-Smartwatch/dp/B09BNXQ6BR/ref=sr_1_303?qid=1672895835&s=electronics&sr=1-303,1,71.09152657550577,4,1.187184786961796,0.23241096895371147,barato com alto desconto
B0746JGVDS,"ELV Car Mount Adjustable Car Phone Holder Universal Long Arm, Windshield for Smartphones - Black",Electronics|Mobiles&Accessories|MobileAccessories|AutomobileAccessories|Cradles,Electronics,Mobiles&Accessories,349.0,999.0,65.0,3.9,46399.0,650.0,budget,high,high,https://m.media-amazon.com/images/I/41ZK4aM4zgL._SX300_SY300_QL70_ML2_.jpg,https://www.amazon.in/Adjustable-Holder-Universal-Windshield-Smartphones/dp/B0746JGVDS/ref=sr_1_26?qid=1672895755&s=electronics&sr=1-26,1,71.07407279674511,4,1.1622445803843573,0.9916915979288311,barato com alto desconto
B07WG8PDCW,"pTron Bullet Pro 36W PD Quick Charger, 3 Port Fast Car Charger Adapter - Compatible with All Smartphones & Tablets (Black)",Electronics|Mobiles&Accessories|MobileAccessories|Chargers|AutomobileChargers,Electronics,Mobiles&Accessories,349.0,1299.0,73.0,4.0,14282.0,950.0,budget,high,high,https://m.media-amazon.com/images/I/41LZP1CmYRL._SX300_SY300_QL70_ML2_.jpg,https://www.amazon.in/PTron-Bullet-Pro-Lightweight-Smartphones/dp/B07WG8PDCW/ref=sr_1_20?qid=1672895748&s=electronics&sr=1-20,2,71.05971632643049,4,1.1087983950335514,1.1273899203593603,barato com alto desconto
B08TGG316Z,"10k 8k 4k HDMI Cable, Certified 48Gbps 1ms Ultra High Speed HDMI 2.1 Cable 4k 120Hz 144Hz 2k 165Hz 8k 60Hz Dynamic HDR ARC eARC DTS:X Compatible for Mac Gaming PC Soundbar TV Monitor Laptop PS5 4 Xbox","Electronics|HomeTheater,TV&Video|Accessories|Cables|HDMICables",Electronics,"HomeTheater,TV&Video",999.0,2399.0,58.0,4.6,3664.0,1400.0,mid,high,high,https://m.media-amazon.com/images/W/WEBP_402378-T1/images/I/41+AJMzMo7L._SX342_SY445_.jpg,https://www.amazon.in/Cable-Certified-48Gbps-Ultra-Dynamic/dp/B08TGG316Z/ref=sr_1_156?qid=1672909131&s=electronics&sr=1-156,1,71.0581351642513,4,1.5459412905109633,-0.3935437836503782,barato com alto desconto
B08CF3B7N1,"Portronics Konnect L 1.2M Fast Charging 3A 8 Pin USB Cable with Charge & Sync Function for iPhone, iPad (Grey)",Computers&Accessories|Accessories&Peripherals|Cables&Accessories|Cables|USBCables,Computers&Accessories,Accessories&Peripherals,154.0,399.0,61.0,4.2,16905.0,245.0,budget,high,high,https://m.media-amazon.com/images/W/WEBP_402378-T2/images/I/31VzNhhqifL._SX300_SY300_QL70_FMwebp_.jpg,https://www.amazon.in/Portronics-Konnect-POR-1080-Charging-Function/dp/B08CF3B7N1/ref=sr_1_5?qid=1672909124&s=electronics&sr=1-5,3,71.0321982429034,4,1.1989759083271545,0.4409326608858199,barato com alto desconto
B07W14CHV8,"CARECASE® Optical Bay 2nd Hard Drive Caddy, 9.5 mm CD/DVD Drive Slot for SSD and HDD",Computers&Accessories|Accessories&Peripherals|HardDriveAccessories|Caddies,Computers&Accessories,Accessories&Peripherals,199.0,799.0,75.0,4.1,7333.0,600.0,budget,high,high,https://m.media-amazon.com/images/W/WEBP_402378-T1/images/I/51ca6eZ+j3L._SY300_SX300_.jpg,https://www.amazon.in/Optical-Drive-Caddy-Universal-9-5mm/dp/B07W14CHV8/ref=sr_1_483?qid=1672903019&s=computers&sr=1-483,1,70.95888698235733,4,1.2024964371220999,1.0352699763060258,barato com alto desconto
B0B8SSC5D9,"AmazonBasics USB C to Lightning Aluminum with Nylon Braided MFi Certified Charging Cable (Grey, 1.8 meter)",Computers&Accessories|Accessories&Peripherals|Cables&Accessories|Cables|USBCables,Computers&Accessories,Accessories&Peripherals,949.0,1999.0,53.0,4.4,13552.0,1050.0,mid,high,high,https://m.media-amazon.com/images/W/WEBP_402378-T1/images/I/514S7MylddL._SX300_SY300_QL70_FMwebp_.jpg,https://www.amazon.in/AmazonBasics-Lightning-Aluminum-Certified-Charging/dp/B0B8SSC5D9/ref=sr_1_206?qid=1672909134&s=electronics&sr=1-206,1,70.91915658040698,4,1.2778682358501583,-0.19657391660722523,barato com alto desconto
B0B8SRZ5SV,"AmazonBasics USB C to Lightning Aluminum with Nylon Braided MFi Certified Charging Cable (Grey, 1.2 meter)",Computers&Accessories|Accessories&Peripherals|Cables&Accessories|Cables|USBCables,Computers&Accessories,Accessories&Peripherals,949.0,1999.0,53.0,4.4,13552.0,1050.0,mid,high,high,https://m.media-amazon.com/images/I/41JooboBmuL._SX300_SY300_QL70_FMwebp_.jpg,https://www.amazon.in/AmazonBasics-Lightning-Aluminum-Certified-Charging/dp/B0B8SRZ5SV/ref=sr_1_203?qid=1672909134&s=electronics&sr=1-203,1,70.91915658040698,4,1.2778682358501583,-0.19657391660722523,barato com alto desconto
B07XLCFSSN,"Amazonbasics Nylon Braided Usb-C To Lightning Cable, Fast Charging Mfi Certified Smartphone, Iphone Charger (6-Foot, Dark Grey)",Computers&Accessories|Accessories&Peripherals|Cables&Accessories|Cables|USBCables,Computers&Accessories,Accessories&Peripherals,899.0,1900.0,53.0,4.4,13552.0,1001.0,mid,high,high,https://m.media-amazon.com/images/I/3183iGEWksL._SX300_SY300_QL70_FMwebp_.jpg,https://www.amazon.in/AmazonBasics-Apple-Certified-Lightning-Charging/dp/B07XLCFSSN/ref=sr_1_40?qid=1672909125&s=electronics&sr=1-40,3,70.91915658040698,4,1.278530217415579,-0.19253728217606975,barato com alto desconto
B09J2MM5C6,Amozo Ultra Hybrid Camera and Drop Protection Back Cover Case for iPhone 13 (TPU + Polycarbonate | Crystal Transparent),Electronics|Mobiles&Accessories|MobileAccessories|Cases&Covers|BasicCases,Electronics,Mobiles&Accessories,279.0,1499.0,81.0,4.2,2646.0,1220.0,budget,high,high,https://m.media-amazon.com/images/I/41cYSMom9TL._SX300_SY300_QL70_ML2_.jpg,https://www.amazon.in/Amozo-Cover-iPhone-Polycarbonate-Transparent/dp/B09J2MM5C6/ref=sr_1_148?qid=1672895791&s=electronics&sr=1-148,1,70.88200700003284,4,1.3875622265337946,1.0293273723958067,barato com alto desconto
B08TR61BVK,"Tabelito® Polyester Foam, Nylon Hybrid laptopss Bag Sleeve Case Cover Pouch for laptopss Apple/Dell/Lenovo/ Asus/ Hp/Samsung/Mi/MacBook/Ultrabook/Thinkpad/Ideapad/Surfacepro (15.6 inches /39.6cm, Blue) laptopsss",Computers&Accessories|Accessories&Peripherals|LaptopAccessories|Bags&Sleeves|LaptopSleeves&Slipcases,Computers&Accessories,Accessories&Peripherals,299.0,1499.0,80.0,4.2,2868.0,1200.0,budget,high,high,https://m.media-amazon.com/images/I/41oLMkm5cfL._SY300_SX300_QL70_FMwebp_.jpg,https://www.amazon.in/Tabelito-Sleeve-15-6-Inch-MacBook-Protective/dp/B08TR61BVK/ref=sr_1_404?qid=1672903014&s=computers&sr=1-404,1,70.85360334448157,4,1.3699281137027712,0.9992845121985715,barato com alto desconto
B00V4BGDKU,TP-Link UE300 USB 3.0 to RJ45 Gigabit Ethernet Network Adapter - Plug and Play,Computers&Accessories|NetworkingDevices|NetworkAdapters|WirelessUSBAdapters,Computers&Accessories,NetworkingDevices,1099.0,1899.0,42.0,4.5,22420.0,800.0,mid,medium,high,https://m.media-amazon.com/images/W/WEBP_402378-T1/images/I/219039qa+PL._SY300_SX300_.jpg,https://www.amazon.in/TP-Link-TL-UE300-Gigabit-Ethernet-Network/dp/B00V4BGDKU/ref=sr_1_110?qid=1672909129&s=electronics&sr=1-110,1,70.81177614416825,4,1.3023224162710263,-0.720733948326654,barato com alto desconto
B0B8ZWNR5T,"STRIFF 12 Pieces Highly Flexible Silicone Micro USB Protector, Mouse Cable Protector, Suit for All Cell Phones, Computers and Chargers (Black)",Electronics|Mobiles&Accessories|MobileAccessories|Décor,Electronics,Mobiles&Accessories,79.0,499.0,84.0,4.2,1949.0,420.0,budget,high,high,https://m.media-amazon.com/images/I/41R0DrIbTNL._SX300_SY300_QL70_ML2_.jpg,https://www.amazon.in/STRIFF-Flexible-Silicone-Protector-Computers/dp/B0B8ZWNR5T/ref=sr_1_250?qid=1672895821&s=electronics&sr=1-250,1,70.7784774391824,4,1.4269796099307468,1.131221331983881,barato com alto desconto
B081FG1QYX,"Wayona Type C Cable Nylon Braided USB C QC 3.0 Fast Charging Short Power Bank Cable for Samsung Galaxy S10e/S10+/S10/S9/S9+/Note 9/S8/Note 8, LG G7 G5 G6, Moto G6 G7 (0.25M, Black)",Computers&Accessories|Accessories&Peripherals|Cables&Accessories|Cables|USBCables,Computers&Accessories,Accessories&Peripherals,339.0,999.0,66.0,4.3,6255.0,660.0,budget,high,high,https://m.media-amazon.com/images/I/41-NYo+m0JL._SY300_SX300_.jpg,https://www.amazon.in/Wayona-Braided-Charging-Samsung-Galaxy/dp/B081FG1QYX/ref=sr_1_180?qid=1672909133&s=electronics&sr=1-180,1,70.76300311106965,4,1.2892614845738202,0.41636301625214867,barato com alto desconto
B081FJWN52,"Wayona Usb Type C To Usb Nylon Braided Quick Charger Fast Charging Short Cable For Smartphone (Samsung Galaxy S21/S20/S10/S9/S9+/Note 9/S8/Note 8, Lg G7 G5 G6, Moto G6 G7) (0.25M,Grey)",Computers&Accessories|Accessories&Peripherals|Cables&Accessories|Cables|USBCables,Computers&Accessories,Accessories&Peripherals,339.0,999.0,66.0,4.3,6255.0,660.0,budget,high,high,https://m.media-amazon.com/images/I/41etMsrKqTL._SX300_SY300_QL70_FMwebp_.jpg,https://www.amazon.in/Wayona-Braided-Charger-Charging-Samsung/dp/B081FJWN52/ref=sr_1_273?qid=1672909138&s=electronics&sr=1-273,1,70.76300311106965,4,1.2892614845738202,0.41636301625214867,barato com alto desconto
B01D5H90L4,AmazonBasics - High-Speed Male to Female HDMI Extension Cable - 6 Feet,"Electronics|HomeTheater,TV&Video|Accessories|Cables|HDMICables",Electronics,"HomeTheater,TV&Video",299.0,700.0,57.0,4.4,8714.0,401.0,budget,high,high,https://m.media-amazon.com/images/I/41BIgj-8fML._SY300_SX300_QL70_FMwebp_.jpg,https://www.amazon.in/AmazonBasics-High-Speed-Female-Extension-Cable/dp/B01D5H90L4/ref=sr_1_335?qid=1672909140&s=electronics&sr=1-335,1,70.68053794401936,4,1.2876972242549205,-0.018222701813504272,barato com alto desconto
B08CFCK6CW,"Boult Audio Truebuds with 30H Playtime, IPX7 Waterproof, Lightning Boult™ Type C Fast Charging (10 Min=100Mins), BoomX™ Tech Rich Bass, Pro+ Calling HD Mic, Touch Controls in Ear Earbuds TWS (Grey)","Electronics|Headphones,Earbuds&Accessories|Headphones|In-Ear",Electronics,"Headphones,Earbuds&Accessories",1199.0,7999.0,85.0,3.6,25910.0,6800.0,mid,high,high,https://m.media-amazon.com/images/W/WEBP_402378-T1/images/I/31bUanm+oRL._SY300_SX300_.jpg,https://www.amazon.in/Boult-Audio-TrueBuds-Wireless-Waterproof/dp/B08CFCK6CW/ref=sr_1_215?qid=1672903005&s=computers&sr=1-215,1,70.67466909906253,4,0.8507049909964772,2.0809749886312816,barato com alto desconto
B08CTQP51L,Robustrion [Anti-Scratch] & [Smudge Proof] [S Pen Compatible] Premium Tempered Glass Screen Protector for Samsung Tab S6 Lite 10.4 inch SM-P610/615 [Bubble Free],Computers&Accessories|Accessories&Peripherals|TabletAccessories|ScreenProtectors,Computers&Accessories,Accessories&Peripherals,379.0,1499.0,75.0,4.2,4149.0,1120.0,budget,high,high,https://m.media-amazon.com/images/W/WEBP_402378-T1/images/I/41PJLOoFNWL._SX300_SY300_QL70_FMwebp_.jpg,https://www.amazon.in/Robustrion-Anti-Scratch-Samsung-Tab-Lite/dp/B08CTQP51L/ref=sr_1_390?qid=1672903014&s=computers&sr=1-390,1,70.61265933366691,4,1.2758893930526332,0.8503838769526326,barato com alto desconto
B07JPX9CR7,"Dell WM118 Wireless Mouse, 2.4 Ghz with USB Nano Receiver, Optical Tracking, 12-Months Battery Life, Ambidextrous, Pc/Mac/Laptop - Black.","Computers&Accessories|Accessories&Peripherals|Keyboards,Mice&InputDevices|Mice",Computers&Accessories,Accessories&Peripherals,569.0,1299.0,56.0,4.4,9275.0,730.0,mid,high,high,https://m.media-amazon.com/images/I/31959YGwwiL._SX300_SY300_QL70_FMwebp_.jpg,https://www.amazon.in/DELL-WM118-Wireless-Optical-Mouse/dp/B07JPX9CR7/ref=sr_1_68?qid=1672902997&s=computers&sr=1-68,1,70.59859284777849,4,1.2659431676996868,-0.06932705263858681,barato com alto desconto
B07P681N66,"TP-Link AC600 600 Mbps WiFi Wireless Network USB Adapter for Desktop PC with 2.4GHz/5GHz High Gain Dual Band 5dBi Antenna Wi-Fi, Supports Windows 11/10/8.1/8/7/XP, Mac OS 10.15 and earlier (Archer T2U Plus)",Computers&Accessories|NetworkingDevices|NetworkAdapters|WirelessUSBAdapters,Computers&Accessories,NetworkingDevices,1199.0,2199.0,45.0,4.4,24780.0,1000.0,mid,medium,high,https://m.media-amazon.com/images/I/216Q4FqmZVL._SX300_SY300_QL70_FMwebp_.jpg,https://www.amazon.in/TP-Link-Wireless-Adapter-Archer-T2U/dp/B07P681N66/ref=sr_1_54?qid=1672909126&s=electronics&sr=1-54,2,70.57151251368154,4,1.222257229080391,-0.47138293474060594,barato com alto desconto
B07S7DCJKS,"IT2M Designer Mouse Pad for Laptop/Computer (9.2 X 7.6 Inches, 12788)","Computers&Accessories|Accessories&Peripherals|Keyboards,Mice&InputDevices|Keyboard&MiceAccessories|MousePads",Computers&Accessories,Accessories&Peripherals,199.0,499.0,60.0,4.3,9998.0,300.0,budget,high,high,https://m.media-amazon.com/images/W/WEBP_402378-T1/images/I/31I1oK5hM1L._SY300_SX300_QL70_FMwebp_.jpg,https://www.amazon.in/IT2M-Designer-Laptop-Computer-12788/dp/B07S7DCJKS/ref=sr_1_303?qid=1672903010&s=computers&sr=1-303,1,70.5504733436255,4,1.2080957286487863,0.25018067847948894,barato com alto desconto
B07Z1X6VFC,"AirCase Protective Laptop Bag Sleeve fits Upto 13.3"" Laptop/ MacBook, Wrinkle Free, Padded, Waterproof Light Neoprene case Cover Pouch, for Men & Women, Black- 6 Months Warranty",Computers&Accessories|Accessories&Peripherals|LaptopAccessories|Bags&Sleeves|LaptopSleeves&Slipcases,Computers&Accessories,Accessories&Peripherals,449.0,999.0,55.0,4.4,9940.0,550.0,budget,high,high,https://m.media-amazon.com/images/I/41GogihEYeL._SX300_SY300_QL70_FMwebp_.jpg,https://www.amazon.in/AirCase-13-Inch-13-3-Inch-MacBook-Neoprene/dp/B07Z1X6VFC/ref=sr_1_185?qid=1672903004&s=computers&sr=1-185,1,70.53686002068685,4,1.2520202723224043,-0.08928747934914777,barato com alto desconto
B08PPHFXG3,Posh 1.5 Meter High Speed Gold Plated HDMI Male to Female Extension Cable (Black),"Electronics|HomeTheater,TV&Video|Accessories|Cables|HDMICables",Electronics,"HomeTheater,TV&Video",173.0,999.0,83.0,4.3,1237.0,826.0,budget,high,high,https://m.media-amazon.com/images/W/WEBP_402378-T2/images/I/41-VkhORGAL._SX300_SY300_QL70_FMwebp_.jpg,https://www.amazon.in/Meter-Speed-Plated-Female-Extension/dp/B08PPHFXG3/ref=sr_1_238?qid=1672909135&s=electronics&sr=1-238,1,70.5057381759833,4,1.515160929826166,0.9181172874668561,barato com alto desconto
B082T6V3DT,"AmazonBasics New Release Nylon USB-A to Lightning Cable Cord, Fast Charging MFi Certified Charger for Apple iPhone, iPad (6-Ft, Rose Gold)",Computers&Accessories|Accessories&Peripherals|Cables&Accessories|Cables|USBCables,Computers&Accessories,Accessories&Peripherals,799.0,2100.0,62.0,4.3,8188.0,1301.0,mid,high,high,https://m.media-amazon.com/images/I/31kw1RgU5yL._SX300_SY300_QL70_FMwebp_.jpg,https://www.amazon.in/AmazonBasics-Nylon-Braided-Lightning-Cable/dp/B082T6V3DT/ref=sr_1_57?qid=1672909126&s=electronics&sr=1-57,3,70.49336545931214,4,1.211915196234858,0.2627878288694226,barato com alto desconto
B0BM9H2NY9,Multifunctional 2 in 1 Electric Egg Boiling Steamer Egg Frying Pan Egg Boiler Electric Automatic Off with Egg Boiler Machine Non-Stick Electric Egg Frying Pan-Tiger Woods (Multy),Home&Kitchen|Kitchen&HomeAppliances|SmallKitchenAppliances|EggBoilers,Home&Kitchen,Kitchen&HomeAppliances,699.0,1599.0,56.0,4.7,2300.0,900.0,mid,high,high,https://m.media-amazon.com/images/W/WEBP_402378-T1/images/I/51IE+nI0KGL._SY300_SX300_.jpg,https://www.amazon.in/Multifunctional-Electric-Automatic-Non-Stick-Pan-Tiger/dp/B0BM9H2NY9/ref=sr_1_294?qid=1672923606&s=kitchen&sr=1-294,1,70.48654313877762,4,1.5915443609211157,-0.6001960262793651,barato com alto desconto
B08WRWPM22,"boAt Micro USB 55 Tangle-free, Sturdy Micro USB Cable with 3A Fast Charging & 480mbps Data Transmission (Black)",Computers&Accessories|Accessories&Peripherals|Cables&Accessories|Cables|USBCables,Computers&Accessories,Accessories&Peripherals,176.63,499.0,65.0,4.1,15188.0,322.37,budget,high,high,https://m.media-amazon.com/images/W/WEBP_402378-T2/images/I/41jlwEZpa5L._SX300_SY300_QL70_FMwebp_.jpg,https://www.amazon.in/boAt-Micro-USB-Tangle-Free-Transmission/dp/B08WRWPM22/ref=sr_1_8?qid=1672909124&s=electronics&sr=1-8,3,70.44679708726802,4,1.0683215937136767,0.736886625527972,barato com alto desconto
B01C8P29N0,"Bajaj DX-6 1000W Dry Iron with Advance Soleplate and Anti-bacterial German Coating Technology, White","Home&Kitchen|Kitchen&HomeAppliances|Vacuum,Cleaning&Ironing|Irons,Steamers&Accessories|Irons|DryIrons",Home&Kitchen,Kitchen&HomeAppliances,625.0,1400.0,55.0,4.2,23316.0,775.0,mid,high,high,https://m.media-amazon.com/images/W/WEBP_402378-T2/images/I/31ke2NdHJ-L._SY300_SX300_QL70_FMwebp_.jpg,https://www.amazon.in/Bajaj-Majesty-1000-Watt-Iron-White/dp/B01C8P29N0/ref=sr_1_26?qid=1672923591&s=kitchen&sr=1-26,1,70.38480356748957,4,1.1022724265016712,0.21853673460652834,barato com alto desconto
B09BCNQ9R2,"DYAZO USB 3.0 Type C Female to USB A Male Connector/Converter/Adapter Compatible for Samsung Galaxy Note s 20 10 Plus Ultra,Google Pixel 4 5 3 2 & Other Type-c Devices",Electronics|Mobiles&Accessories|MobileAccessories|Cables&Adapters|OTGAdapters,Electronics,Mobiles&Accessories,139.0,499.0,72.0,4.2,4971.0,360.0,budget,high,high,https://m.media-amazon.com/images/I/4111qlSCaKL._SY300_SX300_QL70_ML2_.jpg,https://www.amazon.in/Connector-Converter-Adapter-Compatible-Samsung/dp/B09BCNQ9R2/ref=sr_1_497?qid=1672895894&s=electronics&sr=1-497,1,70.34782725508428,4,1.2142502912745279,0.7843770531988117,barato com alto desconto
B01M5967SY,"TIZUM High Speed HDMI Cable Aura -Gold Plated-High Speed Data 10.2Gbps, 3D, 4K, HD 1080P (10 Ft/ 3 M)","Electronics|HomeTheater,TV&Video|Accessories|Cables|HDMICables",Electronics,"HomeTheater,TV&Video",379.0,999.0,62.0,4.2,12153.0,620.0,budget,high,high,https://m.media-amazon.com/images/I/51aZN040THL._SX300_SY300_QL70_FMwebp_.jpg,https://www.amazon.in/Tizum-10-2Gbps-Speed-Plated-Cable/dp/B01M5967SY/ref=sr_1_468?qid=1672909147&s=electronics&sr=1-468,1,70.32474516839069,4,1.1086721962359227,0.4657995851392798,barato com alto desconto
B08R69VDHT,"Pinnaclz Original Combo of 2 Micro USB Fast Charging Cable, USB Charging Cable for Data Transfer Perfect for Android Smart Phones White 1.2 Meter Made in India (Pack of 2)",Computers&Accessories|Accessories&Peripherals|Cables&Accessories|Cables|USBCables,Computers&Accessories,Accessories&Peripherals,115.0,499.0,77.0,4.0,7732.0,384.0,budget,high,high,https://m.media-amazon.com/images/I/41gFqSHngyL._SX300_SY300_QL70_FMwebp_.jpg,https://www.amazon.in/Pinnaclz-Original-Micro-USB-Charging/dp/B08R69VDHT/ref=sr_1_82?qid=1672909128&s=electronics&sr=1-82,3,70.31372797973209,4,1.055304264952591,1.2781282631054944,barato com alto desconto
B08FYB5HHK,"TP-Link UE300C USB Type-C to RJ45 Gigabit Ethernet Network Adapter/RJ45 LAN Wired Adapter for Ultrabook, Chromebook, Laptop, Desktop, Plug & Play, USB 3.0, Foldable and Portable Design",Computers&Accessories|NetworkingDevices|NetworkAdapters|PowerLANAdapters,Computers&Accessories,NetworkingDevices,1199.0,1999.0,40.0,4.5,22420.0,800.0,mid,medium,high,https://m.media-amazon.com/images/I/21uJX5AqizL._SX300_SY300_QL70_FMwebp_.jpg,https://www.amazon.in/TP-Link-UE300C-Ethernet-Ultrabook-Chromebook/dp/B08FYB5HHK/ref=sr_1_395?qid=1672903014&s=computers&sr=1-395,1,70.27986125055124,4,1.2239227583315617,-0.7834362851029519,barato com alto desconto
B09YV575RK,"Fire-Boltt Ring Pro Bluetooth Calling, 1.75” 320*385px High Res, IP68 & SpO2 Monitoring, Pin Code Locking Functionality & Split Screen Access, Built in Mic & Speaker for HD Calls, Black, Free Size",Electronics|WearableTechnology|SmartWatches,Electronics,WearableTechnology,2499.0,9999.0,75.0,4.0,9090.0,7500.0,premium,high,high,https://m.media-amazon.com/images/W/WEBP_402378-T2/images/I/415mk3uip9L._SX300_SY300_QL70_FMwebp_.jpg,https://www.amazon.in/Fire-Boltt-Bluetooth-Calling-Monitoring-Functionality/dp/B09YV575RK/ref=sr_1_308?qid=1672903010&s=computers&sr=1-308,1,70.25902906930716,4,0.9984762840435519,1.0261477212383927,barato com alto desconto
B004IO5BMQ,"Logitech M235 Wireless Mouse, 1000 DPI Optical Tracking, 12 Month Life Battery, Compatible with Windows, Mac, Chromebook/PC/Laptop","Computers&Accessories|Accessories&Peripherals|Keyboards,Mice&InputDevices|Mice",Computers&Accessories,Accessories&Peripherals,699.0,995.0,30.0,4.5,54405.0,296.0,mid,medium,high,https://m.media-amazon.com/images/I/31CtVvtFt+L._SY300_SX300_.jpg,https://www.amazon.in/Logitech-M235-Wireless-Mouse-Grey/dp/B004IO5BMQ/ref=sr_1_163?qid=1672903002&s=computers&sr=1-163,1,70.23507060737265,4,1.3789520935662705,-1.114228880103039,barato com alto desconto
B07ZKD8T1Q,Cuzor 12V Mini ups for WiFi Router | Power Backup up to 4 Hours | Replaceable Battery | Ups for Wi-Fi Router and Modem | Ups for Router up to 2A | ups for uninterrupted wi-fi,Computers&Accessories|NetworkingDevices|Routers,Computers&Accessories,NetworkingDevices,1499.0,2999.0,50.0,4.5,8656.0,1500.0,mid,medium,high,https://m.media-amazon.com/images/W/WEBP_402378-T2/images/I/31VtFl2O33L._SX300_SY300_QL70_FMwebp_.jpg,https://www.amazon.in/Cuzor-Router-Switching-Moisture-Resistant/dp/B07ZKD8T1Q/ref=sr_1_246?qid=1672903007&s=computers&sr=1-246,1,70.13247313394163,4,1.2417665223168275,-0.48901097129466026,barato com alto desconto
B07M69276N,"TP-Link AC1300 USB WiFi Adapter (Archer T3U) - 2.4G/5G Dual Band Mini Wireless Network Adapter for PC Desktop, MU-MIMO Wi-Fi Dongle, USB 3.0, Supports Windows 11,10, 8.1, 8, 7, XP/Mac OS 10.15 and earlier",Computers&Accessories|NetworkingDevices|NetworkAdapters|WirelessUSBAdapters,Computers&Accessories,NetworkingDevices,1399.0,2499.0,44.0,4.4,23169.0,1100.0,mid,medium,high,https://m.media-amazon.com/images/W/WEBP_402378-T1/images/I/31IdziegWVL._SX300_SY300_QL70_FMwebp_.jpg,https://www.amazon.in/TP-Link-Archer-T3U-Wireless-MU-MIMO/dp/B07M69276N/ref=sr_1_190?qid=1672909133&s=electronics&sr=1-190,1,70.10728372281721,4,1.1488871745138818,-0.509775823426877,barato com alto desconto
B09WN3SRC7,Sony Bravia 164 cm (65 inches) 4K Ultra HD Smart LED Google TV KD-65X74K (Black),"Electronics|HomeTheater,TV&Video|Televisions|SmartTelevisions",Electronics,"HomeTheater,TV&Video",77990.0,139900.0,44.0,4.7,5935.0,61910.0,luxury,medium,high,https://m.media-amazon.com/images/I/51uVckL1jRL._SY300_SX300_QL70_FMwebp_.jpg,https://www.amazon.in/Sony-Bravia-inches-Google-KD-65X74K/dp/B09WN3SRC7/ref=sr_1_291?qid=1672909138&s=electronics&sr=1-291,1,70.09040044675888,3,0.3652931269286005,-7.18395420870433,premium bem avaliado
B00NNQMYNE,"AirCase Rugged Hard Drive Case for 2.5-inch Western Digital, Seagate, Toshiba, Portable Storage Shell for Gadget Hard Disk USB Cable Power Bank Mobile Charger Earphone, Waterproof (Black)",Computers&Accessories|Accessories&Peripherals|HardDiskBags,Computers&Accessories,Accessories&Peripherals,299.0,499.0,40.0,4.5,21010.0,200.0,budget,medium,high,https://m.media-amazon.com/images/W/WEBP_402378-T2/images/I/51E0xvwRCpL._SX300_SY300_QL70_FMwebp_.jpg,https://www.amazon.in/AirCase-External-Drive-2-5-Inch-Black/dp/B00NNQMYNE/ref=sr_1_155?qid=1672903002&s=computers&sr=1-155,1,70.08827668236815,4,1.2062329141241388,-0.7063053699244669,barato com alto desconto
B08CF3D7QR,Portronics Konnect L POR-1081 Fast Charging 3A Type-C Cable 1.2Meter with Charge & Sync Function for All Type-C Devices (Grey),Computers&Accessories|Accessories&Peripherals|Cables&Accessories|Cables|USBCables,Computers&Accessories,Accessories&Peripherals,154.0,339.0,55.0,4.3,13391.0,185.0,budget,high,high,https://m.media-amazon.com/images/I/31dJ+lXJq3L._SY300_SX300_.jpg,https://www.amazon.in/Portronics-POR-1081-Charging-1-2Meter-Function/dp/B08CF3D7QR/ref=sr_1_12?qid=1672909124&s=electronics&sr=1-12,3,70.08248876309807,4,1.1191444482736415,0.10568920739038196,barato com alto desconto
B071SDRGWL,"boAt Type-c A400 Type-c to USB A Cable for All Type C Phones (Lg nexus 5x), 1Mtr(Black)",Computers&Accessories|Accessories&Peripherals|Cables&Accessories|Cables|USBCables,Computers&Accessories,Accessories&Peripherals,349.0,699.0,50.0,4.3,20850.0,350.0,budget,medium,high,https://m.media-amazon.com/images/I/41alINWQKXL._SX300_SY300_QL70_FMwebp_.jpg,https://www.amazon.in/Indestructible-Type-C-Cable-Type-Phones/dp/B071SDRGWL/ref=sr_1_158?qid=1672909131&s=electronics&sr=1-158,1,70.05863686308753,4,1.1037655594689646,-0.07085851087605043,barato com alto desconto
B01J0XWYKQ,"Logitech B170 Wireless Mouse, 2.4 GHz with USB Nano Receiver, Optical Tracking, 12-Months Battery Life, Ambidextrous, PC/Mac/Laptop - Black","Computers&Accessories|Accessories&Peripherals|Keyboards,Mice&InputDevices|Mice",Computers&Accessories,Accessories&Peripherals,599.0,895.0,33.0,4.4,61314.0,296.0,mid,medium,high,https://m.media-amazon.com/images/W/WEBP_402378-T2/images/I/31y-oJ1XnqL._SX300_SY300_QL70_FMwebp_.jpg,https://www.amazon.in/Logitech-B170-Wireless-Mouse-Black/dp/B01J0XWYKQ/ref=sr_1_6?qid=1672902995&s=computers&sr=1-6,1,70.05223894524141,4,1.352422941912278,-0.8620499852317338,barato com alto desconto
B0859M539M,"TP-LINK AC1300 Archer T3U Plus High Gain USB 3.0 Wi-Fi Dongle, Wireless Dual Band MU-MIMO WiFi Adapter with High Gain Antenna, Supports Windows 11/10/8.1/8/7/XP/MacOS",Computers&Accessories|NetworkingDevices|NetworkAdapters|WirelessUSBAdapters,Computers&Accessories,NetworkingDevices,1699.0,2999.0,43.0,4.4,24780.0,1300.0,mid,medium,high,https://m.media-amazon.com/images/W/WEBP_402378-T1/images/I/21jLkYGoSEL._SX300_SY300_QL70_FMwebp_.jpg,https://www.amazon.in/TP-LINK-T3U-Wireless-MU-MIMO-Supports/dp/B0859M539M/ref=sr_1_160?qid=1672909131&s=electronics&sr=1-160,1,70.03959762006453,4,1.1385617186175607,-0.5663783469661479,barato com alto desconto
B098K3H92Z,"TP-Link USB Bluetooth Adapter for PC, 5.0 Bluetooth Dongle Receiver (UB500) Supports Windows 11/10/8.1/7 for Desktop, Laptop, Mouse, Keyboard, Printers, Headsets, Speakers, PS4/ Xbox Controllers",Computers&Accessories|NetworkingDevices|NetworkAdapters|BluetoothAdapters,Computers&Accessories,NetworkingDevices,599.0,899.0,33.0,4.3,95116.0,300.0,mid,medium,high,https://m.media-amazon.com/images/W/WEBP_402378-T1/images/I/31TZq2dY-hL._SX300_SY300_QL70_FMwebp_.jpg,https://www.amazon.in/TP-Link-Bluetooth-Receiver-UB500-Controllers/dp/B098K3H92Z/ref=sr_1_117?qid=1672903000&s=computers&sr=1-117,1,70.01404175367391,4,1.5577933142068923,-0.7798168865130676,barato com alto desconto
B06XSK3XL6,boAt Dual Port Rapid Car Charger (Qualcomm Certified) with Quick Charge 3.0 + Free Micro USB Cable - (Black),Electronics|Mobiles&Accessories|MobileAccessories|Chargers|AutomobileChargers,Electronics,Mobiles&Accessories,571.0,999.0,43.0,4.3,38221.0,428.0,mid,medium,high,https://m.media-amazon.com/images/I/41fRp5O-PrL._SX300_SY300_QL70_FMwebp_.jpg,https://www.amazon.in/Dual-Charger-Qualcomm-Certified-Charge/dp/B06XSK3XL6/ref=sr_1_137?qid=1672903001&s=computers&sr=1-137,1,69.98444247461691,4,1.1502059612362439,-0.3339396866585635,barato com alto desconto
B09Z6WH2N1,"STRIFF 12 Pieces Highly Flexible Silicone Micro USB Protector, Mouse Cable Protector, Suit for All Cell Phones, Computers and Chargers (White)",Electronics|Mobiles&Accessories|MobileAccessories|Décor,Electronics,Mobiles&Accessories,95.0,499.0,81.0,4.2,1949.0,404.0,budget,high,high,https://m.media-amazon.com/images/I/31SKRsp7Y1L._SX300_SY300_QL70_ML2_.jpg,https://www.amazon.in/STRIFF-Flexible-Silicone-Protector-Computers/dp/B09Z6WH2N1/ref=sr_1_169?qid=1672895799&s=electronics&sr=1-169,2,69.98060509875685,4,1.311154233616876,1.0479860070949312,barato com alto desconto
B08HLZ28QC,Oakter Mini UPS for 12V WiFi Router Broadband Modem | Backup Upto 4 Hours | WiFi Router UPS Power Backup During Power Cuts | UPS for 12V Router Broadband Modem | Current Surge & Deep Discharge Protection,Computers&Accessories|NetworkingDevices,Computers&Accessories,NetworkingDevices,1199.0,3490.0,66.0,4.1,11716.0,2291.0,mid,high,high,https://m.media-amazon.com/images/W/WEBP_402378-T2/images/I/31PfpEPlg-L._SX300_SY300_QL70_FMwebp_.jpg,https://www.amazon.in/Mini-UPS-Router-WiFi-12V/dp/B08HLZ28QC/ref=sr_1_83?qid=1672902998&s=computers&sr=1-83,1,69.94723312009872,4,0.9970406469576277,0.6932533993288554,barato com alto desconto
B07W6VWZ8C,"Infinity (JBL Fuze Pint, Wireless Ultra Portable Mini Speaker with Mic, Deep Bass, Dual Equalizer, Bluetooth 5.0 with Voice Assistant Support for Mobiles (Black)",Electronics|HomeAudio|Speakers|OutdoorSpeakers,Electronics,HomeAudio,899.0,1999.0,55.0,4.1,30469.0,1100.0,mid,high,high,https://m.media-amazon.com/images/I/41Qf-pUQr9L._SX300_SY300_QL70_FMwebp_.jpg,https://www.amazon.in/Infinity-Fuze-Pint-Portable-Wireless/dp/B07W6VWZ8C/ref=sr_1_184?qid=1672903004&s=computers&sr=1-184,1,69.8406748212783,4,0.992411820302557,0.35700734533543815,barato com alto desconto
B0759QMF85,"TP-Link AC750 Dual Band Wireless Cable Router, 4 10/100 LAN + 10/100 WAN Ports, Support Guest Network and Parental Control, 750Mbps Speed Wi-Fi, 3 Antennas (Archer C20) Blue, 2.4 GHz",Computers&Accessories|NetworkingDevices|Routers,Computers&Accessories,NetworkingDevices,1529.0,2399.0,36.0,4.3,68409.0,870.0,mid,medium,high,https://m.media-amazon.com/images/W/WEBP_402378-T1/images/I/41c7bJo7ooL._SX300_SY300_QL70_FMwebp_.jpg,https://www.amazon.in/TP-Link-Archer-C20-Wireless-Router/dp/B0759QMF85/ref=sr_1_187?qid=1672903004&s=computers&sr=1-187,1,69.83974700646478,4,1.3117899557182107,-0.6935071087912159,barato com alto desconto
B09NVPSCQT,"Noise ColorFit Pulse Grand Smart Watch with 1.69""(4.29cm) HD Display, 60 Sports Modes, 150 Watch Faces, Fast Charge, Spo2, Stress, Sleep, Heart Rate Monitoring & IP68 Waterproof (Jet Black)",Electronics|WearableTechnology|SmartWatches,Electronics,WearableTechnology,1599.0,3999.0,60.0,4.0,30254.0,2400.0,mid,high,high,https://m.media-amazon.com/images/I/41qqmdUWnhL._SX300_SY300_QL70_ML2_.jpg,https://www.amazon.in/Noise-ColorFit-Display-Monitoring-Smartwatches/dp/B09NVPSCQT/ref=sr_1_28?qid=1672895755&s=electronics&sr=1-28,2,69.81624194895448,4,0.9301017081049344,0.6206470873709015,barato com alto desconto
B006LW0WDQ,Amazon Basics 16-Gauge Speaker Wire - 50 Feet,"Electronics|HomeTheater,TV&Video|Accessories|Cables|SpeakerCables",Electronics,"HomeTheater,TV&Video",399.0,795.0,50.0,4.4,12091.0,396.0,budget,medium,high,https://m.media-amazon.com/images/W/WEBP_402378-T2/images/I/41vJcrdr5mL._SY300_SX300_QL70_FMwebp_.jpg,https://www.amazon.in/AmazonBasics-16-Gauge-Speaker-Wire-Feet/dp/B006LW0WDQ/ref=sr_1_263?qid=1672909136&s=electronics&sr=1-263,1,69.78483727129984,4,1.1278813350105683,-0.22920885516149997,barato com alto desconto
B09P22HXH6,"Lenovo 300 FHD Webcam with Full Stereo Dual Built-in mics | FHD 1080P 2.1 Megapixel CMOS Camera |Privacy Shutter | Ultra-Wide 95 Lens | 360 Rotation | Flexible Mount, Plug-n-Play | Cloud Grey",Computers&Accessories|Accessories&Peripherals|Audio&VideoAccessories|Webcams&VoIPEquipment|Webcams,Computers&Accessories,Accessories&Peripherals,1890.0,5490.0,66.0,4.1,10976.0,3600.0,mid,high,high,https://m.media-amazon.com/images/W/WEBP_402378-T1/images/I/31psvbJkfOL._SY300_SX300_QL70_FMwebp_.jpg,https://www.amazon.in/Lenovo-Megapixel-Ultra-Wide-Rotation-Plug-n-Play/dp/B09P22HXH6/ref=sr_1_323?qid=1672903011&s=computers&sr=1-323,1,69.75480290743464,4,0.9650410140358858,0.6399953459511122,barato com alto desconto
B09TT6BFDX,Cotbolt Silicone Protective Case Cover for LG an MR21GA Magic Remote Shockproof for LG Smart TV Remote 2021 Protective Skin Waterproof Anti Lost (Black) (Remote Not Included),"Electronics|HomeTheater,TV&Video|Accessories|RemoteControls",Electronics,"HomeTheater,TV&Video",399.0,1999.0,80.0,4.5,505.0,1600.0,budget,high,medium,https://m.media-amazon.com/images/W/WEBP_402378-T2/images/I/41dNwzNOc3L._SX300_SY300_QL70_FMwebp_.jpg,https://www.amazon.in/Cotbolt-Silicone-Protective-Shockproof-Waterproof/dp/B09TT6BFDX/ref=sr_1_127?qid=1672909130&s=electronics&sr=1-127,1,69.7354455494849,4,1.6628032081021107,0.45943675840046083,barato com alto desconto
B08FY4FG5X,"Boult Audio Bass Buds Q2 Lightweight Stereo Wired Over Ear Headphones Set with Mic with Deep Bass, Comfortable Ear Cushions, & Long Cord (Black)","Electronics|Headphones,Earbuds&Accessories|Headphones|Over-Ear",Electronics,"Headphones,Earbuds&Accessories",649.0,2499.0,74.0,3.9,13049.0,1850.0,mid,high,high,https://m.media-amazon.com/images/I/31IO--RzGbL._SX300_SY300_QL70_FMwebp_.jpg,https://www.amazon.in/Boult-Audio-Wired-Lightweight-Comfortable/dp/B08FY4FG5X/ref=sr_1_371?qid=1672903013&s=computers&sr=1-371,1,69.72604163380493,4,0.8677340641369543,1.3175044911593152,barato com alto desconto
B01M72LILF,"Logitech M221 Wireless Mouse, Silent Buttons, 2.4 GHz with USB Mini Receiver, 1000 DPI Optical Tracking, 18-Month Battery Life, Ambidextrous PC / Mac / Laptop - Charcoal Grey","Computers&Accessories|Accessories&Peripherals|Keyboards,Mice&InputDevices|Mice",Computers&Accessories,Accessories&Peripherals,799.0,1295.0,38.0,4.4,34852.0,496.0,mid,medium,high,https://m.media-amazon.com/images/I/31ROHZJMEUL._SX300_SY300_QL70_FMwebp_.jpg,https://www.amazon.in/Logitech-Silent-Wireless-Mouse-Charcoal/dp/B01M72LILF/ref=sr_1_106?qid=1672903000&s=computers&sr=1-106,1,69.71581950534728,4,1.1404124116442351,-0.6615165685636576,barato com alto desconto
B07Z3K96FR,Robustrion Tempered Glass Screen Protector for iPad 10.2 inch 9th Gen Generation 2021 8th Gen 2020 7th Gen 2019,Computers&Accessories|Accessories&Peripherals|TabletAccessories|ScreenProtectors,Computers&Accessories,Accessories&Peripherals,399.0,1499.0,73.0,4.1,5730.0,1100.0,budget,high,high,https://m.media-amazon.com/images/I/41cOH84GhGL._SX300_SY300_QL70_FMwebp_.jpg,https://www.amazon.in/Robustrion-Anti-Scratch-iPad-10-2-inch/dp/B07Z3K96FR/ref=sr_1_160?qid=1672903002&s=computers&sr=1-160,1,69.69950001788747,4,1.048548069827009,0.9705846441569279,barato com alto desconto
B08JMC1988,"boAt Stone 180 5W Bluetooth Speaker with Upto 10 Hours Playback, 1.75"" Driver, IPX7 & TWS Feature(Black)",Electronics|HomeAudio|Speakers|OutdoorSpeakers,Electronics,HomeAudio,999.0,2490.0,60.0,4.1,18331.0,1491.0,mid,high,high,https://m.media-amazon.com/images/W/WEBP_402378-T2/images/I/41aZf9i-QzL._SX300_SY300_QL70_FMwebp_.jpg,https://www.amazon.in/boAt-Stone-Bluetooth-Speaker-Black/dp/B08JMC1988/ref=sr_1_243?qid=1672903007&s=computers&sr=1-243,1,69.67176783824615,4,0.9409018870714857,0.5237022586326473,barato com alto desconto
B01MF8MB65,boAt Bassheads 225 in Ear Wired Earphones with Mic(Blue),"Electronics|Headphones,Earbuds&Accessories|Headphones|In-Ear",Electronics,"Headphones,Earbuds&Accessories",699.0,999.0,30.0,4.1,273189.0,300.0,mid,medium,high,https://m.media-amazon.com/images/I/3101FmUqUOL._SX300_SY300_QL70_FMwebp_.jpg,https://www.amazon.in/boAt-BassHeads-225-Special-Headphones/dp/B01MF8MB65/ref=sr_1_191?qid=1672903004&s=computers&sr=1-191,1,69.66154640510736,2,3.0178951304243977,-1.027076734658513,segmento misto
B0BM4KTNL1,"FIGMENT Handheld Milk Frother Rechargeable, 3-Speed Electric Frother for Coffee with 2 Whisks and Coffee Decoration Tool, Coffee Frother Mixer, CRESCENT ENTERPRISES VRW0.50BK (A1)",Home&Kitchen|Kitchen&HomeAppliances|SmallKitchenAppliances|HandBlenders,Home&Kitchen,Kitchen&HomeAppliances,699.0,1599.0,56.0,4.7,1729.0,900.0,mid,high,high,https://m.media-amazon.com/images/I/51oN+8Zs5YL._SY300_SX300_.jpg,https://www.amazon.in/FIGMENT-Rechargeable-Decoration-ENTERPRISES-A1/dp/B0BM4KTNL1/ref=sr_1_240?qid=1672923603&s=kitchen&sr=1-240,1,69.64524053220842,4,1.5187668012937126,-0.59687668173958,barato com alto desconto
B08461VC1Z,"Scarters Mouse Pad, Desk Mat Extended for Work from Home/Office/Gaming | Vegan PU Leather | Anti-Skid, Anti-Slip, Reversible Splash-Proof – Deskspread ~ Navy Blue & Yellow","Computers&Accessories|Accessories&Peripherals|Keyboards,Mice&InputDevices|Keyboard&MiceAccessories|MousePads",Computers&Accessories,Accessories&Peripherals,999.0,1995.0,50.0,4.5,7317.0,996.0,mid,medium,high,https://m.media-amazon.com/images/I/31rWKVEYZOL._SX300_SY300_QL70_FMwebp_.jpg,https://www.amazon.in/Scarters-Office-Keyboard-Splash-Proof-Leather/dp/B08461VC1Z/ref=sr_1_410?qid=1672903016&s=computers&sr=1-410,1,69.63684212884765,4,1.1953030461340508,-0.44377866286289597,barato com alto desconto
B08MWJTST6,"Tukzer Fully Foldable Tabletop Desktop Tablet Mobile Stand Holder - Angle & Height Adjustable for Desk, Cradle, Dock, Compatible with Smartphones & Tablets (White)",Electronics|Mobiles&Accessories|MobileAccessories|Stands,Electronics,Mobiles&Accessories,279.0,1299.0,79.0,4.0,5072.0,1020.0,budget,high,high,https://m.media-amazon.com/images/I/41Msi1CS2WL._SX300_SY300_QL70_FMwebp_.jpg,https://www.amazon.in/Tukzer-Foldable-Adjustable-Compatible-Smartphones/dp/B08MWJTST6/ref=sr_1_442?qid=1672903017&s=computers&sr=1-442,1,69.60218046550516,4,1.0041513680898584,1.3296950099541938,barato com alto desconto
B0718ZN31Q,Rts™ High Speed 3D Full HD 1080p Support (10 Meters) HDMI Male to HDMI Male Cable TV Lead 1.4V for All Hdmi Devices- Black (10M - 30 FEET),"Electronics|HomeTheater,TV&Video|Accessories|Cables|HDMICables",Electronics,"HomeTheater,TV&Video",598.0,4999.0,88.0,4.2,910.0,4401.0,mid,high,medium,https://m.media-amazon.com/images/I/41+H-BiHBlS._SX300_SY300_.jpg,https://www.amazon.in/RTSTM-Support-10-Meters-Devices/dp/B0718ZN31Q/ref=sr_1_249?qid=1672909136&s=electronics&sr=1-249,1,69.59751016318077,4,1.3850053726446838,1.2060293744730863,barato com alto desconto
B07Z1YVP72,"AirCase Protective Laptop Bag Sleeve fits Upto 15.6"" Laptop/ MacBook, Wrinkle Free, Padded, Waterproof Light Neoprene case Cover Pouch, for Men & Women, Black- 6 Months Warranty",Computers&Accessories|Accessories&Peripherals|LaptopAccessories|Bags&Sleeves|LaptopSleeves&Slipcases,Computers&Accessories,Accessories&Peripherals,449.0,999.0,55.0,4.3,11330.0,550.0,budget,high,high,https://m.media-amazon.com/images/I/41GogihEYeL._SX300_SY300_QL70_FMwebp_.jpg,https://www.amazon.in/AirCase-15-6-Inch-MacBook-Protective-Neoprene/dp/B07Z1YVP72/ref=sr_1_232?qid=1672903006&s=computers&sr=1-232,1,69.58955960882355,4,1.055019294782657,0.08882957271203168,barato com alto desconto
B0B5CGTBKV,"boAt Wave Call Smart Watch, Smart Talk with Advanced Dedicated Bluetooth Calling Chip, 1.69” HD Display with 550 NITS & 70% Color Gamut, 150+ Watch Faces, Multi-Sport Modes,HR,SpO2(Caribbean Green)",Electronics|WearableTechnology|SmartWatches,Electronics,WearableTechnology,1999.0,7990.0,75.0,3.8,17833.0,5991.0,mid,high,high,https://m.media-amazon.com/images/I/4141l8ZBWXL._SX300_SY300_QL70_ML2_.jpg,https://www.amazon.in/boAt-Wave-Call-Dedicated-Multi-Sport/dp/B0B5CGTBKV/ref=sr_1_128?qid=1672895784&s=electronics&sr=1-128,1,69.57989234676168,4,0.7685532296036389,1.4030374128005674,barato com alto desconto
B0B5D39BCD,"boAt Wave Call Smart Watch, Smart Talk with Advanced Dedicated Bluetooth Calling Chip, 1.69” HD Display with 550 NITS & 70% Color Gamut, 150+ Watch Faces, Multi-Sport Modes, HR, SpO2, IP68(Deep Blue)",Electronics|WearableTechnology|SmartWatches,Electronics,WearableTechnology,1999.0,7990.0,75.0,3.8,17831.0,5991.0,mid,high,high,https://m.media-amazon.com/images/I/41R9fDKo6iL._SX300_SY300_QL70_ML2_.jpg,https://www.amazon.in/boAt-Wave-Call-Dedicated-Multi-Sport/dp/B0B5D39BCD/ref=sr_1_90?qid=1672895770&s=electronics&sr=1-90,1,69.57956154014528,4,0.768506535429118,1.4030438719976441,barato com alto desconto
B0B5DDJNH4,"boAt Wave Call Smart Watch, Smart Talk with Advanced Dedicated Bluetooth Calling Chip, 1.69” HD Display with 550 NITS & 70% Color Gamut, 150+ Watch Faces, Multi-Sport Modes, HR, SpO2, IP68(Mauve)",Electronics|WearableTechnology|SmartWatches,Electronics,WearableTechnology,1999.0,7990.0,75.0,3.8,17831.0,5991.0,mid,high,high,https://m.media-amazon.com/images/I/411q-oMvehL._SX300_SY300_QL70_ML2_.jpg,https://www.amazon.in/boAt-Wave-Call-Dedicated-Multi-Sport/dp/B0B5DDJNH4/ref=sr_1_60?qid=1672895762&s=electronics&sr=1-60,1,69.57956154014528,4,0.768506535429118,1.4030438719976441,barato com alto desconto
B0B5B6PQCT,"boAt Wave Call Smart Watch, Smart Talk with Advanced Dedicated Bluetooth Calling Chip, 1.69” HD Display with 550 NITS & 70% Color Gamut, 150+ Watch Faces, Multi-Sport Modes,HR,SpO2, IP68(Active Black)",Electronics|WearableTechnology|SmartWatches,Electronics,WearableTechnology,1999.0,7990.0,75.0,3.8,17831.0,5991.0,mid,high,high,https://m.media-amazon.com/images/I/41d69zua5LL._SX300_SY300_QL70_ML2_.jpg,https://www.amazon.in/boAt-Wave-Call-Dedicated-Multi-Sport/dp/B0B5B6PQCT/ref=sr_1_5?qid=1672895748&s=electronics&sr=1-5,2,69.57956154014528,4,0.768506535429118,1.4030438719976441,barato com alto desconto
B0BBW521YC,"LAPSTER 12pcs Spiral Cable Protectors for Charger, Wires, Data Charger Cable Protector for Computers, Cell Phones etc.(Grey)",Electronics|Mobiles&Accessories|MobileAccessories|Décor|PhoneCharms,Electronics,Mobiles&Accessories,99.0,999.0,90.0,4.4,305.0,900.0,budget,high,medium,https://m.media-amazon.com/images/I/41WYWN1pdvL._SX300_SY300_QL70_ML2_.jpg,https://www.amazon.in/LAPSTER-Protectors-Charger-Protector-Computers/dp/B0BBW521YC/ref=sr_1_403?qid=1672895864&s=electronics&sr=1-403,1,69.57816203538839,4,1.6901555105876114,0.9432274182084565,barato com alto desconto
B00EYW1U68,TP-Link TL-WA855RE 300 Mbps Wi-Fi Range Extender (White),Computers&Accessories|NetworkingDevices|Repeaters&Extenders,Computers&Accessories,NetworkingDevices,1599.0,3599.0,56.0,4.2,16182.0,2000.0,mid,high,high,https://m.media-amazon.com/images/I/31aoDL5YfNL._SX300_SY300_QL70_FMwebp_.jpg,https://www.amazon.in/TP-Link-TL-WA855RE-Wi-Fi-Range-Extender/dp/B00EYW1U68/ref=sr_1_462?qid=1672903018&s=computers&sr=1-462,1,69.57349039028891,4,0.9695325148100775,0.19005469299320168,barato com alto desconto
B07ZR4S1G4,Universal Remote Control for All Sony TV for All LCD LED and Bravia TVs Remote,"Electronics|HomeTheater,TV&Video|Accessories|RemoteControls",Electronics,"HomeTheater,TV&Video",239.0,699.0,66.0,4.4,2640.0,460.0,budget,high,high,https://m.media-amazon.com/images/W/WEBP_402378-T2/images/I/41qMoS4lfRL._SX300_SY300_QL70_FMwebp_.jpg,https://www.amazon.in/Universal-Remote-Control-Sony-Bravia/dp/B07ZR4S1G4/ref=sr_1_223_mod_primary_new?qid=1672909135&s=electronics&sbo=RZvfv%2F%2FHxDF%2BO5021pAnSA%3D%3D&sr=1-223,1,69.5526183825947,4,1.2931903130784306,0.2570401544134199,barato com alto desconto
B082FTPRSK,Zinq Five Fan Cooling Pad and Laptop Stand with Dual Height Adjustment and Dual USB Port Extension (Black),Computers&Accessories|Accessories&Peripherals|LaptopAccessories|CoolingPads,Computers&Accessories,Accessories&Peripherals,999.0,1999.0,50.0,4.2,27441.0,1000.0,mid,medium,high,https://m.media-amazon.com/images/W/WEBP_402378-T1/images/I/516xGB5Bt+L._SY300_SX300_.jpg,https://www.amazon.in/Zinq-Technologies-Cool-Slate-Five/dp/B082FTPRSK/ref=sr_1_233?qid=1672903006&s=computers&sr=1-233,1,69.53548857073903,4,0.9848746537399262,0.038846586912441264,barato com alto desconto
B094QZLJQ6,"Seagate One Touch 2TB External HDD with Password Protection – Black, for Windows and Mac, with 3 yr Data Recovery Services, and 4 Months Adobe CC Photography (STKY2000400)",Computers&Accessories|ExternalDevices&DataStorage|ExternalHardDisks,Computers&Accessories,ExternalDevices&DataStorage,5799.0,7999.0,28.0,4.5,50273.0,2200.0,premium,medium,high,https://m.media-amazon.com/images/I/41BWhztt6EL._SX300_SY300_QL70_FMwebp_.jpg,https://www.amazon.in/Seagate-Touch-External-Password-Protection/dp/B094QZLJQ6/ref=sr_1_252?qid=1672903007&s=computers&sr=1-252,1,69.47017449937938,0,1.17373905610319,-1.5681397486878894,segmento misto
B07WMS7TWB,"Pigeon by Stovekraft Amaze Plus Electric Kettle (14289) with Stainless Steel Body, 1.5 litre, used for boiling Water, making tea and coffee, instant noodles, soup etc. 1500 Watt (Silver)",Home&Kitchen|Kitchen&HomeAppliances|SmallKitchenAppliances|Kettles&HotWaterDispensers|ElectricKettles,Home&Kitchen,Kitchen&HomeAppliances,649.0,1245.0,48.0,3.9,123365.0,596.0,mid,medium,high,https://m.media-amazon.com/images/W/WEBP_402378-T1/images/I/31na34LxwmL._SX300_SY300_QL70_FMwebp_.jpg,https://www.amazon.in/Pigeon-Amaze-Plus-1-5-Ltr/dp/B07WMS7TWB/ref=sr_1_5?qid=1672923591&s=kitchen&sr=1-5,1,69.43711688532991,4,1.5163565626793987,0.2740041451018797,barato com alto desconto
B08KRMK9LZ,"Tukzer Stylus Pen, iPad Pencil with Palm Rejection Tilt Sensor| 2nd Gen for 2018-2022 iPad 6/7/8/9th Gen; iPad 10.2"", Pro 12.9/11"", Mini 6/5th, Air 5/4/3rd, Precise for Writing/Drawing (3 Spare Tips)",Electronics|Mobiles&Accessories|MobileAccessories|StylusPens,Electronics,Mobiles&Accessories,2025.0,5999.0,66.0,4.2,6233.0,3974.0,premium,high,high,https://m.media-amazon.com/images/I/414zbaw52sL._SX300_SY300_QL70_FMwebp_.jpg,https://www.amazon.in/Tukzer-Rejection-Compatible-2018-2020-Precise/dp/B08KRMK9LZ/ref=sr_1_346?qid=1672903012&s=computers&sr=1-346,1,69.41927873124516,4,1.0240083481593272,0.46324666930279423,barato com alto desconto
B09F9YQQ7B,Redmi 80 cm (32 inches) Android 11 Series HD Ready Smart LED TV | L32M6-RA/L32M7-RA (Black),"Electronics|HomeTheater,TV&Video|Televisions|SmartTelevisions",Electronics,"HomeTheater,TV&Video",13999.0,24999.0,44.0,4.2,45238.0,11000.0,luxury,medium,high,https://m.media-amazon.com/images/W/WEBP_402378-T2/images/I/41611VFTGwL._SY300_SX300_QL70_FMwebp_.jpg,https://www.amazon.in/Redmi-inches-Ready-L32M6-RA-Android/dp/B09F9YQQ7B/ref=sr_1_72?qid=1672909126&s=electronics&sr=1-72,2,69.4142228652312,4,0.8800986851874034,-1.2291406622463126,barato com alto desconto
B07DFYJRQV,"JBL C200SI, Premium in Ear Wired Earphones with Mic, Signature Sound, One Button Multi-Function Remote, Angled Earbuds for Comfort fit (Blue)","Electronics|Headphones,Earbuds&Accessories|Headphones|In-Ear",Electronics,"Headphones,Earbuds&Accessories",799.0,1499.0,47.0,4.1,53648.0,700.0,mid,medium,high,https://m.media-amazon.com/images/I/31z+0UyRo2L._SY300_SX300_.jpg,https://www.amazon.in/JBL-C200SI-Ear-Headphones-Mystic/dp/B07DFYJRQV/ref=sr_1_134?qid=1672903001&s=computers&sr=1-134,1,69.38168469695273,4,1.0542541778312178,0.07598235681555322,barato com alto desconto
B08D75R3Z1,"PTron Boom Ultima 4D Dual Driver, in-Ear Gaming Wired Headphones with in-line Mic, Volume Control & Passive Noise Cancelling Boom 3 Earphones - (Dark Blue)","Electronics|Headphones,Earbuds&Accessories|Headphones|In-Ear",Electronics,"Headphones,Earbuds&Accessories",299.0,1900.0,84.0,3.6,18202.0,1601.0,budget,high,high,https://m.media-amazon.com/images/I/41EnFjIAoaL._SX300_SY300_QL70_ML2_.jpg,https://www.amazon.in/Boom-Ultima-Headphones-Cancelling-Earphones/dp/B08D75R3Z1/ref=sr_1_77?qid=1672895770&s=electronics&sr=1-77,1,69.36725029164243,4,0.6627063787308655,2.1507524592753864,barato com alto desconto
B08B6XWQ1C,"DIGITEK® (DTR-200MT) (18 CM) Portable & Flexible Mini Tripod with Mobile Holder & 360 Degree Ball Head, For Smart Phones, Compact Cameras, GoPro, Maximum Operating Height: 7.87 Inch, Maximum Load Upto: 1 kgs",Electronics|Cameras&Photography|Accessories|Tripods&Monopods|TripodLegs,Electronics,Cameras&Photography,349.0,995.0,65.0,4.2,6676.0,646.0,budget,high,high,https://m.media-amazon.com/images/W/WEBP_402378-T1/images/I/31Vt3iyEaIL._SX300_SY300_QL70_FMwebp_.jpg,https://www.amazon.in/DIGITEK-Portable-Flexible-Compact-Operating/dp/B08B6XWQ1C/ref=sr_1_269?qid=1672903008&s=computers&sr=1-269,1,69.35581565787217,4,1.0282882505121311,0.5695541637246884,barato com alto desconto
B09NR6G588,"Boult Audio ZCharge Bluetooth Wireless in Ear Earphones with Mic, 40H Playtime and Super Fast Charging, Environmental Noise Cancellation for Pro+ Calling and IPX5 Water Resistant (Black)","Electronics|Headphones,Earbuds&Accessories|Headphones|In-Ear",Electronics,"Headphones,Earbuds&Accessories",1199.0,4999.0,76.0,3.8,14961.0,3800.0,mid,high,high,https://m.media-amazon.com/images/I/31-1GGUrjUL._SX300_SY300_QL70_FMwebp_.jpg,https://www.amazon.in/Boult-Audio-Bluetooth-Environmental-Cancellation/dp/B09NR6G588/ref=sr_1_67?qid=1672902997&s=computers&sr=1-67,1,69.32791387205359,4,0.747215496151527,1.5042982389787758,barato com alto desconto
B01LONQBDG,AmazonBasics USB Type-C to Micro-B 2.0 Cable - 6 Inches (15.2 Centimeters) - White,Computers&Accessories|Accessories&Peripherals|Cables&Accessories|Cables|USBCables,Computers&Accessories,Accessories&Peripherals,349.0,899.0,61.0,4.1,14896.0,550.0,budget,high,high,https://m.media-amazon.com/images/W/WEBP_402378-T1/images/I/31bCliyezAL._SX300_SY300_QL70_FMwebp_.jpg,https://www.amazon.in/AmazonBasics-USB-Type-C-Micro-B-Cable/dp/B01LONQBDG/ref=sr_1_458?qid=1672909147&s=electronics&sr=1-458,1,69.32571003051434,4,0.9043576045103767,0.6146733363608112,barato com alto desconto
B082T6GXS5,"AmazonBasics New Release Nylon USB-A to Lightning Cable Cord, MFi Certified Charger for Apple iPhone, iPad, Silver, 6-Ft",Computers&Accessories|Accessories&Peripherals|Cables&Accessories|Cables|USBCables,Computers&Accessories,Accessories&Peripherals,999.0,2100.0,52.0,4.5,5492.0,1101.0,mid,high,high,https://m.media-amazon.com/images/W/WEBP_402378-T1/images/I/31OIv762uSL._SX300_SY300_QL70_FMwebp_.jpg,https://www.amazon.in/AmazonBasics-Nylon-Braided-Lightning-Cable/dp/B082T6GXS5/ref=sr_1_165?qid=1672909131&s=electronics&sr=1-165,1,69.32261668734587,4,1.1864482031599481,-0.382180479834711,barato com alto desconto
B08VB57558,"Samsung Galaxy S20 FE 5G (Cloud Navy, 8GB RAM, 128GB Storage) with No Cost EMI & Additional Exchange Offers",Electronics|Mobiles&Accessories|Smartphones&BasicMobiles|Smartphones,Electronics,Mobiles&Accessories,37990.0,74999.0,49.0,4.2,27790.0,37009.0,luxury,medium,high,https://m.media-amazon.com/images/I/41ezRvTwcaL._SX300_SY300_QL70_ML2_.jpg,https://www.amazon.in/Samsung-Galaxy-Cloud-128GB-Storage/dp/B08VB57558/ref=sr_1_434?qid=1672895879&s=electronics&sr=1-434,1,69.3068072842174,3,0.4631100453584016,-2.975937568351366,premium bem avaliado
B08CT62BM1,"Wayona USB Type C Fast Charging Cable Charger Cord 3A QC 3.0 Data Cable Compatible with Samsung Galaxy S10e S10 S9 S8 S20 Plus, Note 10 9 8, M51 A40 A50 A70, Moto G7 G8 (1M, Grey)",Computers&Accessories|Accessories&Peripherals|Cables&Accessories|Cables|USBCables,Computers&Accessories,Accessories&Peripherals,299.0,999.0,70.0,4.3,2651.0,700.0,budget,high,high,https://m.media-amazon.com/images/I/416qO6VZHgL._SX300_SY300_QL70_FMwebp_.jpg,https://www.amazon.in/Wayona-Charging-Charger-Samsung-Galaxy/dp/B08CT62BM1/ref=sr_1_326?qid=1672909140&s=electronics&sr=1-326,1,69.29537482358202,4,1.205755121658755,0.5443127579935586,barato com alto desconto
B0B3MQXNFB,"FLiX (Beetel Flow USB to Micro USB PVC Data Sync & 12W(2.4A) Fast Charging Cable,Made in India,480Mbps Data Sync,Solid Cable,1 Meter Long cable for all Andriod & Micro USB Devices (Black)(XCD-FPM01)",Computers&Accessories|Accessories&Peripherals|Cables&Accessories|Cables|USBCables,Computers&Accessories,Accessories&Peripherals,57.89,199.0,71.0,4.0,9378.0,141.11,budget,high,high,https://m.media-amazon.com/images/I/31jSLNakA7L._SY445_SX342_QL70_FMwebp_.jpg,https://www.amazon.in/FLiX-Charging-480Mbps-Andriod-XCD-FPM01/dp/B0B3MQXNFB/ref=sr_1_198?qid=1672909134&s=electronics&sr=1-198,1,69.28719325817792,4,0.886898928605355,1.112949215942523,barato com alto desconto
B0B3N8VG24,"FLiX (Beetel USB to Type C PVC Data Sync & 15W(3A) TPE Fast Charging Cable, Made in India, 480Mbps Data Sync, 1 Meter Long cable for all Andriod & all Type C Devices (Black)(XCD - FPC02)",Computers&Accessories|Accessories&Peripherals|Cables&Accessories|Cables|USBCables,Computers&Accessories,Accessories&Peripherals,88.0,299.0,71.0,4.0,9378.0,211.0,budget,high,high,https://m.media-amazon.com/images/W/WEBP_402378-T1/images/I/31w-BP4ey1L._SY445_SX342_QL70_FMwebp_.jpg,https://www.amazon.in/FLiX-Charging-480Mbps-Andriod-Devices/dp/B0B3N8VG24/ref=sr_1_196?qid=1672909134&s=electronics&sr=1-196,1,69.28719325817792,4,0.8865002833066586,1.1105183546880812,barato com alto desconto
B07H3WDC4X,"Simxen Egg Boiler Electric Automatic Off 7 Egg Poacher for Steaming, Cooking Also Boiling and Frying 400 W (Blue, Pink)",Home&Kitchen|Kitchen&HomeAppliances|SmallKitchenAppliances|EggBoilers,Home&Kitchen,Kitchen&HomeAppliances,349.0,999.0,65.0,4.0,15646.0,650.0,budget,high,high,https://m.media-amazon.com/images/W/WEBP_402378-T2/images/I/31-RWRwJZOL._SX300_SY300_QL70_FMwebp_.jpg,https://www.amazon.in/Simxen-Electric-Automatic-Steaming-Multicolour/dp/B07H3WDC4X/ref=sr_1_83?qid=1672923595&s=kitchen&sr=1-83,1,69.20109076054746,4,0.8357973832251069,0.9043827024404109,barato com alto desconto
B07J2NGB69,"Lenovo 400 Wireless Mouse, 1200DPI Optical Sensor, 2.4GHz Wireless Nano USB, 3-Button (Left,Right,Scroll) Upto 8M Left/Right & 100K Scroll clicks & 1yr Battery, Ambidextrous, Ergonomic GY50R91293","Computers&Accessories|Accessories&Peripherals|Keyboards,Mice&InputDevices|Mice",Computers&Accessories,Accessories&Peripherals,629.0,1390.0,55.0,4.4,6301.0,761.0,mid,high,high,https://m.media-amazon.com/images/W/WEBP_402378-T2/images/I/31C+JNS-7PL._SY300_SX300_.jpg,https://www.amazon.in/Lenovo-GY50R91293-Wireless-Mouse-Black/dp/B07J2NGB69/ref=sr_1_258?qid=1672903007&s=computers&sr=1-258,1,69.19241368983594,4,1.1055740598769375,-0.09060013101423088,barato com alto desconto
B01HGCLUH6,TP-link N300 WiFi Wireless Router TL-WR845N | 300Mbps Wi-Fi Speed | Three 5dBi high gain Antennas | IPv6 Compatible | AP/RE/WISP Mode | Parental Control | Guest Network,Computers&Accessories|NetworkingDevices|Routers,Computers&Accessories,NetworkingDevices,1149.0,1699.0,32.0,4.2,122478.0,550.0,mid,medium,high,https://m.media-amazon.com/images/W/WEBP_402378-T1/images/I/314QZXF1dHL._SY300_SX300_QL70_FMwebp_.jpg,https://www.amazon.in/TP-Link-TL-WR845N-300Mbps-Wireless-N-Router/dp/B01HGCLUH6/ref=sr_1_165?qid=1672903002&s=computers&sr=1-165,1,69.16051327226307,4,1.6080459511149892,-0.7495215757710294,barato com alto desconto
B07JQKQ91F,"JBL C50HI, Wired in Ear Headphones with Mic, One Button Multi-Function Remote, Lightweight & Comfortable fit (Black)","Electronics|Headphones,Earbuds&Accessories|Headphones|In-Ear",Electronics,"Headphones,Earbuds&Accessories",499.0,999.0,50.0,3.9,92995.0,500.0,budget,medium,high,https://m.media-amazon.com/images/I/31rmf+p45oL._SY300_SX300_.jpg,https://www.amazon.in/JBL-C50HI-Ear-Headphones-Black/dp/B07JQKQ91F/ref=sr_1_18?qid=1672902995&s=computers&sr=1-18,1,69.1354670655114,4,1.2198505048497228,0.43055017457641537,barato com alto desconto
B07Z1Z77ZZ,"AirCase Protective Laptop Bag Sleeve fits Upto 14.1"" Laptop/ MacBook, Wrinkle Free, Padded, Waterproof Light Neoprene case Cover Pouch, for Men & Women, Black- 6 Months Warranty",Computers&Accessories|Accessories&Peripherals|LaptopAccessories|Bags&Sleeves|LaptopSleeves&Slipcases,Computers&Accessories,Accessories&Peripherals,449.0,999.0,55.0,4.3,9701.0,550.0,budget,high,high,https://m.media-amazon.com/images/W/WEBP_402378-T1/images/I/31A6Arm+F7L._SY300_SX300_.jpg,https://www.amazon.in/AirCase-14-Inch-MacBook-Protective-Neoprene/dp/B07Z1Z77ZZ/ref=sr_1_380?qid=1672903013&s=computers&sr=1-380,1,69.13174558673917,4,1.0019933509274115,0.09446267408445322,barato com alto desconto
B015OW3M1W,AmazonBasics 6-Feet DisplayPort (not USB port) to HDMI Cable Black,"Electronics|HomeTheater,TV&Video|Accessories|Cables|HDMICables",Electronics,"HomeTheater,TV&Video",799.0,1700.0,53.0,4.1,28638.0,901.0,mid,high,high,https://m.media-amazon.com/images/I/41F6ukNxcCL._SX300_SY300_QL70_FMwebp_.jpg,https://www.amazon.in/AmazonBasics-6-Feet-DisplayPort-port-Cable/dp/B015OW3M1W/ref=sr_1_140?qid=1672909130&s=electronics&sr=1-140,1,69.12596156725283,4,0.883467399824347,0.3161278001497131,barato com alto desconto
B097R2V1W8,"Bajaj Splendora 3 Litre 3KW IWH Instant Water Heater (Geyser), White","Home&Kitchen|Heating,Cooling&AirQuality|WaterHeaters&Geysers|InstantWaterHeaters",Home&Kitchen,"Heating,Cooling&AirQuality",2599.0,5890.0,56.0,4.1,21783.0,3291.0,premium,high,high,https://m.media-amazon.com/images/W/WEBP_402378-T2/images/I/31zh7GQSkfL._SX300_SY300_QL70_FMwebp_.jpg,https://www.amazon.in/Bajaj-Splendora-Instant-Water-Heater/dp/B097R2V1W8/ref=sr_1_28?qid=1672923592&s=kitchen&sr=1-28,1,69.1168318433815,4,0.8412200781494902,0.27424586841916315,barato com alto desconto
B0B31BYXQQ,"Boult Audio Airbass Z20 True Wireless, 40H Battery Life, Zen ENC Mic, Type-C Lightning Boult Fast Charging (10Mins=100Mins), BoomX Tech Bass, ENC, IPX5 in Ear Earbuds with mic (Green)","Electronics|Headphones,Earbuds&Accessories|Headphones|In-Ear",Electronics,"Headphones,Earbuds&Accessories",1399.0,5499.0,75.0,3.9,9504.0,4100.0,mid,high,high,https://m.media-amazon.com/images/I/31Hjf7KD75L._SY300_SX300_.jpg,https://www.amazon.in/Boult-Audio-Lightning-Environmental-Cancellation/dp/B0B31BYXQQ/ref=sr_1_50?qid=1672902997&s=computers&sr=1-50,1,69.05705211428987,4,0.7858304409736563,1.2964069987551012,barato com alto desconto
B09VZBGL1N,"STRIFF Multi Angle Tablet/Mobile Stand. Holder for iPhone, Android, Samsung, OnePlus, Xiaomi. Portable,Foldable Stand.Perfect for Bed,Office, Home,Gift and Desktop (Black)",Electronics|Mobiles&Accessories|MobileAccessories|Stands,Electronics,Mobiles&Accessories,99.0,499.0,80.0,4.1,2451.0,400.0,budget,high,high,https://m.media-amazon.com/images/I/31xJT-3ZAkL._SX300_SY300_QL70_ML2_.jpg,https://www.amazon.in/STRIFF-Android-Portable-Foldable-Stand-Perfect/dp/B09VZBGL1N/ref=sr_1_257?qid=1672895821&s=electronics&sr=1-257,1,69.05700141274929,4,1.0895761805639588,1.2004712094008778,barato com alto desconto
B09Y14JLP3,"STRIFF UPH2W Multi Angle Tablet/Mobile Stand. Holder for iPhone, Android, Samsung, OnePlus, Xiaomi. Portable,Foldable Stand.Perfect for Bed,Office, Home,Gift and Desktop (White)",Electronics|Mobiles&Accessories|MobileAccessories|Stands,Electronics,Mobiles&Accessories,99.0,499.0,80.0,4.1,2451.0,400.0,budget,high,high,https://m.media-amazon.com/images/I/21VBjRnsH6L._SX300_SY300_QL70_FMwebp_.jpg,https://www.amazon.in/STRIFF-Android-Portable-Foldable-Stand-Perfect/dp/B09Y14JLP3/ref=sr_1_208?qid=1672903005&s=computers&sr=1-208,1,69.05700141274929,4,1.0895761805639588,1.2004712094008778,barato com alto desconto
B09X5C9VLK,"Lifelong LLMG23 Power Pro 500-Watt Mixer Grinder with 3 Jars (Liquidizing, Wet Grinding and Chutney Jar), Stainless Steel blades, 1 Year Warranty (Black)",Home&Kitchen|Kitchen&HomeAppliances|SmallKitchenAppliances|MixerGrinders,Home&Kitchen,Kitchen&HomeAppliances,1299.0,3500.0,63.0,3.8,44050.0,2201.0,mid,high,high,https://m.media-amazon.com/images/I/413sK6yat-L._SX300_SY300_QL70_FMwebp_.jpg,https://www.amazon.in/Lifelong-LLMG23-500-Watt-Liquidizing-Stainless/dp/B09X5C9VLK/ref=sr_1_31?qid=1672923592&s=kitchen&sr=1-31,1,69.05558677155925,4,0.7945972422882569,1.0504026103637987,barato com alto desconto
B09TP5KBN7,"pTron Volta Dual Port 12W Smart USB Charger Adapter, Multi-Layer Protection, Made in India, BIS Certified, Fast Charging Power Adaptor Without Cable for All iOS & Android Devices (Black)",Electronics|Mobiles&Accessories|MobileAccessories|Chargers|WallChargers,Electronics,Mobiles&Accessories,199.0,1099.0,82.0,4.0,3197.0,900.0,budget,high,high,https://m.media-amazon.com/images/I/31UUEYNOmCL._SX300_SY300_QL70_ML2_.jpg,https://www.amazon.in/Charger-Multi-Layer-Protection-Certified-Charging/dp/B09TP5KBN7/ref=sr_1_186?qid=1672895799&s=electronics&sr=1-186,1,69.0390703126221,4,0.9934054114200821,1.426228437684243,barato com alto desconto
B09NJN8L25,"FLiX (Beetel USB to Micro USB PVC Data Sync & 2A Fast Charging Cable, Made in India, 480Mbps Data Sync, Solid Cable, 1 Meter Long USB Cable for Micro USB Devices (White)(XCD-M11)",Computers&Accessories|Accessories&Peripherals|Cables&Accessories|Cables|USBCables,Computers&Accessories,Accessories&Peripherals,59.0,199.0,70.0,4.0,9378.0,140.0,budget,high,high,https://m.media-amazon.com/images/I/31v7NnnAItL._SY445_SX342_QL70_FMwebp_.jpg,https://www.amazon.in/FLiX-Charging-480Mbps-Devices-XCD-M11/dp/B09NJN8L25/ref=sr_1_48?qid=1672909125&s=electronics&sr=1-48,1,69.02123581136942,4,0.8483463852102917,1.0855450687011579,barato com alto desconto
B08N1WL9XW,"FLiX (Beetel) 3in1 (Type C|Micro|Iphone Lightening) Textured Pattern 3A Fast Charging Cable with QC & PD Support for Type C,Micro USB & Lightning Iphone Cable,Made in India,1.5 Meter Long Cable(T101)",Computers&Accessories|Accessories&Peripherals|Cables&Accessories|Cables|USBCables,Computers&Accessories,Accessories&Peripherals,182.0,599.0,70.0,4.0,9378.0,417.0,budget,high,high,https://m.media-amazon.com/images/W/WEBP_402378-T1/images/I/31-ACQj+oDL._SY445_SX342_.jpg,https://www.amazon.in/FLiX-Textured-charging-Lightning-Smartphones/dp/B08N1WL9XW/ref=sr_1_293?qid=1672909139&s=electronics&sr=1-293,1,69.02123581136942,4,0.8467179105593567,1.0756149480005153,barato com alto desconto
B09NHVCHS9,Flix Micro Usb Cable For Smartphone (Black),Computers&Accessories|Accessories&Peripherals|Cables&Accessories|Cables|USBCables,Computers&Accessories,Accessories&Peripherals,59.0,199.0,70.0,4.0,9378.0,140.0,budget,high,high,https://m.media-amazon.com/images/I/31qGpf8uzuL._SY445_SX342_QL70_FMwebp_.jpg,https://www.amazon.in/Flix-Micro-Cable-Smartphone-Black/dp/B09NHVCHS9/ref=sr_1_25?qid=1672909125&s=electronics&sr=1-25,3,69.02123581136942,4,0.8483463852102917,1.0855450687011579,barato com alto desconto
B01IOZUHRS,Gizga Essentials Laptop Power Cable Cord- 3 Pin Adapter Isi Certified(1 Meter/3.3 Feet),Computers&Accessories|Accessories&Peripherals|LaptopAccessories|LaptopChargers&PowerSupplies,Computers&Accessories,Accessories&Peripherals,179.0,499.0,64.0,4.1,10174.0,320.0,budget,high,high,https://m.media-amazon.com/images/I/41nub-26HfL._SX300_SY300_QL70_FMwebp_.jpg,https://www.amazon.in/Gizga-Essentials-Laptop-Adapter-Certified/dp/B01IOZUHRS/ref=sr_1_267?qid=1672903008&s=computers&sr=1-267,1,68.99910363152571,4,0.8846403658229215,0.7262700543576786,barato com alto desconto
B00C3GBCIS,GIZGA Club-laptop Neoprene Reversible for 15.6-inches Laptop Sleeve - Black-Red,Computers&Accessories|Accessories&Peripherals|LaptopAccessories|Bags&Sleeves|LaptopSleeves&Slipcases,Computers&Accessories,Accessories&Peripherals,249.0,499.0,50.0,4.2,22860.0,250.0,budget,medium,high,https://m.media-amazon.com/images/W/WEBP_402378-T2/images/I/412fxJY-gxL._SX300_SY300_QL70_FMwebp_.jpg,https://www.amazon.in/Clublaptop-Reversible-15-6-inch-Laptop-Sleeve/dp/B00C3GBCIS/ref=sr_1_460?qid=1672903018&s=computers&sr=1-460,1,68.9967600953549,4,0.905281485873036,0.1137583419177437,barato com alto desconto
B09JPC82QC,Mi 108 cm (43 inches) Full HD Android LED TV 4C | L43M6-INC (Black),"Electronics|HomeTheater,TV&Video|Televisions|SmartTelevisions",Electronics,"HomeTheater,TV&Video",19999.0,34999.0,43.0,4.3,27151.0,15000.0,luxury,medium,high,https://m.media-amazon.com/images/I/41nsy8kxWUL._SY300_SX300_QL70_FMwebp_.jpg,https://www.amazon.in/inches-Full-Android-L43M6-INC-Black/dp/B09JPC82QC/ref=sr_1_45?qid=1672909125&s=electronics&sr=1-45,1,68.9757828957547,3,0.6999897892020626,-1.8682870774659985,premium bem avaliado
B0188KPKB2,"Preethi Blue Leaf Diamond MG-214 mixer grinder 750 watt (Blue/White), 3 jars & Flexi Lid, FBT motor with 2yr Guarantee & Lifelong Free Service",Home&Kitchen|Kitchen&HomeAppliances|SmallKitchenAppliances|MixerGrinders,Home&Kitchen,Kitchen&HomeAppliances,3599.0,9455.0,62.0,4.1,11828.0,5856.0,premium,high,high,https://m.media-amazon.com/images/W/WEBP_402378-T1/images/I/41JrUgIbYOL._SX300_SY300_QL70_FMwebp_.jpg,https://www.amazon.in/Preethi-Blue-Leaf-Diamond-750-Watt/dp/B0188KPKB2/ref=sr_1_133?qid=1672923597&s=kitchen&sr=1-133,1,68.91146430772982,4,0.8144880216988176,0.3898562599946511,barato com alto desconto
B0B8CHJLWJ,Kyosei Advanced Tempered Glass Compatible with Google Pixel 6a with Military-Grade Anti-Explosion Edge-to-Edge Coverage Screen Protector Guard,"Electronics|Mobiles&Accessories|MobileAccessories|Maintenance,Upkeep&Repairs|ScreenProtectors",Electronics,Mobiles&Accessories,299.0,1199.0,75.0,4.5,596.0,900.0,budget,high,medium,https://m.media-amazon.com/images/I/318wXJER9zL._SX300_SY300_QL70_ML2_.jpg,https://www.amazon.in/Compatible-Pixel-6a-Military-Grade-Anti-Explosion/dp/B0B8CHJLWJ/ref=sr_1_247?qid=1672895821&s=electronics&sr=1-247,1,68.89347062422472,4,1.511192067221947,0.3297096348483827,barato com alto desconto
B07B88KQZ8,"JBL Go 2, Wireless Portable Bluetooth Speaker with Mic, JBL Signature Sound, Vibrant Color Options with IPX7 Waterproof & AUX (Blue)",Electronics|HomeAudio|Speakers|BluetoothSpeakers,Electronics,HomeAudio,1999.0,2999.0,33.0,4.3,63899.0,1000.0,mid,medium,high,https://m.media-amazon.com/images/I/51RTfgkScMS._SX300_SY300_QL70_FMwebp_.jpg,https://www.amazon.in/JBL-Portable-Waterproof-Bluetooth-Speaker/dp/B07B88KQZ8/ref=sr_1_158?qid=1672903002&s=computers&sr=1-158,1,68.84071043781118,4,1.1280223457084197,-0.7999057204832567,barato com alto desconto
B08WLY8V9S,"Tukzer Gel Mouse Pad Wrist Rest Memory-Foam Ergonomic Mousepad| Cushion Wrist Support & Pain Relief| Suitable for Gaming, Computer, Laptop, Home & Office Non-Slip Rubber Base (Blue)","Computers&Accessories|Accessories&Peripherals|Keyboards,Mice&InputDevices|Keyboard&MiceAccessories|MousePads",Computers&Accessories,Accessories&Peripherals,425.0,899.0,53.0,4.5,4219.0,474.0,budget,high,high,https://m.media-amazon.com/images/I/41i35PCzzaL._SX300_SY300_QL70_FMwebp_.jpg,https://www.amazon.in/Tukzer-Memory-Foam-Ergonomic-Mousepad-Suitable/dp/B08WLY8V9S/ref=sr_1_328?qid=1672903011&s=computers&sr=1-328,1,68.8109334769928,4,1.1577276445817488,-0.3032939639405468,barato com alto desconto
B0116MIKKC,Goldmedal Curve Plus 202042 Plastic Spice 3-Pin 240V Universal Travel Adaptor (White),Electronics|Mobiles&Accessories|MobileAccessories|Chargers|WallChargers,Electronics,Mobiles&Accessories,99.0,171.0,42.0,4.5,11339.0,72.0,budget,medium,high,https://m.media-amazon.com/images/I/31MmkM8HTiL._SY300_SX300_QL70_ML2_.jpg,https://www.amazon.in/Goldmedal-202042-Plastic-Universal-Adaptor/dp/B0116MIKKC/ref=sr_1_103?qid=1672895777&s=electronics&sr=1-103,1,68.80112137833096,4,1.0426992714193837,-0.6038628346478254,barato com alto desconto
B08VS3YLRK,"Portronics Adapto 20 Type C 20W Fast PD/Type C Adapter Charger with Fast Charging for iPhone 12/12 Pro/12 Mini/12 Pro Max/11/XS/XR/X/8/Plus, iPad Pro/Air/Mini, Galaxy 10/9/8 (Adapter Only) White",Electronics|Mobiles&Accessories|MobileAccessories|Chargers|WallChargers,Electronics,Mobiles&Accessories,529.0,1499.0,65.0,4.1,8599.0,970.0,mid,high,high,https://m.media-amazon.com/images/I/31wqydqbA9L._SX300_SY300_QL70_ML2_.jpg,https://www.amazon.in/Portronics-Adapto-Adapter-Charger-Charging/dp/B08VS3YLRK/ref=sr_1_67?qid=1672895762&s=electronics&sr=1-67,1,68.76901608448512,4,0.8630252052978481,0.7308800094457745,barato com alto desconto
B0B8SSZ76F,"Amazon Basics USB C to Lightning TPE MFi Certified Charging Cable (White, 1.2 meter)",Computers&Accessories|Accessories&Peripherals|Cables&Accessories|Cables|USBCables,Computers&Accessories,Accessories&Peripherals,799.0,1999.0,60.0,4.2,8583.0,1200.0,mid,high,high,https://m.media-amazon.com/images/I/31f4cZdDnJL._SX300_SY300_QL70_FMwebp_.jpg,https://www.amazon.in/Amazon-Basics-Lightning-Certified-Charging/dp/B0B8SSZ76F/ref=sr_1_234?qid=1672909135&s=electronics&sr=1-234,1,68.76706937549935,4,0.908041198214693,0.38965223208043126,barato com alto desconto
B08HF4W2CT,"URBN 20000 mAh lithium_polymer Power Bank with 12 Watt Fast Charging, Camo",Electronics|Mobiles&Accessories|MobileAccessories|Chargers|PowerBanks,Electronics,Mobiles&Accessories,1599.0,3499.0,54.0,4.0,36384.0,1900.0,mid,high,high,https://m.media-amazon.com/images/I/31S1zpNb8bL._SX300_SY300_QL70_ML2_.jpg,https://www.amazon.in/URBN-20000-Li-Polymer-Compact-Charge/dp/B08HF4W2CT/ref=sr_1_372?qid=1672895857&s=electronics&sr=1-372,1,68.76469099990086,4,0.8046040584262525,0.43789028461798685,barato com alto desconto
B085HY1DGR,Sounce Spiral Charger Cable Protector Data Cable Saver Charging Cord Protective Cable Cover Headphone MacBook Laptop Earphone Cell Phone Set of 3 (Cable Protector (12 Units)),Computers&Accessories|Accessories&Peripherals|Cables&Accessories|CableConnectionProtectors,Computers&Accessories,Accessories&Peripherals,99.0,999.0,90.0,4.0,1396.0,900.0,budget,high,high,https://m.media-amazon.com/images/I/41nf9n-v3pL._SX300_SY300_QL70_ML2_.jpg,https://www.amazon.in/Sounce-Charger-Protector-Charging-Protective/dp/B085HY1DGR/ref=sr_1_76?qid=1672895770&s=electronics&sr=1-76,2,68.72384468833788,4,1.0902525049179848,1.6628714240539146,barato com alto desconto
B094YFFSMY,"Tygot Bluetooth Extendable Selfie Sticks with Wireless Remote and Tripod Stand, 3-in-1 Multifunctional Selfie Stick with Tripod Stand Compatible with iPhone/OnePlus/Samsung/Oppo/Vivo and All Phones",Electronics|Mobiles&Accessories|MobileAccessories|Photo&VideoAccessories|SelfieSticks,Electronics,Mobiles&Accessories,399.0,1999.0,80.0,4.0,3382.0,1600.0,budget,high,high,https://m.media-amazon.com/images/I/41MmsYTi06L._SX300_SY300_QL70_ML2_.jpg,https://www.amazon.in/Tygot-Bluetooth-Extendable-Multifunctional-Compatible/dp/B094YFFSMY/ref=sr_1_65?qid=1672895762&s=electronics&sr=1-65,2,68.6730349780697,4,0.9287686568073096,1.3545881420905346,barato com alto desconto
B08WRBG3XW,"boAt Type C A325 Tangle-free, Sturdy Type C Cable with 3A Rapid Charging & 480mbps Data Transmission(Black)",Computers&Accessories|Accessories&Peripherals|Cables&Accessories|Cables|USBCables,Computers&Accessories,Accessories&Peripherals,199.0,499.0,60.0,4.1,13045.0,300.0,budget,high,high,https://m.media-amazon.com/images/W/WEBP_402378-T1/images/I/41xwPQLxTML._SX300_SY300_QL70_FMwebp_.jpg,https://www.amazon.in/boAt-A325-Tangle-Free-Charging-Transmission/dp/B08WRBG3XW/ref=sr_1_20?qid=1672909124&s=electronics&sr=1-20,2,68.6683998032103,4,0.8178094149982618,0.6056149682029035,barato com alto desconto
B08H5L8V1L,"Synqe USB Type C Fast Charging Cable 2M Charger Cord Data Cable Compatible with Samsung Galaxy M51,Galaxy M31S, S10e S10 S9 S20 Plus, Note10 9 8,M40 A50 A70, Redmi Note 9, Moto G7, Poco F1 (2M, Grey)",Computers&Accessories|Accessories&Peripherals|Cables&Accessories|Cables|USBCables,Computers&Accessories,Accessories&Peripherals,379.0,1099.0,66.0,4.3,3049.0,720.0,budget,high,high,https://m.media-amazon.com/images/W/WEBP_402378-T2/images/I/51L+sZTCgzL._SY300_SX300_.jpg,https://www.amazon.in/Synqe-Charging-Charger-Samsung-Galaxy/dp/B08H5L8V1L/ref=sr_1_476?qid=1672909147&s=electronics&sr=1-476,1,68.6439854847953,4,1.0874252425892164,0.4266259791584226,barato com alto desconto
B0B5LVS732,"Noise Pulse Go Buzz Smart Watch Bluetooth Calling with 1.69"" Display, 550 NITS, 150+ Cloud Watch Face, SPo2, Heart Rate Tracking, 100 Sports Mode with Auto Detection, Longer Battery (Jet Black)",Electronics|WearableTechnology|SmartWatches,Electronics,WearableTechnology,1898.0,4999.0,62.0,4.1,10689.0,3101.0,mid,high,high,https://m.media-amazon.com/images/I/41Peg4pz7fL._SX300_SY300_QL70_ML2_.jpg,https://www.amazon.in/Noise-Bluetooth-Calling-Tracking-Detection/dp/B0B5LVS732/ref=sr_1_13?qid=1672895748&s=electronics&sr=1-13,2,68.61282705571153,4,0.8016414807560582,0.5310788353798597,barato com alto desconto
B09MY4W73Q,Amozo Ultra Hybrid Camera and Drop Protection Back Cover Case for iPhone 13 (Polycarbonate| Back Transparent - Sides Black),Electronics|Mobiles&Accessories|MobileAccessories|Cases&Covers|BasicCases,Electronics,Mobiles&Accessories,474.0,1799.0,74.0,4.3,1454.0,1325.0,budget,high,high,https://m.media-amazon.com/images/I/51xaoGdw9EL._SX300_SY300_QL70_ML2_.jpg,https://www.amazon.in/Amozo-iPhone-13-Polycarbonate-Transparent/dp/B09MY4W73Q/ref=sr_1_419?qid=1672895872&s=electronics&sr=1-419,1,68.58851330083372,4,1.2044632160765605,0.6464150146314374,barato com alto desconto
B008YW3CYM,USHA EI 1602 1000 W Lightweight Dry Iron with Non-Stick Soleplate (Multi-colour),"Home&Kitchen|Kitchen&HomeAppliances|Vacuum,Cleaning&Ironing|Irons,Steamers&Accessories|Irons|DryIrons",Home&Kitchen,Kitchen&HomeAppliances,616.0,1190.0,48.0,4.1,37126.0,574.0,mid,medium,high,https://m.media-amazon.com/images/W/WEBP_402378-T2/images/I/31R2gaVLwYL._SX300_SY300_QL70_FMwebp_.jpg,https://www.amazon.in/Usha-EI-1602-1000-Watt-Lightweight/dp/B008YW3CYM/ref=sr_1_141?qid=1672923597&s=kitchen&sr=1-141,1,68.56182653254993,4,0.8405660872887408,0.16817717628973544,barato com alto desconto
B09T3H12GV,"Dell USB Wireless Keyboard and Mouse Set- KM3322W, Anti-Fade & Spill-Resistant Keys, up to 36 Month Battery Life, 3Y Advance Exchange Warranty, Black","Computers&Accessories|Accessories&Peripherals|Keyboards,Mice&InputDevices|Keyboard&MouseSets",Computers&Accessories,Accessories&Peripherals,1399.0,2498.0,44.0,4.2,33717.0,1099.0,mid,medium,high,https://m.media-amazon.com/images/W/WEBP_402378-T1/images/I/415yl0HeDQL._SY300_SX300_QL70_FMwebp_.jpg,https://www.amazon.in/Dell-Wireless-Keyboard-Mouse-Spill-Resistant/dp/B09T3H12GV/ref=sr_1_40?qid=1672902996&s=computers&sr=1-40,1,68.54724270905704,4,0.8606064782379484,-0.17675215669554423,barato com alto desconto
B07YFWVRCM,"Imou 360° 1080P Full HD Security Camera, Human Detection, Motion Tracking, 2-Way Audio, Night Vision, Dome Camera with WiFi & Ethernet Connection, Alexa Google Assistant, Up to 256GB SD Card Support",Electronics|Cameras&Photography|SecurityCameras|DomeCameras,Electronics,Cameras&Photography,2299.0,7500.0,69.0,4.1,5554.0,5201.0,premium,high,high,https://m.media-amazon.com/images/I/31Yg8KP64NL._SX300_SY300_QL70_FMwebp_.jpg,https://www.amazon.in/Imou-Security-Advanced-Surveillance-Detection/dp/B07YFWVRCM/ref=sr_1_433?qid=1672903017&s=computers&sr=1-433,1,68.54366629040601,4,0.8601263060908998,0.7086270397700618,barato com alto desconto
B08CTNJ985,"Wayona USB Type C 65W Fast Charging 2M/6Ft Long Flash Charge Cable 3A QC 3.0 Data Cable Compatible with Samsung Galaxy S21 S10 S9 S8, iQOO Z3, Vivo, Note 10 9 8, A20e A40 A50 A70, Moto G7 G8 (2M, Grey)",Computers&Accessories|Accessories&Peripherals|Cables&Accessories|Cables|USBCables,Computers&Accessories,Accessories&Peripherals,325.0,999.0,67.0,4.3,2651.0,674.0,budget,high,high,https://m.media-amazon.com/images/I/416qO6VZHgL._SX300_SY300_QL70_FMwebp_.jpg,https://www.amazon.in/Wayona-Charging-Charger-Samsung-Galaxy/dp/B08CTNJ985/ref=sr_1_193?qid=1672909134&s=electronics&sr=1-193,1,68.4975024831565,4,1.089797349031801,0.46027010621837744,barato com alto desconto
B07CWDX49D,"AmazonBasics Double Braided Nylon USB Type-C to Type-C 2.0 Cable, Charging Adapter, Smartphone 6 feet, Dark Grey",Computers&Accessories|Accessories&Peripherals|Cables&Accessories|Cables|USBCables,Computers&Accessories,Accessories&Peripherals,649.0,1600.0,59.0,4.3,5451.0,951.0,mid,high,high,https://m.media-amazon.com/images/W/WEBP_402378-T1/images/I/41AUgZQAs5L._SX300_SY300_QL70_FMwebp_.jpg,https://www.amazon.in/AmazonBasics-Double-Braided-Nylon-Type-C/dp/B07CWDX49D/ref=sr_1_452?qid=1672909146&s=electronics&sr=1-452,1,68.4955533469578,4,0.9749105112765937,0.20326952322569292,barato com alto desconto
B01LYLJ99X,HP v222w 64GB USB 2.0 Pen Drive (Silver),Computers&Accessories|ExternalDevices&DataStorage|PenDrives,Computers&Accessories,ExternalDevices&DataStorage,449.0,1300.0,65.0,4.2,4959.0,851.0,budget,high,high,https://m.media-amazon.com/images/I/31cOcZC4n7L._SX300_SY300_QL70_FMwebp_.jpg,https://www.amazon.in/HP-v222w-Flash-Drive-64GB/dp/B01LYLJ99X/ref=sr_1_488?qid=1672903019&s=computers&sr=1-488,1,68.4789975270363,4,0.939691568832433,0.5681970955426298,barato com alto desconto
B09GFLXVH9,"Redmi 9A Sport (Coral Green, 2GB RAM, 32GB Storage) | 2GHz Octa-core Helio G25 Processor | 5000 mAh Battery",Electronics|Mobiles&Accessories|Smartphones&BasicMobiles|Smartphones,Electronics,Mobiles&Accessories,6499.0,8499.0,24.0,4.1,313836.0,2000.0,premium,medium,high,https://m.media-amazon.com/images/I/41i7LM0pGwL._SX300_SY300_QL70_ML2_.jpg,https://www.amazon.in/Redmi-9A-Sport-Octa-core-Processor/dp/B09GFLXVH9/ref=sr_1_40?qid=1672895755&s=electronics&sr=1-40,1,68.47493474671256,2,3.156300959749769,-1.7780151484326523,segmento misto
B0B9BD2YL4,"KINGONE Wireless Charging Pencil (2nd Generation) for iPad with Magnetic and Tilt Sensitive, Palm Rejection, Compatible with Apple iPad Pro 11 inch 1/2/3/4, iPad Pro 12.9 Inch 3/4/5/6, iPad Air 4/5, mini6",Electronics|Mobiles&Accessories|MobileAccessories|StylusPens,Electronics,Mobiles&Accessories,2599.0,6999.0,63.0,4.5,1526.0,4400.0,premium,high,high,https://m.media-amazon.com/images/I/217Lv1D3bHL._SX300_SY300_QL70_ML2_.jpg,https://www.amazon.in/Wireless-Generation-Sensitive-Rejection-Compatible/dp/B0B9BD2YL4/ref=sr_1_500?qid=1672895894&s=electronics&sr=1-500,2,68.47211294986204,4,1.2482453891391658,-0.1919213912873394,barato com alto desconto
B0B6F7LX4C,MI 80 cm (32 inches) 5A Series HD Ready Smart Android LED TV L32M7-5AIN (Black),"Electronics|HomeTheater,TV&Video|Televisions|SmartTelevisions",Electronics,"HomeTheater,TV&Video",13999.0,24999.0,44.0,4.2,32840.0,11000.0,luxury,medium,high,https://m.media-amazon.com/images/I/51fmHk3km+L._SX300_SY300_.jpg,https://www.amazon.in/MI-inches-Ready-Android-L32M7-5AIN/dp/B0B6F7LX4C/ref=sr_1_18?qid=1672909124&s=electronics&sr=1-18,1,68.46950772094743,4,0.678670383027837,-1.1912846578422411,barato com alto desconto
B08CDKQ8T6,"Portronics Konnect L 1.2Mtr, Fast Charging 3A Micro USB Cable with Charge & Sync Function (Grey)",Computers&Accessories|Accessories&Peripherals|Cables&Accessories|Cables|USBCables,Computers&Accessories,Accessories&Peripherals,154.0,349.0,56.0,4.3,7064.0,195.0,budget,high,high,https://m.media-amazon.com/images/W/WEBP_402378-T1/images/I/31pQZsxPR4L._SX300_SY300_QL70_FMwebp_.jpg,https://www.amazon.in/Portronics-Konnect-POR-1079-Charging-Micro/dp/B08CDKQ8T6/ref=sr_1_65?qid=1672909126&s=electronics&sr=1-65,2,68.46213995922413,4,0.9431211342738064,0.1550962408831547,barato com alto desconto
B08R69WBN7,"Pinnaclz Original Combo of 2 USB Type C Fast Charging Cable, USB C Data Cable for Charging and Data Transfer Smart Phones White 1.2 Meter Made in India (Pack of 2)",Computers&Accessories|Accessories&Peripherals|Cables&Accessories|Cables|USBCables,Computers&Accessories,Accessories&Peripherals,149.0,499.0,70.0,4.0,7732.0,350.0,budget,high,high,https://m.media-amazon.com/images/I/41agXfR4tqL._SX300_SY300_QL70_FMwebp_.jpg,https://www.amazon.in/Pinnaclz-Original-Type-Charging-Transfer/dp/B08R69WBN7/ref=sr_1_182?qid=1672909133&s=electronics&sr=1-182,1,68.45202585207252,4,0.7850891856579226,1.0841816139933547,barato com alto desconto
B01GGKZ4NU,"AmazonBasics USB Type-C to USB Type-C 2.0 Cable for Charging Adapter, Smartphone - 9 Feet (2.7 Meters) - White",Computers&Accessories|Accessories&Peripherals|Cables&Accessories|Cables|USBCables,Computers&Accessories,Accessories&Peripherals,549.0,995.0,45.0,4.2,29746.0,446.0,mid,medium,high,https://m.media-amazon.com/images/W/WEBP_402378-T1/images/I/41pOYlC-U8L._SX300_SY300_QL70_FMwebp_.jpg,https://www.amazon.in/AmazonBasics-USB-Type-C-2-0-Cable/dp/B01GGKZ4NU/ref=sr_1_288?qid=1672909138&s=electronics&sr=1-288,1,68.44360019514689,4,0.8405478338814273,-0.06855743148440864,barato com alto desconto
B08WKFSN84,"Wayona Type C To Type C 65W/3.25A Nylon Braided Fast Charging Cable Compatible For Laptop, Macbook, Samsung Galaxy M33 M53 M51 S20 Ultra, A71, A53, A51, Ipad Pro 2018 (1M, Grey)",Computers&Accessories|Accessories&Peripherals|Cables&Accessories|Cables|USBCables,Computers&Accessories,Accessories&Peripherals,379.0,1099.0,66.0,4.3,2806.0,720.0,budget,high,high,https://m.media-amazon.com/images/W/WEBP_402378-T1/images/I/51pl09bEsHL._SY445_SX342_QL70_FMwebp_.jpg,https://www.amazon.in/Wayona-Charging-Braided-Compatible-Samsung/dp/B08WKFSN84/ref=sr_1_402?qid=1672903014&s=computers&sr=1-402,1,68.39909099196888,4,1.0654586128483896,0.42781511201746303,barato com alto desconto
B08WKG2MWT,"Wayona Usb C 65W Fast Charging Cable Compatible For Tablets Samsung S22 S20 S10 S20Fe S21 S21 Ultra A70 A51 A71 A50S M31 M51 M31S M53 5G (1M, Black)",Computers&Accessories|Accessories&Peripherals|Cables&Accessories|Cables|USBCables,Computers&Accessories,Accessories&Peripherals,379.0,1099.0,66.0,4.3,2806.0,720.0,budget,high,high,https://m.media-amazon.com/images/I/417MtmtMOvL._SY445_SX342_QL70_FMwebp_.jpg,https://www.amazon.in/Wayona-Charging-Charger-Compatible-Samsung/dp/B08WKG2MWT/ref=sr_1_207?qid=1672909134&s=electronics&sr=1-207,1,68.39909099196888,4,1.0654586128483896,0.42781511201746303,barato com alto desconto
B07L8KNP5F,"ZEBRONICS Zeb-Thunder Bluetooth Wireless Over Ear Headphone FM, mSD, 9 hrs Playback with Mic (Black)","Electronics|Headphones,Earbuds&Accessories|Headphones|On-Ear",Electronics,"Headphones,Earbuds&Accessories",599.0,1399.0,57.0,3.8,60026.0,800.0,mid,high,high,https://m.media-amazon.com/images/I/41AP5QV2M0L._SX300_SY300_QL70_FMwebp_.jpg,https://www.amazon.in/Zebronics-Zeb-Thunder-Bluetooth-Headphone-Input/dp/B07L8KNP5F/ref=sr_1_103?qid=1672903000&s=computers&sr=1-103,1,68.3725967229511,4,0.8079526035397578,0.8948489009599805,barato com alto desconto
B09DG9VNWB,"Samsung Galaxy Watch4 Bluetooth(4.4 cm, Black, Compatible with Android only)",Electronics|WearableTechnology|SmartWatches,Electronics,WearableTechnology,12000.0,29999.0,60.0,4.3,4744.0,17999.0,luxury,high,high,https://m.media-amazon.com/images/I/31CuxaU77jL._SY300_SX300_QL70_FMwebp_.jpg,https://www.amazon.in/Samsung-Galaxy-Bluetooth-Compatible-Android/dp/B09DG9VNWB/ref=sr_1_131?qid=1672903001&s=computers&sr=1-131,1,68.35183249331622,4,0.823358315321354,-0.6829511287263029,barato com alto desconto
B0BNXFDTZ2,"Fire-Boltt Tank 1.85"" Bluetooth Calling Smart Watch, 123 Sports Mode, 8 UI Interactions, Built in Speaker & Mic, 7 Days Battery & Fire-Boltt Health Suite",Electronics|WearableTechnology|SmartWatches,Electronics,WearableTechnology,2999.0,11999.0,75.0,4.4,768.0,9000.0,premium,high,medium,https://m.media-amazon.com/images/I/41vQwUamFcL._SX300_SY300_QL70_ML2_.jpg,https://www.amazon.in/Fire-Boltt-Bluetooth-Calling-Interactions-Speaker/dp/B0BNXFDTZ2/ref=sr_1_486?qid=1672895894&s=electronics&sr=1-486,1,68.3069083129557,4,1.294755787721179,0.29267158398880366,barato com alto desconto
B00MFPCY5C,GIZGA essentials Universal Silicone Keyboard Protector Skin for 15.6-inches Laptop (5 x 6 x 3 inches),"Computers&Accessories|Accessories&Peripherals|Keyboards,Mice&InputDevices|Keyboard&MiceAccessories|DustCovers",Computers&Accessories,Accessories&Peripherals,39.0,299.0,87.0,3.5,15233.0,260.0,budget,high,high,https://m.media-amazon.com/images/I/51YPXDh78VL._SX300_SY300_QL70_FMwebp_.jpg,https://www.amazon.in/Universal-Silicone-Keyboard-Protector-15-6-inch/dp/B00MFPCY5C/ref=sr_1_65?qid=1672902997&s=computers&sr=1-65,1,68.30658680013364,1,0.4678488829760613,2.446257212108002,segmento misto
B07DJ5KYDZ,Lenovo GX20L29764 65W Laptop Adapter/Charger with Power Cord for Select Models of Lenovo (Round pin) (Black),Computers&Accessories|Accessories&Peripherals|LaptopAccessories|LaptopChargers&PowerSupplies,Computers&Accessories,Accessories&Peripherals,1249.0,2796.0,55.0,4.4,4598.0,1547.0,mid,high,high,https://m.media-amazon.com/images/W/WEBP_402378-T2/images/I/312ne4gFX+L._SY300_SX300_.jpg,https://www.amazon.in/Lenovo-65W-320-15IKBRA-320S-14IKBR-510S-13IKB/dp/B07DJ5KYDZ/ref=sr_1_360?qid=1672903012&s=computers&sr=1-360,1,68.26319492793887,4,1.0060644676550174,-0.13387533231770454,barato com alto desconto
B08SMJT55F,"boAt Stone 250 Portable Wireless Speaker with 5W RMS Immersive Audio, RGB LEDs, Up to 8HRS Playtime, IPX7 Water Resistance, Multi-Compatibility Modes(Black)",Electronics|HomeAudio|Speakers|BluetoothSpeakers,Electronics,HomeAudio,1199.0,3990.0,70.0,4.2,2908.0,2791.0,mid,high,high,https://m.media-amazon.com/images/I/51J45DcgktL._SX300_SY300_QL70_FMwebp_.jpg,https://www.amazon.in/boAt-Stone-250-Playback-Hours/dp/B08SMJT55F/ref=sr_1_464?qid=1672903018&s=computers&sr=1-464,1,68.23486908843157,4,0.9762919327222283,0.6532829671778398,barato com alto desconto
B07CWNJLPC,"AmazonBasics Double Braided Nylon USB Type-C to Type-C 2.0 Cable Smartphone (Dark Grey, 3 feet)",Computers&Accessories|Accessories&Peripherals|Cables&Accessories|Cables|USBCables,Computers&Accessories,Accessories&Peripherals,499.0,1200.0,58.0,4.3,5451.0,701.0,budget,high,high,https://m.media-amazon.com/images/I/41sNnS4Rl7L._SX300_SY300_QL70_FMwebp_.jpg,https://www.amazon.in/AmazonBasics-Double-Braided-Nylon-Type-C/dp/B07CWNJLPC/ref=sr_1_204?qid=1672909134&s=electronics&sr=1-204,1,68.22959590014929,4,0.9383586085685438,0.1880648925621659,barato com alto desconto
B09GFPVD9Y,"Redmi 9 Activ (Carbon Black, 4GB RAM, 64GB Storage) | Octa-core Helio G35 | 5000 mAh Battery",Electronics|Mobiles&Accessories|Smartphones&BasicMobiles|Smartphones,Electronics,Mobiles&Accessories,8499.0,10999.0,23.0,4.1,313836.0,2500.0,premium,medium,high,https://m.media-amazon.com/images/I/416SpYgTVYL._SX300_SY300_QL70_ML2_.jpg,https://www.amazon.in/Redmi-Activ-Carbon-Black-Storage/dp/B09GFPVD9Y/ref=sr_1_39?qid=1672895755&s=electronics&sr=1-39,1,68.20897729990405,2,3.091283849728628,-1.9667950596358659,segmento misto
B0B2PQL5N3,"Lapster Gel Mouse pad with Wrist Rest , Gaming Mouse Pad with Lycra Cloth Nonslip for Laptop , Computer, , Home & Office (Black)","Computers&Accessories|Accessories&Peripherals|Keyboards,Mice&InputDevices|Keyboard&MiceAccessories|MousePads",Computers&Accessories,Accessories&Peripherals,230.0,999.0,77.0,4.2,1528.0,769.0,budget,high,high,https://m.media-amazon.com/images/W/WEBP_402378-T1/images/I/31tk9yOK-qL._SX300_SY300_QL70_FMwebp_.jpg,https://www.amazon.in/Lapster-Gaming-Nonslip-Laptop-Computer/dp/B0B2PQL5N3/ref=sr_1_221?qid=1672903006&s=computers&sr=1-221,1,68.19937798739747,4,1.0938274818521982,0.9304681242467127,barato com alto desconto
B07QCWY5XV,"Mobilife Bluetooth Extendable Selfie Stick with Tripod Stand and Wireless Remote,3-in-1 Multifunctional Selfie Stick Tripod for iPhone Samsung Mi Realme Oppo Vivo Google More,Black",Electronics|Mobiles&Accessories|MobileAccessories|Photo&VideoAccessories|SelfieSticks,Electronics,Mobiles&Accessories,599.0,1399.0,57.0,4.1,14560.0,800.0,mid,high,high,https://m.media-amazon.com/images/I/41vCOAeGvSL._SX300_SY300_QL70_ML2_.jpg,https://www.amazon.in/Hoteon-Mobilife-Bluetooth-Extendable-Wireless/dp/B07QCWY5XV/ref=sr_1_463?qid=1672895886&s=electronics&sr=1-463,1,68.19458979049044,4,0.7381192308484285,0.4863403136409882,barato com alto desconto
B07VTFN6HM,"Western Digital WD 2TB My Passport Portable Hard Disk Drive, USB 3.0 with  Automatic Backup, 256 Bit AES Hardware Encryption,Password Protection,Compatible with Windows and Mac, External HDD-Black",Computers&Accessories|ExternalDevices&DataStorage|ExternalHardDisks,Computers&Accessories,ExternalDevices&DataStorage,5599.0,7350.0,24.0,4.4,73005.0,1751.0,premium,medium,high,https://m.media-amazon.com/images/W/WEBP_402378-T1/images/I/31iDEczWTWL._SX300_SY300_QL70_FMwebp_.jpg,https://www.amazon.in/Passport-Portable-External-Drive-Black/dp/B07VTFN6HM/ref=sr_1_229?qid=1672903006&s=computers&sr=1-229,1,68.17338410687577,0,1.0993917036938539,-1.5464986278121835,segmento misto
B089WB69Y1,"USB Charger, Oraimo Elite Dual Port 5V/2.4A Wall Charger, USB Wall Charger Adapter for iPhone 11/Xs/XS Max/XR/X/8/7/6/Plus, iPad Pro/Air 2/Mini 3/Mini 4, Samsung S4/S5, and More",Electronics|Mobiles&Accessories|MobileAccessories|Chargers|WallChargers,Electronics,Mobiles&Accessories,249.0,649.0,62.0,4.0,14404.0,400.0,budget,high,high,https://m.media-amazon.com/images/I/41v82KfCUuL._SX300_SY300_QL70_ML2_.jpg,https://www.amazon.in/oraimo-firefly-2s-charger-micro-usb-multi-protection/dp/B089WB69Y1/ref=sr_1_102?qid=1672895777&s=electronics&sr=1-102,1,68.15927210721422,4,0.6894450745286457,0.8345996090830138,barato com alto desconto
B0B19VJXQZ,"ECOVACS DEEBOT N8 2-in-1 Robotic Vacuum Cleaner, 2022 New Launch, Most Powerful Suction, Covers 2000+ Sq. Ft in One Charge, Advanced dToF Technology with OZMO Mopping (DEEBOT N8) - White","Home&Kitchen|Kitchen&HomeAppliances|Vacuum,Cleaning&Ironing|Vacuums&FloorCare|Vacuums|RoboticVacuums",Home&Kitchen,Kitchen&HomeAppliances,27900.0,59900.0,53.0,4.4,5298.0,32000.0,luxury,high,high,https://m.media-amazon.com/images/W/WEBP_402378-T2/images/I/31Ly7OehCGL._SX300_SY300_QL70_FMwebp_.jpg,https://www.amazon.in/ECOVACS-Robotic-Powerful-Advanced-Technology/dp/B0B19VJXQZ/ref=sr_1_323?qid=1672923609&s=kitchen&sr=1-323,1,68.1491823750903,3,0.6165296703600761,-2.3429687718882684,premium bem avaliado
B07P434WJY,"RC PRINT GI 790 Ink Refill for Canon G1000, G1010, G1100, G2000, G2002, G2010, G2012, G2100, G3000, G3010, G3012, G3100, G4000, G4010","Computers&Accessories|Printers,Inks&Accessories|Inks,Toners&Cartridges|InkjetInkRefills&Kits",Computers&Accessories,"Printers,Inks&Accessories",549.0,1999.0,73.0,4.3,1367.0,1450.0,mid,high,high,https://m.media-amazon.com/images/I/512ah5e1LsL._SY300_SX300_QL70_FMwebp_.jpg,https://www.amazon.in/PRINT-Compatible-Bottles-Printer-Magenta/dp/B07P434WJY/ref=sr_1_399?qid=1672903014&s=computers&sr=1-399,1,68.14069278313907,4,1.1495711283098176,0.6136573082177972,barato com alto desconto
B08FGNPQ9X,"Zinq UPS for Router, Mini UPS for 12V WiFi Router Broadband Modem with Upto 4 Hours Power Backup, Upto 2Amp, Works with Existing Adapter, Also Works with Set-top Box, Smart Camera, CCTV (Black)",Computers&Accessories|NetworkingDevices|Routers,Computers&Accessories,NetworkingDevices,1199.0,2999.0,60.0,4.1,10725.0,1800.0,mid,high,high,https://m.media-amazon.com/images/I/4148+QSBxXL._SY300_SX300_.jpg,https://www.amazon.in/Zinq-Technologies-ZQ-6600-Intercom-Set-top/dp/B08FGNPQ9X/ref=sr_1_383?qid=1672903013&s=computers&sr=1-383,1,68.09082877013846,4,0.7349761472470148,0.5327578250763341,barato com alto desconto
B07X2L5Z8C,"Logitech Pebble M350 Wireless Mouse with Bluetooth or USB - Silent, Slim Computer Mouse with Quiet Click for Laptop, Notebook, PC and Mac - Graphite","Computers&Accessories|Accessories&Peripherals|Keyboards,Mice&InputDevices|Mice",Computers&Accessories,Accessories&Peripherals,1490.0,2295.0,35.0,4.6,10652.0,805.0,mid,medium,high,https://m.media-amazon.com/images/I/31DstM4dQ8L._SX300_SY300_QL70_FMwebp_.jpg,https://www.amazon.in/Logitech-Pebble-M350-Wireless-Bluetooth/dp/B07X2L5Z8C/ref=sr_1_295?qid=1672903010&s=computers&sr=1-295,1,68.08841572836623,4,0.9747308316956177,-1.0879199246362876,barato com alto desconto
B00N1U7JXM,"3M Post-it Sticky Note Cube, 200 Sheets (4 Colors x 50 Sheets) | 3"" x 3"" Size | For notes, reminders, study, school and organizing","OfficeProducts|OfficePaperProducts|Paper|Stationery|Notebooks,WritingPads&Diaries|Notepads&MemoBooks",OfficeProducts,OfficePaperProducts,90.0,175.0,49.0,4.4,7429.0,85.0,budget,medium,high,https://m.media-amazon.com/images/W/WEBP_402378-T2/images/I/41yNejBMf+L._SY300_SX300_.jpg,https://www.amazon.in/Post-Cubes-sheets-colours-inches/dp/B00N1U7JXM/ref=sr_1_262_mod_primary_new?qid=1672903007&s=computers&sbo=RZvfv%2F%2FHxDF%2BO5021pAnSA%3D%3D&sr=1-262,1,68.08235277488372,4,0.9316263247910258,-0.21520622301436332,barato com alto desconto
B0BJ6P3LSK,"Aqua d pure Active Copper 12-L RO+UV Water Filter Purifier for Home, Kitchen Fully Automatic UF+TDS Controller",Home&Kitchen|Kitchen&HomeAppliances|WaterPurifiers&Accessories|WaterFilters&Purifiers,Home&Kitchen,Kitchen&HomeAppliances,4999.0,24999.0,80.0,4.5,287.0,20000.0,premium,high,medium,https://m.media-amazon.com/images/W/WEBP_402378-T2/images/I/41NSz+RdSoL._SX342_SY445_.jpg,https://www.amazon.in/Aquadpure-Copper-RO-Automatic-Controller/dp/B0BJ6P3LSK/ref=sr_1_453?qid=1672923614&s=kitchen&sr=1-453,1,68.07310026136845,4,1.4673663199031515,0.09198279751255599,barato com alto desconto
B085W8CFLH,"PTron Tangent Lite Bluetooth 5.0 Earphones with Mic, Hi-Fi Stereo Sound Neckband, 8Hrs Playtime, Lightweight Snug-fit in-Ear Headphones, IPX4 Water Resistant, Fast Charge & Voice Assistant (Black)","Electronics|Headphones,Earbuds&Accessories|Headphones|In-Ear",Electronics,"Headphones,Earbuds&Accessories",599.0,1800.0,67.0,3.5,83996.0,1201.0,mid,high,high,https://m.media-amazon.com/images/I/41qhEf58vbL._SX300_SY300_QL70_ML2_.jpg,https://www.amazon.in/Tangent-Lite-Magnetic-Bluetooth-Headphones/dp/B085W8CFLH/ref=sr_1_84?qid=1672895770&s=electronics&sr=1-84,1,68.02320983004918,1,0.7906296314744381,1.6451983101469894,segmento misto
B0856HNMR7,"boAt Rockerz 370 On Ear Bluetooth Headphones with Upto 12 Hours Playtime, Cozy Padded Earcups and Bluetooth v5.0, with Mic (Buoyant Black)","Electronics|Headphones,Earbuds&Accessories|Headphones|On-Ear",Electronics,"Headphones,Earbuds&Accessories",1199.0,2499.0,52.0,4.0,33584.0,1300.0,mid,high,high,https://m.media-amazon.com/images/W/WEBP_402378-T2/images/I/41Beq4WLggL._SX300_SY300_QL70_FMwebp_.jpg,https://www.amazon.in/Rockerz-370-Headphone-Bluetooth-Lightweight/dp/B0856HNMR7/ref=sr_1_92?qid=1672902998&s=computers&sr=1-92,1,67.9965778227864,4,0.6855150235230966,0.4241489184327695,barato com alto desconto
B084DTMYWK,Myvn 30W Warp/20W Dash Charging Usb Type C Charger Cable Compatible For Cellular Phones Oneplus 8T 8 8Pro 7 Pro / 7T / 7T Pro Nord And Oneplus 3 / 3T / 5 / 5T / 6 / 6T / 7,Electronics|Mobiles&Accessories|MobileAccessories|Chargers|WallChargers,Electronics,Mobiles&Accessories,329.0,999.0,67.0,4.2,3492.0,670.0,budget,high,high,https://m.media-amazon.com/images/I/41kwROGAMEL._SX300_SY300_QL70_ML2_.jpg,https://www.amazon.in/MYVN-Charging-Compatible-OnePlus-Charge/dp/B084DTMYWK/ref=sr_1_208?qid=1672895806&s=electronics&sr=1-208,1,67.97663755134877,4,0.9210959140501447,0.6388155854696895,barato com alto desconto
B07W7Z6DVL,"Infinity (JBL Fuze 100, Wireless Portable Bluetooth Speaker with Mic, Deep Bass, Dual Equalizer, IPX7 Waterproof, Rugged Fabric Design (Black)",Electronics|HomeAudio|Speakers|OutdoorSpeakers,Electronics,HomeAudio,1499.0,2999.0,50.0,4.1,25262.0,1500.0,mid,medium,high,https://m.media-amazon.com/images/W/WEBP_402378-T1/images/I/51UH57Cs5hL._SX300_SY300_QL70_FMwebp_.jpg,https://www.amazon.in/Infinity-Fuze-100-Waterproof-Portable/dp/B07W7Z6DVL/ref=sr_1_500?qid=1672903019&s=computers&sr=1-500,1,67.95812050912437,4,0.6947647286234825,0.1882022354231772,barato com alto desconto
B08LW31NQ6,"Lenovo 600 Bluetooth 5.0 Silent Mouse: Compact, Portable, Dongle-Free Multi-Device connectivity with Microsoft Swift Pair | 3-Level Adjustable DPI up to 2400 | Battery Life: up to 1 yr","Computers&Accessories|Accessories&Peripherals|Keyboards,Mice&InputDevices|Mice",Computers&Accessories,Accessories&Peripherals,1439.0,2890.0,50.0,4.5,4099.0,1451.0,mid,medium,high,https://m.media-amazon.com/images/I/31fORCrbSJL._SX300_SY300_QL70_FMwebp_.jpg,https://www.amazon.in/Lenovo-600-Bluetooth%C2%AE-Silent-Mouse/dp/B08LW31NQ6/ref=sr_1_309?qid=1672903010&s=computers&sr=1-309,1,67.9279695476088,4,1.0206944107702445,-0.46658408742523366,barato com alto desconto
B09P858DK8,"WeCool C1 Car Mobile Holder with One Click Technology,360° Rotational, Strong Suction Cup,Compatible with 4 to 6 Inch Devices, Wildshield and Dashboard Mobile Holder for Car, and Use",Electronics|Mobiles&Accessories|MobileAccessories|AutomobileAccessories|Cradles,Electronics,Mobiles&Accessories,489.0,1999.0,76.0,4.0,3626.0,1510.0,budget,high,high,https://m.media-amazon.com/images/I/41fkuZKjGCL._SX300_SY300_QL70_ML2_.jpg,https://www.amazon.in/WeCool-C1-Technology-Windshield-Extendable/dp/B09P858DK8/ref=sr_1_104?qid=1672895777&s=electronics&sr=1-104,1,67.81462668679886,4,0.7922606446950294,1.2369499983143253,barato com alto desconto
B07QMRHWJD,"SWAPKART Portable Flexible Adjustable Eye Protection USB LED Desk Light Table Lamp for Reading, Working on PC, Laptop, Power Bank, Bedroom ( Multicolour )",Computers&Accessories|Accessories&Peripherals|USBGadgets|Lamps,Computers&Accessories,Accessories&Peripherals,298.0,999.0,70.0,4.3,1552.0,701.0,budget,high,high,https://m.media-amazon.com/images/I/41d-eh65JLS._SX300_SY300_QL70_FMwebp_.jpg,https://www.amazon.in/SWAPKART-Portable-Reading-Working-Bedroom/dp/B07QMRHWJD/ref=sr_1_499?qid=1672903019&s=computers&sr=1-499,1,67.71694866327532,4,1.0689432260063232,0.5507015742034737,barato com alto desconto
B00EDJJ7FS,Philips Viva Collection HD4928/01 2100-Watt Induction Cooktop with Feather Touch Sensor and Crystal Glass Plate (Black),Home&Kitchen|Kitchen&HomeAppliances|SmallKitchenAppliances|InductionCooktop,Home&Kitchen,Kitchen&HomeAppliances,3229.0,5295.0,39.0,4.2,39724.0,2066.0,premium,medium,high,https://m.media-amazon.com/images/I/41Bnylq337S._SX300_SY300_QL70_FMwebp_.jpg,https://www.amazon.in/Philips-Collection-HD4928-01-2100-Watt/dp/B00EDJJ7FS/ref=sr_1_54?qid=1672923593&s=kitchen&sr=1-54,1,67.70104522750077,4,0.7433419999260512,-0.47945848197919483,barato com alto desconto
B09GFPN6TP,"Redmi 9A Sport (Coral Green, 3GB RAM, 32GB Storage) | 2GHz Octa-core Helio G25 Processor | 5000 mAh Battery",Electronics|Mobiles&Accessories|Smartphones&BasicMobiles|Smartphones,Electronics,Mobiles&Accessories,7499.0,9499.0,21.0,4.1,313832.0,2000.0,premium,medium,high,https://m.media-amazon.com/images/I/41i7LM0pGwL._SX300_SY300_QL70_ML2_.jpg,https://www.amazon.in/Redmi-9A-Sport-Octa-core-Processor/dp/B09GFPN6TP/ref=sr_1_432?qid=1672895872&s=electronics&sr=1-432,1,67.67702481153573,2,3.0274040668515,-1.9406797531366733,segmento misto
B07GMFY9QM,"SOFLIN Egg Boiler Electric Automatic Off 7 Egg Poacher for Steaming, Cooking, Boiling and Frying (400 Watts, Blue)",Home&Kitchen|Kitchen&HomeAppliances|SmallKitchenAppliances|EggBoilers,Home&Kitchen,Kitchen&HomeAppliances,379.0,999.0,62.0,4.3,3096.0,620.0,budget,high,high,https://m.media-amazon.com/images/I/31zTQCdL35S._SX300_SY300_QL70_FMwebp_.jpg,https://www.amazon.in/SOFLIN-Electric-Automatic-Poacher-Steaming/dp/B07GMFY9QM/ref=sr_1_60?qid=1672923593&s=kitchen&sr=1-60,1,67.62526246498723,4,0.9373426844664737,0.3171423098696561,barato com alto desconto
B0085IATT6,"D-Link DIR-615 Wi-fi Ethernet-N300 Single_band 300Mbps Router, Mobile App Support, Router | AP | Repeater | Client Modes(Black)",Computers&Accessories|NetworkingDevices|Routers,Computers&Accessories,NetworkingDevices,899.0,1800.0,50.0,4.1,22375.0,901.0,mid,medium,high,https://m.media-amazon.com/images/W/WEBP_402378-T1/images/I/31c6zDmtEnL._SY300_SX300_QL70_FMwebp_.jpg,https://www.amazon.in/D-Link-DIR-615-Wireless-N300-Router-Black/dp/B0085IATT6/ref=sr_1_320?qid=1672903011&s=computers&sr=1-320,1,67.60017637604827,4,0.6448230983055815,0.2457295064098018,barato com alto desconto
B09TMZ1MF8,Western Digital WD Green SATA 240GB Internal SSD Solid State Drive - SATA 6Gb/s 2.5 inches - WDS240G3G0A,Computers&Accessories|Components|InternalSolidStateDrives,Computers&Accessories,Components,1709.0,4000.0,57.0,4.4,3029.0,2291.0,mid,high,high,https://m.media-amazon.com/images/W/WEBP_402378-T2/images/I/31kFRC4fP6L._SY300_SX300_QL70_FMwebp_.jpg,https://www.amazon.in/Western-Digital-Green-240GB-Internal/dp/B09TMZ1MF8/ref=sr_1_339?qid=1672903012&s=computers&sr=1-339,1,67.56429621901535,4,0.9631077178701501,-0.10939749098882873,barato com alto desconto
B00HVXS7WC,"Bajaj Rex 500W Mixer Grinder with Nutri-Pro Feature, 3 Jars, White",Home&Kitchen|Kitchen&HomeAppliances|SmallKitchenAppliances|MixerGrinders,Home&Kitchen,Kitchen&HomeAppliances,1999.0,3210.0,38.0,4.2,41349.0,1211.0,mid,medium,high,https://m.media-amazon.com/images/W/WEBP_402378-T1/images/I/31rucE-db2L._SX300_SY300_QL70_FMwebp_.jpg,https://www.amazon.in/Bajaj-Rex-500-Watt-Mixer-Grinder/dp/B00HVXS7WC/ref=sr_1_34?qid=1672923592&s=kitchen&sr=1-34,1,67.55334377679286,4,0.7470468744947993,-0.4124225804805734,barato com alto desconto
B09RFC46VP,Redmi 108 cm (43 inches) 4K Ultra HD Android Smart LED TV X43 | L43R7-7AIN (Black),"Electronics|HomeTheater,TV&Video|Televisions|SmartTelevisions",Electronics,"HomeTheater,TV&Video",26999.0,42999.0,37.0,4.2,45238.0,16000.0,luxury,medium,high,https://m.media-amazon.com/images/W/WEBP_402378-T2/images/I/41w1didcczL._SY300_SX300_QL70_FMwebp_.jpg,https://www.amazon.in/Redmi-inches-Ultra-Android-L43R7-7AIN/dp/B09RFC46VP/ref=sr_1_81?qid=1672909128&s=electronics&sr=1-81,1,67.55252073757163,3,0.4382185463478365,-2.4698673520456964,premium bem avaliado
B08HLC7Z3G,"Inalsa Electric Kettle Prism Inox - 1350 W with LED Illumination & Boro-Silicate Body, 1.8 L Capacity along with Cordless Base, 2 Year Warranty (Black)",Home&Kitchen|Kitchen&HomeAppliances|SmallKitchenAppliances|Kettles&HotWaterDispensers|Kettle&ToasterSets,Home&Kitchen,Kitchen&HomeAppliances,1182.0,2995.0,61.0,4.2,5178.0,1813.0,mid,high,high,https://m.media-amazon.com/images/I/41FTyQVamFL._SX300_SY300_QL70_FMwebp_.jpg,https://www.amazon.in/Inalsa-Electric-Kettle-Prism-Inox/dp/B08HLC7Z3G/ref=sr_1_229?qid=1672923603&s=kitchen&sr=1-229,1,67.54261049201514,4,0.7882091842439324,0.398874434006857,barato com alto desconto
B0B9LDCX89,"STRIFF Mpad Mouse Mat 230X190X3mm Gaming Mouse Pad, Non-Slip Rubber Base, Waterproof Surface, Premium-Textured, Compatible with Laser and Optical Mice(Universe Black)","Computers&Accessories|Accessories&Peripherals|Keyboards,Mice&InputDevices|Keyboard&MiceAccessories|MousePads",Computers&Accessories,Accessories&Peripherals,129.0,999.0,87.0,4.2,491.0,870.0,budget,high,medium,https://m.media-amazon.com/images/W/WEBP_402378-T1/images/I/41FMV7m5bZL._SX300_SY300_QL70_FMwebp_.jpg,https://www.amazon.in/STRIFF-230X190X3mm-Waterproof-Premium-Textured-Compatible/dp/B0B9LDCX89/ref=sr_1_73?qid=1672902998&s=computers&sr=1-73,1,67.51438689604502,4,1.2037728008093473,1.2213841697871968,barato com alto desconto
B0994GFWBH,Lapster 1.5 mtr USB 2.0 Type A Male to USB A Male Cable for computer and laptop,Computers&Accessories|Accessories&Peripherals|Cables&Accessories|Cables|USBCables,Computers&Accessories,Accessories&Peripherals,139.0,999.0,86.0,4.0,1313.0,860.0,budget,high,high,https://m.media-amazon.com/images/I/310WOJIrwjL._SX300_SY300_QL70_FMwebp_.jpg,https://www.amazon.in/Lapster-Type-Cable-computer-laptop/dp/B0994GFWBH/ref=sr_1_68?qid=1672909126&s=electronics&sr=1-68,2,67.47934620088061,4,0.9203460553995466,1.5509817891379503,barato com alto desconto
B01MQZ7J8K,"Prestige Electric Kettle PKOSS - 1500watts, Steel (1.5Ltr), Black",Home&Kitchen|Kitchen&HomeAppliances|SmallKitchenAppliances|Kettles&HotWaterDispensers|ElectricKettles,Home&Kitchen,Kitchen&HomeAppliances,749.0,1445.0,48.0,3.9,63350.0,696.0,mid,medium,high,https://m.media-amazon.com/images/I/41XXjVSLyGL._SX300_SY300_QL70_FMwebp_.jpg,https://www.amazon.in/Prestige-Electric-Kettle-PKOSS-1500watts/dp/B01MQZ7J8K/ref=sr_1_18?qid=1672923591&s=kitchen&sr=1-18,1,67.47128736236199,4,0.7475038353506869,0.4440304158069074,barato com alto desconto
B08LPJZSSW,"DIGITEK® (DTR 260 GT) Gorilla Tripod/Mini 33 cm (13 Inch) Tripod for Mobile Phone with Phone Mount & Remote, Flexible Gorilla Stand for DSLR & Action Cameras",Electronics|Cameras&Photography|Accessories|Tripods&Monopods|TripodLegs,Electronics,Cameras&Photography,399.0,995.0,60.0,3.9,21372.0,596.0,budget,high,high,https://m.media-amazon.com/images/W/WEBP_402378-T1/images/I/41jOKzw6-EL._SX300_SY300_QL70_FMwebp_.jpg,https://www.amazon.in/DIGITEK%C2%AE-DTR-260-GT-Flexible/dp/B08LPJZSSW/ref=sr_1_59?qid=1672902997&s=computers&sr=1-59,1,67.45781230353928,4,0.532081996771909,0.9282491348926803,barato com alto desconto
B08PFSZ7FH,STRIFF Laptop Stand Adjustable Laptop Computer Stand Multi-Angle Stand Phone Stand Portable Foldable Laptop Riser Notebook Holder Stand Compatible for 9 to 15.6” Laptops Black(Black),Computers&Accessories|Accessories&Peripherals|LaptopAccessories|NotebookComputerStands,Computers&Accessories,Accessories&Peripherals,299.0,1499.0,80.0,4.2,903.0,1200.0,budget,high,medium,https://m.media-amazon.com/images/I/51r+g8fFJsL._SX300_SY300_.jpg,https://www.amazon.in/STRIFF-Adjustable-Computer-Multi-Angle-Compatible/dp/B08PFSZ7FH/ref=sr_1_189?qid=1672903004&s=computers&sr=1-189,1,67.44709845348467,4,1.0787790066405476,1.0117174384708136,barato com alto desconto
B082T6GVLJ,"Amazon Basics New Release Nylon USB-A to Lightning Cable Cord, Fast Charging MFi Certified Charger for Apple iPhone, iPad (3-Ft, Rose Gold)",Computers&Accessories|Accessories&Peripherals|Cables&Accessories|Cables|USBCables,Computers&Accessories,Accessories&Peripherals,849.0,1809.0,53.0,4.3,6547.0,960.0,mid,high,high,https://m.media-amazon.com/images/I/31kw1RgU5yL._SX300_SY300_QL70_FMwebp_.jpg,https://www.amazon.in/AmazonBasics-Nylon-Braided-Lightning-Cable/dp/B082T6GVLJ/ref=sr_1_113?qid=1672909129&s=electronics&sr=1-113,1,67.44011478773554,4,0.7952005583356035,0.018986972754130492,barato com alto desconto
B097R45BH8,"Bajaj New Shakti Neo 15L Vertical Storage Water Heater (Geyser 15 litres) 4 Star BEE Rated Heater For Water Heating with Titanium Armour, Swirl Flow Technology, Glasslined Tank (White), 1 Yr Warranty","Home&Kitchen|Heating,Cooling&AirQuality|WaterHeaters&Geysers|StorageWaterHeaters",Home&Kitchen,"Heating,Cooling&AirQuality",5499.0,13150.0,58.0,4.2,6398.0,7651.0,premium,high,high,https://m.media-amazon.com/images/I/31U-ACCgQ1L._SX300_SY300_QL70_FMwebp_.jpg,https://www.amazon.in/Bajaj-Shakti-Heater-Multiple-Safety/dp/B097R45BH8/ref=sr_1_30?qid=1672923592&s=kitchen&sr=1-30,1,67.36867414204445,4,0.6775242977485216,-0.03636614254572138,barato com alto desconto
B01MY839VW,"Orient Electric Fabrijoy DIFJ10BP 1000-Watt Dry Iron, Non-Stick (White and Blue)","Home&Kitchen|Kitchen&HomeAppliances|Vacuum,Cleaning&Ironing|Irons,Steamers&Accessories|Irons|DryIrons",Home&Kitchen,Kitchen&HomeAppliances,549.0,1090.0,50.0,4.2,13029.0,541.0,mid,medium,high,https://m.media-amazon.com/images/W/WEBP_402378-T1/images/I/31VoHcKK5ZL._SX300_SY300_QL70_FMwebp_.jpg,https://www.amazon.in/Orient-Electric-Fabrijoy-DIFJ10BP-1000-Watt/dp/B01MY839VW/ref=sr_1_69?qid=1672923593&s=kitchen&sr=1-69,1,67.33853892609034,4,0.669226087733469,0.1213522061545545,barato com alto desconto
B08BJN4MP3,HUL Pureit Eco Water Saver Mineral RO+UV+MF AS wall mounted/Counter top Black 10L Water Purifier,Home&Kitchen|Kitchen&HomeAppliances|WaterPurifiers&Accessories|WaterFilters&Purifiers,Home&Kitchen,Kitchen&HomeAppliances,13999.0,24850.0,44.0,4.4,8948.0,10851.0,luxury,medium,high,https://m.media-amazon.com/images/W/WEBP_402378-T2/images/I/41ut+j+REdL._SY300_SX300_.jpg,https://www.amazon.in/HUL-Pureit-Mineral-mounted-Purifier/dp/B08BJN4MP3/ref=sr_1_317?qid=1672923609&s=kitchen&sr=1-317,1,67.30124506243419,4,0.6139254786249669,-1.4801831269101613,barato com alto desconto
B097XJQZ8H,"Cookwell Bullet Mixer Grinder (5 Jars, 3 Blades, Silver)",Home&Kitchen|Kitchen&HomeAppliances|SmallKitchenAppliances|MixerGrinders,Home&Kitchen,Kitchen&HomeAppliances,2464.0,6000.0,59.0,4.1,8866.0,3536.0,premium,high,high,https://m.media-amazon.com/images/I/41nBjnlp-ML._SY300_SX300_QL70_FMwebp_.jpg,https://www.amazon.in/Cookwell-Bullet-Mixer-Grinder-Silver/dp/B097XJQZ8H/ref=sr_1_148?qid=1672923597&s=kitchen&sr=1-148,1,67.26345454658926,4,0.6160761213806589,0.40982184764149904,barato com alto desconto
B074CWD7MS,"Digitek DTR 550 LW (67 Inch) Tripod For DSLR, Camera |Operating Height: 5.57 Feet | Maximum Load Capacity up to 4.5kg | Portable Lightweight Aluminum Tripod with 360 Degree Ball Head | Carry Bag Included (Black) (DTR 550LW)",Electronics|Cameras&Photography|Accessories|Tripods&Monopods|CompleteTripodUnits,Electronics,Cameras&Photography,1549.0,2495.0,38.0,4.4,15137.0,946.0,mid,medium,high,https://m.media-amazon.com/images/I/41NJeh+qQRL._SY300_SX300_.jpg,https://www.amazon.in/Digitek-DTR-550-LW-Tripod/dp/B074CWD7MS/ref=sr_1_124?qid=1672903001&s=computers&sr=1-124,1,67.25602538251721,4,0.73396125603013,-0.6599770008895453,barato com alto desconto
B0B4G2MWSB,"Lapster 5 pin mini usb cable, usb b cable,camera cable usb2.0 for External HDDS/Card Readers/Camera etc.",Computers&Accessories|Accessories&Peripherals|Cables&Accessories|Cables|USBCables,Computers&Accessories,Accessories&Peripherals,149.0,999.0,85.0,4.0,1313.0,850.0,budget,high,high,https://m.media-amazon.com/images/W/WEBP_402378-T1/images/I/41ipWb8mrKL._SX300_SY300_QL70_FMwebp_.jpg,https://www.amazon.in/Lapster-camera-usb2-0-External-Readers/dp/B0B4G2MWSB/ref=sr_1_132?qid=1672909130&s=electronics&sr=1-132,1,67.2133887540721,4,0.8816758116821505,1.522859928294726,barato com alto desconto
B09PNKXSKF,"Noise ColorFit Pulse Grand Smart Watch with 1.69"" HD Display, 60 Sports Modes, 150 Watch Faces, Spo2 Monitoring, Call Notification, Quick Replies to Text & Calls (Rose Pink)",Electronics|WearableTechnology|SmartWatches,Electronics,WearableTechnology,1999.0,3990.0,50.0,4.0,30254.0,1991.0,mid,medium,high,https://m.media-amazon.com/images/I/41Coma77U+L._SY300_SX300_.jpg,https://www.amazon.in/Noise-ColorFit-Display-Monitoring-Smartwatches/dp/B09PNKXSKF/ref=sr_1_59?qid=1672895762&s=electronics&sr=1-59,1,67.15666748086939,4,0.539427381538451,0.31520867235172273,barato com alto desconto
B09NVPJ3P4,"Noise ColorFit Pulse Grand Smart Watch with 1.69""(4.29cm) HD Display, 60 Sports Modes, 150 Watch Faces, Fast Charge, Spo2, Stress, Sleep, Heart Rate Monitoring & IP68 Waterproof (Electric Blue)",Electronics|WearableTechnology|SmartWatches,Electronics,WearableTechnology,1999.0,3999.0,50.0,4.0,30254.0,2000.0,mid,medium,high,https://m.media-amazon.com/images/I/412dSHwBHGL._SX300_SY300_QL70_ML2_.jpg,https://www.amazon.in/Noise-ColorFit-Monitoring-Smartwatches-Electric/dp/B09NVPJ3P4/ref=sr_1_457?qid=1672895886&s=electronics&sr=1-457,1,67.15666748086939,4,0.539427381538451,0.31520867235172273,barato com alto desconto
B09GFM8CGS,"Redmi 9A Sport (Carbon Black, 2GB RAM, 32GB Storage) | 2GHz Octa-core Helio G25 Processor | 5000 mAh Battery",Electronics|Mobiles&Accessories|Smartphones&BasicMobiles|Smartphones,Electronics,Mobiles&Accessories,6499.0,7999.0,19.0,4.1,313832.0,1500.0,premium,low,high,https://m.media-amazon.com/images/I/41P4Al+S3zL._SY300_SX300_.jpg,https://www.amazon.in/Redmi-9A-Sport-Octa-core-Processor/dp/B09GFM8CGS/ref=sr_1_144?qid=1672895784&s=electronics&sr=1-144,1,67.14510991791872,2,2.9635680033512912,-1.9145761324275503,segmento misto
B08S7V8YTN,"Lifelong 2-in1 Egg Boiler and Poacher 500-Watt (Transparent and Silver Grey), Boil 8 eggs, Poach 4 eggs, Easy to clean| 3 Boiling Modes, Stainless Steel Body and Heating Plate, Automatic Turn-Off",Home&Kitchen|Kitchen&HomeAppliances|SmallKitchenAppliances|EggBoilers,Home&Kitchen,Kitchen&HomeAppliances,1199.0,3500.0,66.0,4.3,1802.0,2301.0,mid,high,high,https://m.media-amazon.com/images/W/WEBP_402378-T2/images/I/41LLX-A7eTL._SX300_SY300_QL70_FMwebp_.jpg,https://www.amazon.in/Lifelong-Boiler-Poacher-500-Watt-Transparent/dp/B08S7V8YTN/ref=sr_1_245?qid=1672923605&s=kitchen&sr=1-245,1,67.09339175226519,4,0.9404520422356853,0.36710790811192173,barato com alto desconto
B00NFD0ETQ,"Logitech G402 Hyperion Fury USB Wired Gaming Mouse, 4,000 DPI, Lightweight, 8 Programmable Buttons, Compatible for PC/Mac - Black",Computers&Accessories|Accessories&Peripherals|PCGamingPeripherals|GamingMice,Computers&Accessories,Accessories&Peripherals,1995.0,2895.0,31.0,4.6,10760.0,900.0,mid,medium,high,https://m.media-amazon.com/images/W/WEBP_402378-T1/images/I/31nlfClYn7L._SX300_SY300_QL70_FMwebp_.jpg,https://www.amazon.in/Logitech-Hyperion-Ultra-Gaming-Mouse/dp/B00NFD0ETQ/ref=sr_1_424?qid=1672903016&s=computers&sr=1-424,1,67.05433876804734,0,0.8173612443202196,-1.238320349361513,segmento misto
B00SH18114,"Ikea 903.391.72 Polypropylene Plastic Solid Bevara Sealing Clip (Multicolour) - 30 Pack, Adjustable",Home&Kitchen|Kitchen&HomeAppliances|SmallKitchenAppliances|VacuumSealers,Home&Kitchen,Kitchen&HomeAppliances,160.0,299.0,46.0,4.6,2781.0,139.0,budget,medium,high,https://m.media-amazon.com/images/I/41k+HQz9JbL._SX300_SY300_.jpg,https://www.amazon.in/Ikea-903-391-72-Sealing-assorted-30-pack/dp/B00SH18114/ref=sr_1_129_mod_primary_new?qid=1672923597&s=kitchen&sbo=RZvfv%2F%2FHxDF%2BO5021pAnSA%3D%3D&sr=1-129,1,67.05355400011037,4,1.0208863549184624,-0.6494141453875751,barato com alto desconto
B013B2WGT6,"HealthSense Chef-Mate KS 33 Digital Kitchen Weighing Scale & Food Weight Machine for Health, Fitness, Home Baking & Cooking with Free Bowl, 1 Year Warranty & Batteries Included",Home&Kitchen|Kitchen&HomeAppliances|SmallKitchenAppliances|DigitalKitchenScales,Home&Kitchen,Kitchen&HomeAppliances,1099.0,1899.0,42.0,4.3,15276.0,800.0,mid,medium,high,https://m.media-amazon.com/images/W/WEBP_402378-T1/images/I/410d2Vda6QS._SY300_SX300_QL70_FMwebp_.jpg,https://www.amazon.in/Health-Sense-Chef-Mate-Digital-Scale-KS33/dp/B013B2WGT6/ref=sr_1_106?qid=1672923596&s=kitchen&sr=1-106,1,67.01348237721352,4,0.6557516366583908,-0.33193133262395424,barato com alto desconto
B083P71WKK,"HealthSense Weight Machine for Kitchen, Kitchen Food Weighing Scale for Health, Fitness, Home Baking & Cooking with Hanging Design, Touch Button, Tare Function & 1 Year Warranty – Chef-Mate KS 40",Home&Kitchen|Kitchen&HomeAppliances|SmallKitchenAppliances|DigitalKitchenScales|DigitalScales,Home&Kitchen,Kitchen&HomeAppliances,799.0,1500.0,47.0,4.3,9695.0,701.0,mid,medium,high,https://m.media-amazon.com/images/I/31vAlVllF5L._SX300_SY300_QL70_FMwebp_.jpg,https://www.amazon.in/HealthSense-Chef-Mate-KS-40-Weighing/dp/B083P71WKK/ref=sr_1_87?qid=1672923595&s=kitchen&sr=1-87,1,67.00226130624807,4,0.6888503720985297,-0.1522890170096451,barato com alto desconto
B0BCKWZ884,Caldipree Silicone Case Cover Compatible for 2022 Samsung Smart TV Remote QLED TV BN68-13897A TM2280E (2022-BLACK),"Electronics|HomeTheater,TV&Video|Accessories|RemoteControls",Electronics,"HomeTheater,TV&Video",547.0,2999.0,82.0,4.3,407.0,2452.0,mid,high,medium,https://m.media-amazon.com/images/I/41LwSJdthGL._SX300_SY300_QL70_FMwebp_.jpg,https://www.amazon.in/Caldipree-Silicone-Compatible-BN68-13897A-2022-BLACK/dp/B0BCKWZ884/ref=sr_1_221?qid=1672909135&s=electronics&sr=1-221,1,66.96572686799784,4,1.2026211288043274,0.8694852561490596,barato com alto desconto
B0BJ966M5K,Aquadpure Copper + Mineral RO+UV+UF 10 to 12 Liter RO + UV + TDS ADJUSTER Water Purifier with Copper Charge Technology black & copper Best For Home and Office (Made In India),Home&Kitchen|Kitchen&HomeAppliances|WaterPurifiers&Accessories|WaterFilters&Purifiers,Home&Kitchen,Kitchen&HomeAppliances,4999.0,24999.0,80.0,4.6,124.0,20000.0,premium,high,medium,https://m.media-amazon.com/images/W/WEBP_402378-T1/images/I/41ZvKRULvDL._SY445_SX342_QL70_FMwebp_.jpg,https://www.amazon.in/Aquadpure-Copper-ADJUSTER-Purifier-Technology/dp/B0BJ966M5K/ref=sr_1_308?qid=1672923607&s=kitchen&sr=1-308,1,66.94452851975508,4,1.511630528038299,-0.08559568649151786,barato com alto desconto
B09F6S8BT6,Samsung 80 cm (32 Inches) Wondertainment Series HD Ready LED Smart TV UA32T4340BKXXL (Glossy Black),"Electronics|HomeTheater,TV&Video|Televisions|SmartTelevisions",Electronics,"HomeTheater,TV&Video",13490.0,22900.0,41.0,4.3,16299.0,9410.0,luxury,medium,high,https://m.media-amazon.com/images/W/WEBP_402378-T1/images/I/51q3+E64azL._SX300_SY300_.jpg,https://www.amazon.in/Samsung-Inches-Wondertainment-UA32T4340BKXXL-Glossy/dp/B09F6S8BT6/ref=sr_1_24?qid=1672909124&s=electronics&sr=1-24,2,66.93871061576947,4,0.47879494272071543,-1.3629519032665853,barato com alto desconto
B01F7B2JCI,Dynore Stainless Steel Set of 4 Measuring Cup and 4 Measuring Spoon,"Home&Kitchen|Kitchen&HomeAppliances|Coffee,Tea&Espresso|CoffeeMakerAccessories|MeasuringSpoons",Home&Kitchen,Kitchen&HomeAppliances,184.0,450.0,59.0,4.2,4971.0,266.0,budget,high,high,https://m.media-amazon.com/images/W/WEBP_402378-T2/images/I/41BMEYjkguL._SY300_SX300_QL70_FMwebp_.jpg,https://www.amazon.in/Dynore-Stainless-Measuring-8-Pieces-DS_45/dp/B01F7B2JCI/ref=sr_1_457?qid=1672923614&s=kitchen&sr=1-457,1,66.89038044657364,4,0.7126624916095955,0.42565514076985683,barato com alto desconto
B08CRRQK6Z,"Zebronics Zeb-JUKEBAR 3900, 80W Multimedia soundbar with subwoofer Supporting Bluetooth, HDMI(ARC), Coaxial Input, AUX, USB & Remote Control (Black)",Electronics|HomeAudio|Speakers|SoundbarSpeakers,Electronics,HomeAudio,4999.0,12499.0,60.0,4.2,4541.0,7500.0,premium,high,high,https://m.media-amazon.com/images/I/31flGUWUY9L._SX300_SY300_QL70_FMwebp_.jpg,https://www.amazon.in/Zebronics-Zeb-JUKEBAR-3900-Multimedia-Supporting/dp/B08CRRQK6Z/ref=sr_1_366?qid=1672903013&s=computers&sr=1-366,1,66.88952925767364,4,0.6618366328682391,0.06601703722631423,barato com alto desconto
B08ZJDWTJ1,"Seagate Expansion 1TB External HDD - USB 3.0 for Windows and Mac with 3 yr Data Recovery Services, Portable Hard Drive (STKM1000400)",Computers&Accessories|ExternalDevices&DataStorage|ExternalHardDisks,Computers&Accessories,ExternalDevices&DataStorage,4098.0,4999.0,18.0,4.5,50810.0,901.0,premium,low,high,https://m.media-amazon.com/images/I/41igriVLabS._SX300_SY300_QL70_FMwebp_.jpg,https://www.amazon.in/Seagate-Expansion-1TB-External-HDD/dp/B08ZJDWTJ1/ref=sr_1_44?qid=1672902996&s=computers&sr=1-44,1,66.84193940059305,0,0.8188432641263225,-1.705579536528653,segmento misto
B07T9FV9YP,Redgear Cloak Wired RGB Wired Over Ear Gaming Headphones with Mic for PC,Computers&Accessories|Accessories&Peripherals|PCGamingPeripherals|Headsets,Computers&Accessories,Accessories&Peripherals,749.0,1799.0,58.0,4.0,13199.0,1050.0,mid,high,high,https://m.media-amazon.com/images/W/WEBP_402378-T1/images/I/41EJrZlo0UL._SX300_SY300_QL70_FMwebp_.jpg,https://www.amazon.in/Redgear-Cloak-Gaming-Headphones-Microphone/dp/B07T9FV9YP/ref=sr_1_400?qid=1672903014&s=computers&sr=1-400,1,66.83776632446093,4,0.49589504552765973,0.6889820817494502,barato com alto desconto
B09QGZFBPM,"Wayona Type C To Type C Long Fast Charging Cable Type C Charger Cord Compatible With Samsung S22 S20 S20 Fe 2022 S22 Ultra S21 Ultra A70 A51 A53 A33 A73 M51 M31 M33 M53 (Grey, 2M, 65W, 6Ft)",Computers&Accessories|Accessories&Peripherals|Cables&Accessories|Cables|USBCables,Computers&Accessories,Accessories&Peripherals,399.0,999.0,60.0,4.3,2806.0,600.0,budget,high,high,https://m.media-amazon.com/images/W/WEBP_402378-T1/images/I/41A4CcuIJuL._SY445_SX342_QL70_FMwebp_.jpg,https://www.amazon.in/Wayona-Charging-Charger-Compatible-Samsung/dp/B09QGZFBPM/ref=sr_1_118?qid=1672909129&s=electronics&sr=1-118,1,66.80334631111782,4,0.833966735796351,0.26231325450304,barato com alto desconto
B09QGZM8QB,"Wayona Usb Type C 65W 6Ft/2M Long Fast Charging Cable Compatible For Samsung S22 S20 Fe S21 Ultra A33 A53 A01 A73 A70 A51 M33 M53 M51 M31(2M, Black)",Computers&Accessories|Accessories&Peripherals|Cables&Accessories|Cables|USBCables,Computers&Accessories,Accessories&Peripherals,399.0,999.0,60.0,4.3,2806.0,600.0,budget,high,high,https://m.media-amazon.com/images/I/41Rd-jDNOmL._SY445_SX342_QL70_FMwebp_.jpg,https://www.amazon.in/Wayona-Charging-Cable-Compatible-Samsung/dp/B09QGZM8QB/ref=sr_1_149?qid=1672909131&s=electronics&sr=1-149,1,66.80334631111782,4,0.833966735796351,0.26231325450304,barato com alto desconto
B017NC2IPM,"RESONATE RouterUPS CRU12V2A | Zero Drop | UPS for WiFi Router | Mini UPS | Up to 4 Hours PowerBackup | Battery Replacement Program | Router UPS Compatible with 12V <2A Routers, FTTH, Modem, Set Top Box, Alexa, Mini Camera",Computers&Accessories|NetworkingDevices|Routers,Computers&Accessories,NetworkingDevices,1799.0,2911.0,38.0,4.3,20342.0,1112.0,mid,medium,high,https://m.media-amazon.com/images/W/WEBP_402378-T1/images/I/318egjvJ0mL._SX300_SY300_QL70_FMwebp_.jpg,https://www.amazon.in/Resonate-RouterUPS-CRU12V2-Backup-Router/dp/B017NC2IPM/ref=sr_1_261?qid=1672903007&s=computers&sr=1-261,1,66.79439459280594,4,0.6111508014956254,-0.5140769459778152,barato com alto desconto
B08FN6WGDQ,"Samsung Galaxy Buds Live Bluetooth Truly Wireless in Ear Earbuds with Mic, Upto 21 Hours Playtime, Mystic Black","Electronics|Headphones,Earbuds&Accessories|Headphones|In-Ear",Electronics,"Headphones,Earbuds&Accessories",4790.0,15990.0,70.0,4.0,4390.0,11200.0,premium,high,high,https://m.media-amazon.com/images/I/31Sx7+mu+vL._SY300_SX300_.jpg,https://www.amazon.in/Samsung-Galaxy-SM-R180NZKAINU-Mystic-Black/dp/B08FN6WGDQ/ref=sr_1_74?qid=1672895770&s=electronics&sr=1-74,1,66.78270849208424,4,0.5567467337266925,0.7224999897811303,barato com alto desconto
B0B5YBGCKD,"POPIO Tempered Glass Compatible for iPhone 13 / iPhone 13 Pro/iPhone 14 (Transparent) Edge to Edge Full Screen Coverage with Installation Kit, Pack of 2","Electronics|Mobiles&Accessories|MobileAccessories|Maintenance,Upkeep&Repairs|ScreenProtectors",Electronics,Mobiles&Accessories,150.0,599.0,75.0,4.3,714.0,449.0,budget,high,medium,https://m.media-amazon.com/images/I/41XaIckgKIL._SX300_SY300_QL70_ML2_.jpg,https://www.amazon.in/POPIO-Compatible-iPhone-Transparent-Installation/dp/B0B5YBGCKD/ref=sr_1_417?qid=1672895872&s=electronics&sr=1-417,1,66.75881653599876,4,1.0729518678341152,0.7061745526811599,barato com alto desconto
B002PD61Y4,D-Link DWA-131 300 Mbps Wireless Nano USB Adapter (Black),Computers&Accessories|NetworkingDevices|NetworkAdapters|WirelessUSBAdapters,Computers&Accessories,NetworkingDevices,507.0,1208.0,58.0,4.1,8131.0,701.0,mid,high,high,https://m.media-amazon.com/images/I/31+NwZ8gb1L._SX300_SY300_.jpg,https://www.amazon.in/D-Link-DWA-131-Wireless-Adapter-Black/dp/B002PD61Y4/ref=sr_1_50?qid=1672909126&s=electronics&sr=1-50,2,66.74226610074643,4,0.5756494426798037,0.5431389537863704,barato com alto desconto
B07YNTJ8ZM,"Zebronics ZEB-COUNTY 3W Wireless Bluetooth Portable Speaker With Supporting Carry Handle, USB, SD Card, AUX, FM & Call Function. (Green)",Electronics|HomeAudio|Speakers|BluetoothSpeakers,Electronics,HomeAudio,549.0,999.0,45.0,3.9,64705.0,450.0,mid,medium,high,https://m.media-amazon.com/images/I/41goRo3UXhL._SX300_SY300_QL70_FMwebp_.jpg,https://www.amazon.in/Zebronics-Zeb-County-Bluetooth-Speaker-Function/dp/B07YNTJ8ZM/ref=sr_1_138?qid=1672903001&s=computers&sr=1-138,1,66.73583890454312,4,0.6533031448760493,0.3741766418257684,barato com alto desconto
B08L4SBJRY,"Saifsmart Outlet Wall Mount Hanger Holder for Dot 3rd Gen, Compact Bracket Case Plug and Built-in Cable Management for Kitchen Bathroom, Bedroom (Black)",Electronics|HomeAudio|Accessories|SpeakerAccessories|Mounts,Electronics,HomeAudio,349.0,1299.0,73.0,4.0,3295.0,950.0,budget,high,high,https://m.media-amazon.com/images/W/WEBP_402378-T2/images/I/41-AORr2udL._SX300_SY300_QL70_FMwebp_.jpg,https://www.amazon.in/SAIFSMART-Compact-Bracket-Management-Bathroom/dp/B08L4SBJRY/ref=sr_1_150?qid=1672909131&s=electronics&sr=1-150,1,66.73448513337803,4,0.6526631728247608,1.1678273844865785,barato com alto desconto
B07W9KYT62,"TP-Link AC1200 Archer A6 Smart WiFi, 5GHz Gigabit Dual Band MU-MIMO Wireless Internet Router, Long Range Coverage by 4 Antennas, Qualcomm Chipset",Computers&Accessories|NetworkingDevices|Routers,Computers&Accessories,NetworkingDevices,2499.0,3999.0,38.0,4.4,12679.0,1500.0,premium,medium,high,https://m.media-amazon.com/images/I/41VDUqScJFL._SX300_SY300_QL70_FMwebp_.jpg,https://www.amazon.in/TP-Link-Archer-A6-Wireless-Internet/dp/B07W9KYT62/ref=sr_1_415?qid=1672903016&s=computers&sr=1-415,1,66.73340220547152,4,0.654758482089243,-0.7285054485604223,barato com alto desconto
B0B7FJNSZR,Proven® Copper + Mineral RO+UV+UF 10 to 12 Liter RO + UV + TDS ADJUSTER Water Purifier with Copper Charge Technology black & copper Best For Home and Office (Made In India),Home&Kitchen|Kitchen&HomeAppliances|WaterPurifiers&Accessories|WaterFilters&Purifiers,Home&Kitchen,Kitchen&HomeAppliances,5395.0,19990.0,73.0,4.4,535.0,14595.0,premium,high,medium,https://m.media-amazon.com/images/I/41EzVyKoA0L._SY445_SX342_QL70_FMwebp_.jpg,https://www.amazon.in/Proven%C2%AE-Copper-ADJUSTER-Purifier-Technology/dp/B0B7FJNSZR/ref=sr_1_340?qid=1672923609&s=kitchen&sr=1-340,1,66.71030179242912,4,1.0988410807421547,0.047386417667346505,barato com alto desconto
B08K4PSZ3V,"Tukzer Capacitive Stylus Pen for Touch Screens Devices, Fine Point, Lightweight Metal Body with Magnetism Cover Cap for Smartphones/Tablets/iPad/iPad Pro/iPhone (Grey)",Electronics|Mobiles&Accessories|MobileAccessories|StylusPens,Electronics,Mobiles&Accessories,349.0,999.0,65.0,3.8,16557.0,650.0,budget,high,high,https://m.media-amazon.com/images/I/31bKIZtFGWL._SX300_SY300_QL70_ML2_.jpg,https://www.amazon.in/Tukzer-Capacitive-Lightweight-Magnetism-Smartphones/dp/B08K4PSZ3V/ref=sr_1_161?qid=1672895791&s=electronics&sr=1-161,2,66.701344544544,4,0.3745989711188216,1.267237618778224,barato com alto desconto
B08K4RDQ71,"Tukzer Capacitive Stylus Pen for Touch Screens Devices, Fine Point, Lightweight Metal Body with Magnetism Cover Cap for Smartphones/Tablets/iPad/iPad Pro/iPhone (White)",Electronics|Mobiles&Accessories|MobileAccessories|StylusPens,Electronics,Mobiles&Accessories,349.0,999.0,65.0,3.8,16557.0,650.0,budget,high,high,https://m.media-amazon.com/images/I/3187gPkT6GL._SX300_SY300_QL70_ML2_.jpg,https://www.amazon.in/Tukzer-Capacitive-Lightweight-Magnetism-Smartphones/dp/B08K4RDQ71/ref=sr_1_163?qid=1672895791&s=electronics&sr=1-163,1,66.701344544544,4,0.3745989711188216,1.267237618778224,barato com alto desconto
B07CD2BN46,Xiaomi Mi Wired in Ear Earphones with Mic Basic with Ultra Deep Bass & Aluminum Alloy Sound Chamber (Black),"Electronics|Headphones,Earbuds&Accessories|Headphones|In-Ear",Electronics,"Headphones,Earbuds&Accessories",429.0,599.0,28.0,4.1,119466.0,170.0,budget,medium,high,https://m.media-amazon.com/images/I/31Rn5CAJDBL._SX300_SY300_QL70_FMwebp_.jpg,https://www.amazon.in/Mi-Earphones-Basic-Mic-Black/dp/B07CD2BN46/ref=sr_1_87?qid=1672902998&s=computers&sr=1-87,1,66.68990594326978,0,1.185033799743701,-0.6088490438645648,segmento misto
B09Y5MP7C4,"Noise Buds Vs104 Bluetooth Truly Wireless in Ear Earbuds with Mic, 30-Hours of Playtime, Instacharge, 13Mm Driver and Hyper Sync (Charcoal Black)","Electronics|Headphones,Earbuds&Accessories|Headphones|In-Ear",Electronics,"Headphones,Earbuds&Accessories",1299.0,3499.0,63.0,3.9,12452.0,2200.0,mid,high,high,https://m.media-amazon.com/images/I/31YW3+kpZQL._SY300_SX300_.jpg,https://www.amazon.in/Noise-Bluetooth-Wireless-30-Hours-Instacharge/dp/B09Y5MP7C4/ref=sr_1_132?qid=1672903001&s=computers&sr=1-132,1,66.66238830867435,4,0.41813965360696514,0.9665742178088801,barato com alto desconto
B083J64CBB,"Kuber Industries Waterproof Canvas Laundry Bag/Hamper|Metalic Printed With Handles|Foldable Bin & 45 Liter Capicity|Size 37 x 37 x 46, Pack of 1 (Brown)",Home&Kitchen|HomeStorage&Organization|LaundryOrganization|LaundryBaskets,Home&Kitchen,HomeStorage&Organization,199.0,499.0,60.0,4.0,10234.0,300.0,budget,high,high,https://m.media-amazon.com/images/I/51YNXPOgNML._SX300_SY300_QL70_FMwebp_.jpg,https://www.amazon.in/Kuber-Industries-Waterproof-Organizer-CTKTC034616/dp/B083J64CBB/ref=sr_1_214?qid=1672923601&s=kitchen&sr=1-214,1,66.61928286679841,4,0.4903354192274629,0.7981034135369548,barato com alto desconto
B08MC57J31,"MI 10000mAh Lithium Ion, Lithium Polymer Power Bank Pocket Pro with 22.5 Watt Fast Charging, Dual Input Ports(Micro-USB and Type C), Triple Output Ports, (Black)",Electronics|Mobiles&Accessories|MobileAccessories|Chargers|PowerBanks,Electronics,Mobiles&Accessories,1499.0,2499.0,40.0,4.3,15970.0,1000.0,mid,medium,high,https://m.media-amazon.com/images/I/41J2W8DASzS._SX300_SY300_QL70_ML2_.jpg,https://www.amazon.in/Pocket-10000mAh-Triple-Charging-Delivery/dp/B08MC57J31/ref=sr_1_24?qid=1672895748&s=electronics&sr=1-24,1,66.6126085028972,4,0.5908764818105847,-0.42112691770585226,barato com alto desconto
B08ZN4B121,"WeCool Bluetooth Extendable Selfie Sticks with Wireless Remote and Tripod Stand, 3-in-1 Multifunctional Selfie Stick with Tripod Stand Compatible with iPhone/OnePlus/Samsung/Oppo/Vivo and All Phones",Electronics|Mobiles&Accessories|MobileAccessories|Photo&VideoAccessories|Tripods,Electronics,Mobiles&Accessories,539.0,1599.0,66.0,3.8,14648.0,1060.0,mid,high,high,https://m.media-amazon.com/images/I/41m7DLY3yGL._SX300_SY300_QL70_ML2_.jpg,https://www.amazon.in/WeCool-Bluetooth-Extendable-Multifunctional-Compatible/dp/B08ZN4B121/ref=sr_1_53?qid=1672895762&s=electronics&sr=1-53,1,66.60597941417751,4,0.36242472480748017,1.2854682538760493,barato com alto desconto
B086394NY5,TABLE MAGIC Multipurpose Laptop Table Mat Finish Top Work at Home Study Table (TM Regular- Black) (Alloy Steel),Computers&Accessories|Accessories&Peripherals|LaptopAccessories,Computers&Accessories,Accessories&Peripherals,1399.0,2490.0,44.0,4.3,11074.0,1091.0,mid,medium,high,https://m.media-amazon.com/images/W/WEBP_402378-T2/images/I/411ZrOollDL._SX300_SY300_QL70_FMwebp_.jpg,https://www.amazon.in/TABLE-MAGIC-Midnight-Adjustable-Multiple/dp/B086394NY5/ref=sr_1_238?qid=1672903006&s=computers&sr=1-238,1,66.59662253624316,4,0.6105536575851229,-0.28745007377673026,barato com alto desconto
B088ZTJT2R,Havells Immersion HB15 1500 Watt (White Blue),"Home&Kitchen|Heating,Cooling&AirQuality|WaterHeaters&Geysers|ImmersionRods",Home&Kitchen,"Heating,Cooling&AirQuality",719.0,1295.0,44.0,4.2,17218.0,576.0,mid,medium,high,https://m.media-amazon.com/images/I/31flPimoFpL._SX300_SY300_QL70_FMwebp_.jpg,https://www.amazon.in/Havells-Immersion-HB15-1500-White/dp/B088ZTJT2R/ref=sr_1_48_mod_primary_new?qid=1672923592&s=kitchen&sbo=RZvfv%2F%2FHxDF%2BO5021pAnSA%3D%3D&sr=1-48,1,66.5650322600595,4,0.5438459526527863,-0.07004387069631303,barato com alto desconto
B09BN2NPBD,"DIGITEK® (DRL-14C) Professional (31cm) Dual Temperature LED Ring Light with Tripod Stand & Mini Tripod for YouTube, Photo-Shoot, Video Shoot, Live Stream, Makeup, Vlogging & More",Electronics|Mobiles&Accessories|MobileAccessories|Photo&VideoAccessories|Flashes&SelfieLights|SelfieLights,Electronics,Mobiles&Accessories,1699.0,3495.0,51.0,4.1,14371.0,1796.0,mid,high,high,https://m.media-amazon.com/images/I/31RlOXIcTYL._SX300_SY300_QL70_FMwebp_.jpg,https://www.amazon.in/DIGITEK%C2%AE-DRL-14C-Temperature-Photo-Shoot-Vlogging/dp/B09BN2NPBD/ref=sr_1_224?qid=1672903006&s=computers&sr=1-224,1,66.56030853486213,4,0.487336868467837,0.23427191730650154,barato com alto desconto
B01IBRHE3E,"Gizga Essentials Professional 3-in-1 Cleaning Kit for Camera, Lens, Binocular, Laptop, TV, Monitor, Smartphone, Tablet (Includes: Cleaning Liquid 100ml, Plush Microfiber Cloth, Dust Removal Brush)",Electronics|Cameras&Photography|Accessories|Cleaners|CleaningKits,Electronics,Cameras&Photography,299.0,499.0,40.0,4.2,24432.0,200.0,budget,medium,high,https://m.media-amazon.com/images/W/WEBP_402378-T2/images/I/51LuP5KXg5L._SX300_SY300_QL70_FMwebp_.jpg,https://www.amazon.in/Essentials-Gz-Ck-101-Professional-Micro-Fiber-Antibacterial/dp/B01IBRHE3E/ref=sr_1_144?qid=1672903001&s=computers&sr=1-144,1,66.53334321281355,4,0.5508599774659927,-0.16837442741716244,barato com alto desconto
B09ND94ZRG,"Boult Audio Airbass Propods X TWS Bluetooth Truly Wireless in Ear Earbuds with Mic, 32H Playtime, Fast Charging Type-C, Ipx5 Water Resistant, Touch Controls and Voice Assistant (Red)","Electronics|Headphones,Earbuds&Accessories|Headphones|In-Ear",Electronics,"Headphones,Earbuds&Accessories",1099.0,5999.0,82.0,3.5,12966.0,4900.0,mid,high,high,https://m.media-amazon.com/images/W/WEBP_402378-T1/images/I/31nIcqmP0zL._SX300_SY300_QL70_FMwebp_.jpg,https://www.amazon.in/Boult-Audio-Bluetooth-Resistant-Assistant/dp/B09ND94ZRG/ref=sr_1_310?qid=1672903010&s=computers&sr=1-310,1,66.50154781747695,1,0.2002157728966048,2.231627477036941,segmento misto
B01DGVKBC6,"FEDUS Cat6 Ethernet Cable, 10 Meter High Speed 550MHZ / 10 Gigabit Speed UTP LAN Cable, Network Cable Internet Cable RJ45 Cable LAN Wire, Patch Computer Cord Gigabit Category 6 Wires for Modem, Router",Computers&Accessories|Accessories&Peripherals|Cables&Accessories|Cables|EthernetCables,Computers&Accessories,Accessories&Peripherals,287.0,499.0,42.0,4.4,8076.0,212.0,budget,medium,high,https://m.media-amazon.com/images/I/51jNo4QNTNL._SY445_SX342_QL70_FMwebp_.jpg,https://www.amazon.in/Technotech-Ethernet-Network-Patch-Cable/dp/B01DGVKBC6/ref=sr_1_270?qid=1672903008&s=computers&sr=1-270,1,66.46692959500959,4,0.685443439463232,-0.42467693246571375,barato com alto desconto
B00OFM6PEO,"Storite USB Extension Cable USB 3.0 Male to Female Extension Cable High Speed 5GBps Extension Cable Data Transfer for Keyboard, Mouse, Flash Drive, Hard Drive, Printer and More- 1.5M - Blue",Computers&Accessories|Accessories&Peripherals|Cables&Accessories|Cables|USBCables,Computers&Accessories,Accessories&Peripherals,299.0,799.0,63.0,4.3,1902.0,500.0,budget,high,high,https://m.media-amazon.com/images/W/WEBP_402378-T2/images/I/51R1cOolXRL._SX300_SY300_QL70_FMwebp_.jpg,https://www.amazon.in/Storite%C2%AE-150cm-Female-Extension-Printers/dp/B00OFM6PEO/ref=sr_1_500?qid=1672909149&s=electronics&sr=1-500,1,66.45473977767344,4,0.8504455448642159,0.357218934761338,barato com alto desconto
B08H673XKN,"Morphy Richards Icon Superb 750W Mixer Grinder, 4 Jars, Silver and Black",Home&Kitchen|Kitchen&HomeAppliances|SmallKitchenAppliances|MixerGrinders,Home&Kitchen,Kitchen&HomeAppliances,3249.0,7795.0,58.0,4.2,4664.0,4546.0,premium,high,high,https://m.media-amazon.com/images/I/417XNLkkFRL._SX300_SY300_QL70_FMwebp_.jpg,https://www.amazon.in/Morphy-Richards-Icon-Superb-Grinder/dp/B08H673XKN/ref=sr_1_206?qid=1672923601&s=kitchen&sr=1-206,1,66.43642982200546,4,0.6154559926868862,0.1521574381491178,barato com alto desconto
B09T3KB6JZ,TCL 100 cm (40 inches) Full HD Certified Android R Smart LED TV 40S6505 (Black),"Electronics|HomeTheater,TV&Video|Televisions|SmartTelevisions",Electronics,"HomeTheater,TV&Video",18990.0,40990.0,54.0,4.2,6659.0,22000.0,luxury,high,high,https://m.media-amazon.com/images/W/WEBP_402378-T1/images/I/41mMrtrwgyL._SY300_SX300_QL70_FMwebp_.jpg,https://www.amazon.in/TCL-inches-Certified-Android-40S6505/dp/B09T3KB6JZ/ref=sr_1_103?qid=1672909129&s=electronics&sr=1-103,1,66.42276423193067,3,0.3568003539087432,-1.2357795563679703,premium bem avaliado
B083RC4WFJ,"PrettyKrafts Laundry Bag / Basket for Dirty Clothes, Folding Round Laundry Bag,Set of 2, Black Wave",Home&Kitchen|HomeStorage&Organization|LaundryOrganization|LaundryBags,Home&Kitchen,HomeStorage&Organization,320.0,799.0,60.0,4.2,3846.0,479.0,budget,high,high,https://m.media-amazon.com/images/I/51zhY6X2NqL._SX300_SY300_QL70_FMwebp_.jpg,https://www.amazon.in/PrettyKrafts-Canvas-Laundry-Storage-Black/dp/B083RC4WFJ/ref=sr_1_188?qid=1672923600&s=kitchen&sr=1-188,1,66.39967174181965,4,0.677718167353442,0.44675039083769996,barato com alto desconto
B098NS6PVG,"Ambrane Unbreakable 60W / 3A Fast Charging 1.5m Braided Type C Cable for Smartphones, Tablets, Laptops & other Type C devices, PD Technology, 480Mbps Data Sync, Quick Charge 3.0 (RCT15A, Black)",Computers&Accessories|Accessories&Peripherals|Cables&Accessories|Cables|USBCables,Computers&Accessories,Accessories&Peripherals,199.0,349.0,43.0,4.0,43994.0,150.0,budget,medium,high,https://m.media-amazon.com/images/W/WEBP_402378-T2/images/I/31zOsqQOAOL._SY445_SX342_QL70_FMwebp_.jpg,https://www.amazon.in/Ambrane-Unbreakable-Charging-Braided-Cable/dp/B098NS6PVG/ref=sr_1_2?qid=1672909124&s=electronics&sr=1-2,3,66.39935237918738,4,0.5212951398610436,0.22725870649449775,barato com alto desconto
B09MJ77786,MI 108 cm (43 inches) 5X Series 4K Ultra HD LED Smart Android TV L43M6-ES (Grey),"Electronics|HomeTheater,TV&Video|Televisions|SmartTelevisions",Electronics,"HomeTheater,TV&Video",31999.0,49999.0,36.0,4.3,21252.0,18000.0,luxury,medium,high,https://images-na.ssl-images-amazon.com/images/W/WEBP_402378-T2/images/I/51Y4ApH7emL._SX300_SY300_QL70_FMwebp_.jpg,https://www.amazon.in/Inches-Ultra-Smart-Android-L43M6-ES/dp/B09MJ77786/ref=sr_1_253?qid=1672909136&s=electronics&sr=1-253,1,66.39155933132956,3,0.15377777485712915,-3.009729800400325,premium bem avaliado
B01KK0HU3Y,HP Z3700 Wireless Optical Mouse with USB Receiver and 2.4GHz Wireless Connection/ 1200DPI / 16 Months Long Battery Life /Ambidextrous and Slim Design (Modern Gold),"Computers&Accessories|Accessories&Peripherals|Keyboards,Mice&InputDevices|Mice",Computers&Accessories,Accessories&Peripherals,899.0,1499.0,40.0,4.2,23174.0,600.0,mid,medium,high,https://m.media-amazon.com/images/W/WEBP_402378-T1/images/I/31R5FtHMDiL._SY300_SX300_QL70_FMwebp_.jpg,https://www.amazon.in/HP-Z3700-Wireless-Mouse-Modern/dp/B01KK0HU3Y/ref=sr_1_236?qid=1672903006&s=computers&sr=1-236,1,66.37742372100487,4,0.5176970870420091,-0.21285423143009968,barato com alto desconto
B08MTCKDYN,"Gizga Essentials Spiral Cable Protector Cord Saver for Mac Charger, iPhone Charger, Wire Protector, Lightweight Durable Flexible Wire Winder for Charging Cables, Data Cables, Earphones, Pack of 10",Electronics|Mobiles&Accessories|MobileAccessories|Décor,Electronics,Mobiles&Accessories,119.0,299.0,60.0,4.1,5999.0,180.0,budget,high,high,https://m.media-amazon.com/images/I/511g3fIVsqL._SY300_SX300_QL70_ML2_.jpg,https://www.amazon.in/GIZGA-Protector-Charging-Protective-G55/dp/B08MTCKDYN/ref=sr_1_95?qid=1672895770&s=electronics&sr=1-95,2,66.37735139687744,4,0.5647711488871221,0.6370527298598764,barato com alto desconto
B09NBZ36F7,Usha CookJoy (CJ1600WPC) 1600 Watt Induction cooktop (Black),Home&Kitchen|Kitchen&HomeAppliances|SmallKitchenAppliances|InductionCooktop,Home&Kitchen,Kitchen&HomeAppliances,2089.0,4000.0,48.0,4.2,11199.0,1911.0,premium,medium,high,https://m.media-amazon.com/images/W/WEBP_402378-T1/images/I/41-kc5sVOQL._SX300_SY300_QL70_FMwebp_.jpg,https://www.amazon.in/CookJoy-CJ1600WPC-Induction-cooktop-Black/dp/B09NBZ36F7/ref=sr_1_163?qid=1672923598&s=kitchen&sr=1-163,1,66.36022413217438,4,0.5175973957012975,-0.05141116742290057,barato com alto desconto
B0B4T6MR8N,"pTron Solero M241 2.4A Micro USB Data & Charging Cable, Made in India, 480Mbps Data Sync, Durable 1-Meter Long USB Cable for Micro USB Devices (White)",Computers&Accessories|Accessories&Peripherals|Cables&Accessories|Cables|USBCables,Computers&Accessories,Accessories&Peripherals,89.0,800.0,89.0,3.9,1075.0,711.0,budget,high,high,https://m.media-amazon.com/images/I/317rlQQXhYL._SX300_SY300_QL70_FMwebp_.jpg,https://www.amazon.in/pTron-Charging-480Mbps-Durable-1-Meter/dp/B0B4T6MR8N/ref=sr_1_287?qid=1672909138&s=electronics&sr=1-287,1,66.35447260417072,4,0.7454037766443508,1.821731737222347,barato com alto desconto
B0756K5DYZ,Prestige Iris 750 Watt Mixer Grinder with 3 Stainless Steel Jar + 1 Juicer Jar (White and Blue),Home&Kitchen|Kitchen&HomeAppliances|SmallKitchenAppliances|MixerGrinders,Home&Kitchen,Kitchen&HomeAppliances,3249.0,6295.0,48.0,3.9,43070.0,3046.0,premium,medium,high,https://m.media-amazon.com/images/W/WEBP_402378-T1/images/I/41v0JSmcIuL._SY300_SX300_QL70_FMwebp_.jpg,https://www.amazon.in/Prestige-Iris-Grinder-Stainless-Juicer/dp/B0756K5DYZ/ref=sr_1_132?qid=1672923597&s=kitchen&sr=1-132,1,66.33319706174615,4,0.4173321188766425,0.3033171870521442,barato com alto desconto
B08FB2LNSZ,"JBL Tune 215BT, 16 Hrs Playtime with Quick Charge, in Ear Bluetooth Wireless Earphones with Mic, 12.5mm Premium Earbuds with Pure Bass, BT 5.0, Dual Pairing, Type C & Voice Assistant Support (Black)","Electronics|Headphones,Earbuds&Accessories|Headphones|In-Ear",Electronics,"Headphones,Earbuds&Accessories",1499.0,2999.0,50.0,3.7,87798.0,1500.0,mid,medium,high,https://m.media-amazon.com/images/I/3118CXMdMUL._SX300_SY300_QL70_FMwebp_.jpg,https://www.amazon.in/JBL-Playtime-Bluetooth-Earphones-Assistant/dp/B08FB2LNSZ/ref=sr_1_142?qid=1672903001&s=computers&sr=1-142,1,66.2991774698669,4,0.6564350285889076,0.7310679726741884,barato com alto desconto
B078JDNZJ8,Havells Instanio 3-Litre Instant Geyser (White/Blue),"Home&Kitchen|Heating,Cooling&AirQuality|WaterHeaters&Geysers|InstantWaterHeaters",Home&Kitchen,"Heating,Cooling&AirQuality",3600.0,6190.0,42.0,4.3,11924.0,2590.0,premium,medium,high,https://m.media-amazon.com/images/W/WEBP_402378-T1/images/I/31991seDfcL._SY300_SX300_QL70_FMwebp_.jpg,https://www.amazon.in/Havells-Instanio-3-Litre-Instant-Geyser/dp/B078JDNZJ8/ref=sr_1_28?qid=1672923591&s=kitchen&sr=1-28,1,66.28282364066082,4,0.5303530438989164,-0.5226700772194844,barato com alto desconto
B08JKPVDKL,INKULTURE Stainless_Steel Measuring Cups & Spoon Combo for Dry or Liquid/Kitchen Gadgets for Cooking & Baking Cakes/Measuring Cup Set Combo with Handles (Set of 4 Cups & 4 Spoons),"Home&Kitchen|Kitchen&HomeAppliances|Coffee,Tea&Espresso|CoffeeMakerAccessories|MeasuringSpoons",Home&Kitchen,Kitchen&HomeAppliances,279.0,699.0,60.0,4.3,2326.0,420.0,budget,high,high,https://m.media-amazon.com/images/W/WEBP_402378-T1/images/I/41kr7l+z1FL._SY300_SX300_.jpg,https://www.amazon.in/INKULTURE-Stainless-Measuring-Kitchen-Gadgets/dp/B08JKPVDKL/ref=sr_1_404?qid=1672923612&s=kitchen&sr=1-404,1,66.25018193227987,4,0.7866389357115564,0.274487208981695,barato com alto desconto
B07RY2X9MP,"AmazonBasics 10.2 Gbps High-Speed 4K HDMI Cable with Braided Cord (10-Foot, Dark Grey)","Electronics|HomeTheater,TV&Video|Accessories|Cables|HDMICables",Electronics,"HomeTheater,TV&Video",609.0,1500.0,59.0,4.5,1029.0,891.0,mid,high,high,https://m.media-amazon.com/images/W/WEBP_402378-T2/images/I/41m1oMmTMCL._SX300_SY300_QL70_FMwebp_.jpg,https://www.amazon.in/AmazonBasics-High-Speed-Braided-10-Foot-1-Pack/dp/B07RY2X9MP/ref=sr_1_454?qid=1672909146&s=electronics&sr=1-454,1,66.24687465607437,4,1.022937813350161,-0.13678465040835355,barato com alto desconto
B07XLML2YS,TP-Link Tapo 360° 2MP 1080p Full HD Pan/Tilt Home Security Wi-Fi Smart Camera| Alexa Enabled| 2-Way Audio| Night Vision| Motion Detection| Sound and Light Alarm| Indoor CCTV (Tapo C200) White,Electronics|Cameras&Photography|SecurityCameras|DomeCameras,Electronics,Cameras&Photography,2499.0,3299.0,24.0,4.2,93112.0,800.0,premium,medium,high,https://m.media-amazon.com/images/I/31pcbVy11RL._SX300_SY300_QL70_FMwebp_.jpg,https://www.amazon.in/TP-Link-Wireless-Security-Tapo-C200/dp/B07XLML2YS/ref=sr_1_146?qid=1672903002&s=computers&sr=1-146,1,66.22428210951074,0,0.9185137882827681,-0.9901837810504254,segmento misto
B00YMJ0OI8,Prestige PIC 20 1600 Watt Induction Cooktop with Push button (Black),Home&Kitchen|Kitchen&HomeAppliances|SmallKitchenAppliances|InductionCooktop,Home&Kitchen,Kitchen&HomeAppliances,2148.0,3645.0,41.0,4.1,31388.0,1497.0,premium,medium,high,https://m.media-amazon.com/images/I/41Y8kHM144L._SY300_SX300_QL70_FMwebp_.jpg,https://www.amazon.in/Prestige-PIC-20-Induction-Cooktop/dp/B00YMJ0OI8/ref=sr_1_43?qid=1672923592&s=kitchen&sr=1-43,1,66.20491879935683,4,0.45267907973138294,-0.12907213604747894,barato com alto desconto
B07QDSN9V6,INALSA Electric Kettle 1.5 Litre with Stainless Steel Body - Absa|Auto Shut Off & Boil Dry Protection Safety Features| Cordless Base & Cord Winder|Hot Water Kettle |Water Heater Jug,Home&Kitchen|Kitchen&HomeAppliances|SmallKitchenAppliances|Kettles&HotWaterDispensers|ElectricKettles,Home&Kitchen,Kitchen&HomeAppliances,699.0,1595.0,56.0,4.1,8090.0,896.0,mid,high,high,https://m.media-amazon.com/images/W/WEBP_402378-T1/images/I/317ws2QblnL._SX300_SY300_QL70_FMwebp_.jpg,https://www.amazon.in/Inalsa-Electric-Kettle-Absa-1500W-Capacity/dp/B07QDSN9V6/ref=sr_1_39?qid=1672923592&s=kitchen&sr=1-39,1,66.19544208029048,4,0.49442758958093763,0.4731576773721481,barato com alto desconto
B00GG59HU2,"BlueRigger High Speed HDMI Cable with Ethernet - Supports 3D, 4K 60Hz and Audio Return - Latest Version (3 Feet / 0.9 Meter)","Electronics|HomeTheater,TV&Video|Accessories|Cables|HDMICables",Electronics,"HomeTheater,TV&Video",467.0,599.0,22.0,4.4,44054.0,132.0,budget,medium,high,https://m.media-amazon.com/images/W/WEBP_402378-T2/images/I/41k0WxE3sKS._SY445_SX342_QL70_FMwebp_.jpg,https://www.amazon.in/BlueRigger-High-Speed-Cable-Ethernet/dp/B00GG59HU2/ref=sr_1_225?qid=1672909135&s=electronics&sr=1-225,1,66.15159927863728,0,0.6769031593928992,-1.09982329076732,segmento misto
B0B4T8RSJ1,"pTron Solero T241 2.4A Type-C Data & Charging USB Cable, Made in India, 480Mbps Data Sync, Durable 1-Meter Long USB Cable for Smartphone, Type-C USB Devices (White)",Computers&Accessories|Accessories&Peripherals|Cables&Accessories|Cables|USBCables,Computers&Accessories,Accessories&Peripherals,99.0,800.0,88.0,3.9,1075.0,701.0,budget,high,high,https://m.media-amazon.com/images/W/WEBP_402378-T2/images/I/31XFe74gRjL._SX300_SY300_QL70_FMwebp_.jpg,https://www.amazon.in/pTron-Charging-480Mbps-Durable-Smartphone/dp/B0B4T8RSJ1/ref=sr_1_448?qid=1672909146&s=electronics&sr=1-448,1,66.08851515736221,4,0.7067335329269546,1.7936098763791226,barato com alto desconto
B08QSDKFGQ,"Zoul USB Type C Fast Charging 3A Nylon Braided Data Cable Quick Charger Cable QC 3.0 for Samsung Galaxy M31s M30 S10 S9 S20 Plus, Note 10 9 8, A20e A40 A50 A70 (1M, Grey)",Computers&Accessories|Accessories&Peripherals|Cables&Accessories|Cables|USBCables,Computers&Accessories,Accessories&Peripherals,339.0,1099.0,69.0,4.3,974.0,760.0,budget,high,medium,https://m.media-amazon.com/images/W/WEBP_402378-T1/images/I/419QKVTxaSL._SX300_SY300_QL70_FMwebp_.jpg,https://www.amazon.in/Charging-Braided-Charger-Samsung-Galaxy/dp/B08QSDKFGQ/ref=sr_1_170?qid=1672909133&s=electronics&sr=1-170,1,66.07791636699302,4,0.9146871217458976,0.5244670577205617,barato com alto desconto
B0B8CXTTG3,MI 80 cm (32 inches) HD Ready Smart Android LED TV 5A Pro | L32M7-EAIN (Black),"Electronics|HomeTheater,TV&Video|Televisions|SmartTelevisions",Electronics,"HomeTheater,TV&Video",16999.0,25999.0,35.0,4.2,32840.0,9000.0,luxury,medium,high,https://m.media-amazon.com/images/I/41bO-mGKk+L._SY300_SX300_.jpg,https://www.amazon.in/MI-inches-Ready-Android-L32M7-EAIN/dp/B0B8CXTTG3/ref=sr_1_477?qid=1672909147&s=electronics&sr=1-477,1,66.07589069967084,3,0.2921108624637877,-1.679313529324512,premium bem avaliado
B09J2SCVQT,NutriPro Juicer Mixer Grinder - Smoothie Maker - 500 Watts (3 Jars 2 Blades),Home&Kitchen|Kitchen&HomeAppliances|SmallKitchenAppliances|JuicerMixerGrinders,Home&Kitchen,Kitchen&HomeAppliances,1969.0,5000.0,61.0,4.1,4927.0,3031.0,mid,high,high,https://m.media-amazon.com/images/W/WEBP_402378-T1/images/I/41TUgf0W8uL._SX300_SY300_QL70_FMwebp_.jpg,https://www.amazon.in/NutriPro-Bullet-Juicer-Grinder-Blades/dp/B09J2SCVQT/ref=sr_1_52?qid=1672923592&s=kitchen&sr=1-52,1,66.0627428369566,4,0.5216904828620355,0.5192704537721219,barato com alto desconto
B0814P4L98,"PrettyKrafts Laundry Basket for clothes with Lid & Handles, Toys Organiser, 75 Ltr Black & Grey",Home&Kitchen|HomeStorage&Organization|LaundryOrganization|LaundryBaskets,Home&Kitchen,HomeStorage&Organization,351.0,999.0,65.0,4.0,5380.0,648.0,budget,high,high,https://m.media-amazon.com/images/I/41oxCycQ4BL._SX300_SY300_QL70_FMwebp_.jpg,https://www.amazon.in/PrettyKrafts-Laundry-Basket-Clothes-Handles/dp/B0814P4L98/ref=sr_1_45?qid=1672923592&s=kitchen&sr=1-45,1,66.05263334778265,4,0.4806424511606212,0.9402412786023745,barato com alto desconto
B07YZG8PPY,TATA SKY HD Connection with 1 month basic package and free installation,"Electronics|HomeTheater,TV&Video|SatelliteEquipment|SatelliteReceivers",Electronics,"HomeTheater,TV&Video",1249.0,2299.0,46.0,4.3,7636.0,1050.0,mid,medium,high,https://m.media-amazon.com/images/I/31J3pwT7i4L._SY300_SX300_QL70_FMwebp_.jpg,https://www.amazon.in/TATASKY-Connection-Month-Basic-Installation/dp/B07YZG8PPY/ref=sr_1_245?qid=1672909136&s=electronics&sr=1-245,1,66.03220017319913,4,0.5673470801650353,-0.20856543173416342,barato com alto desconto
B096TWZRJC,"Sounce 360 Adjustable Mobile Phone Holder, Universal Phone Holder Clip Lazy Bracket Flexible Gooseneck Clamp Long Arms Mount for Mobile Tabletop Stand for Bedroom, Office, Bathroom, White",Electronics|Mobiles&Accessories|MobileAccessories|Mounts|Bedstand&DeskMounts,Electronics,Mobiles&Accessories,499.0,1899.0,74.0,4.1,1475.0,1400.0,budget,high,high,https://m.media-amazon.com/images/I/41bFp+Wev+L._SY300_SX300_.jpg,https://www.amazon.in/Sounce-Adjustable-Universal-Flexible-Gooseneck/dp/B096TWZRJC/ref=sr_1_269?qid=1672895828&s=electronics&sr=1-269,1,65.96411442058022,4,0.7239502806278857,1.010081401742111,barato com alto desconto
B08G28Z33M,realme Buds Classic Wired in Ear Earphones with Mic (Black),"Electronics|Headphones,Earbuds&Accessories|Headphones|In-Ear",Electronics,"Headphones,Earbuds&Accessories",399.0,699.0,43.0,4.0,37817.0,300.0,budget,medium,high,https://m.media-amazon.com/images/I/41NuSTFXerL._SX300_SY300_QL70_ML2_.jpg,https://www.amazon.in/realme-Classic-Wired-Earphones-Microphone/dp/B08G28Z33M/ref=sr_1_58?qid=1672895762&s=electronics&sr=1-58,1,65.95309937523683,4,0.4202348634250399,0.2299247440223599,barato com alto desconto
B075TJHWVC,Airtel Digital TV HD Set Top Box with 1 Month Basic Pack with Recording + Free Standard Installation,"Electronics|HomeTheater,TV&Video|SatelliteEquipment|SatelliteReceivers",Electronics,"HomeTheater,TV&Video",917.0,2299.0,60.0,4.2,3300.0,1382.0,mid,high,high,https://m.media-amazon.com/images/I/31x1oQ78mDL._SY300_SX300_QL70_FMwebp_.jpg,https://www.amazon.in/Airtel-Digital-TV-Month-Recording/dp/B075TJHWVC/ref=sr_1_407_mod_primary_new?qid=1672909144&s=electronics&sbo=RZvfv%2F%2FHxDF%2BO5021pAnSA%3D%3D&sr=1-407,1,65.94817617200536,4,0.6283179208409846,0.40102977462270833,barato com alto desconto
B08Y5QJXSR,atomberg Renesa 1200mm BLDC Motor with Remote 3 Blade Energy Saving Ceiling Fan (Matt Black),"Home&Kitchen|Heating,Cooling&AirQuality|Fans|CeilingFans",Home&Kitchen,"Heating,Cooling&AirQuality",3569.0,5190.0,31.0,4.3,28629.0,1621.0,premium,medium,high,https://m.media-amazon.com/images/W/WEBP_402378-T1/images/I/31NRaw6L7KL._SX300_SY300_QL70_FMwebp_.jpg,https://www.amazon.in/Atomberg-Renesa-Motor-Remote-Ceiling/dp/B08Y5QJXSR/ref=sr_1_158?qid=1672923598&s=kitchen&sr=1-158,1,65.94063731495845,0,0.48255563134285456,-0.8742226922867187,segmento misto
B084MZXJN6,"Belkin Apple Certified Lightning to USB Charge and Sync Cable for iPhone, iPad, Air Pods, 39.6 inch (100cm) – Black",Computers&Accessories|Accessories&Peripherals|Cables&Accessories|Cables|USBCables,Computers&Accessories,Accessories&Peripherals,999.0,1699.0,41.0,4.4,7318.0,700.0,mid,medium,high,https://m.media-amazon.com/images/I/21rGO6HtUxL._SY445_SX342_QL70_FMwebp_.jpg,https://www.amazon.in/Belkin-Lightning-AirPods-MFi-Certified-Charging/dp/B084MZXJN6/ref=sr_1_218?qid=1672909135&s=electronics&sr=1-218,1,65.91029481272878,4,0.606624640789073,-0.506698589922722,barato com alto desconto
B0B2DJ5RVQ,"WeCool B1 Mobile Holder for Bikes or Bike Mobile Holder for Maps and GPS Navigation, one Click Locking, Firm Gripping, Anti Shake and Stable Cradle Clamp with 360° Rotation Bicycle Phone Mount",Electronics|Mobiles&Accessories|MobileAccessories|Mounts|HandlebarMounts,Electronics,Mobiles&Accessories,689.0,1999.0,66.0,4.3,1193.0,1310.0,mid,high,high,https://m.media-amazon.com/images/I/31LVAoe3VNL._SX300_SY300_QL70_ML2_.jpg,https://www.amazon.in/WeCool-Navigation-Locking-Gripping-Rotation/dp/B0B2DJ5RVQ/ref=sr_1_260?qid=1672895821&s=electronics&sr=1-260,1,65.87771963967649,4,0.8442417145173899,0.41245071370084935,barato com alto desconto
B0B61DSF17,beatXP Kitchen Scale Multipurpose Portable Electronic Digital Weighing Scale | Weight Machine With Back light LCD Display | White |10 kg | 2 Year Warranty |,Home&Kitchen|Kitchen&HomeAppliances|SmallKitchenAppliances|DigitalKitchenScales,Home&Kitchen,Kitchen&HomeAppliances,199.0,1999.0,90.0,3.7,2031.0,1800.0,budget,high,high,https://m.media-amazon.com/images/I/414Cwv2guxL._SX300_SY300_QL70_FMwebp_.jpg,https://www.amazon.in/beatXP-Multipurpose-Portable-Electronic-Weighing/dp/B0B61DSF17/ref=sr_1_10?qid=1672923591&s=kitchen&sr=1-10,1,65.82905442245523,4,0.4577233935328327,2.19951547135082,barato com alto desconto
B07YL54NVJ,"Brand Conquer 6 in 1 with OTG, SD Card Reader, USB Type C, USB 3.0 and Micro USB, for Memory Card | Portable Card Reader | Compatible with TF, SD, Micro SD, SDHC, SDXC, MMC, RS-MMC, Micro SDXC",Computers&Accessories|ExternalDevices&DataStorage|ExternalMemoryCardReaders,Computers&Accessories,ExternalDevices&DataStorage,549.0,999.0,45.0,4.3,7758.0,450.0,mid,medium,high,https://m.media-amazon.com/images/I/31R4HANvX2L._SY300_SX300_QL70_FMwebp_.jpg,https://www.amazon.in/Brand-Conquer-Reader-Adapter-Portable/dp/B07YL54NVJ/ref=sr_1_186?qid=1672903004&s=computers&sr=1-186,1,65.81299035820867,4,0.5430400427794397,-0.17981357445746862,barato com alto desconto
B00CEQEGPI,"Logitech MK270r USB Wireless Keyboard and Mouse Set for Windows, 2.4 GHz Wireless, Spill-resistant Design, 8 Multimedia & Shortcut Keys, 2-Year Battery Life, PC/Laptop- Black","Computers&Accessories|Accessories&Peripherals|Keyboards,Mice&InputDevices|Keyboard&MouseSets",Computers&Accessories,Accessories&Peripherals,1345.0,2295.0,41.0,4.2,17413.0,950.0,mid,medium,high,https://m.media-amazon.com/images/W/WEBP_402378-T2/images/I/41X6hey-ExL._SX300_SY300_QL70_FMwebp_.jpg,https://www.amazon.in/Logitech-Wireless-mk270r-Keyboard-Mouse/dp/B00CEQEGPI/ref=sr_1_268?qid=1672903008&s=computers&sr=1-268,1,65.80037594658648,4,0.4245736843811461,-0.20315780832295144,barato com alto desconto
B078V8R9BS,Butterfly EKN 1.5-Litre Electric Kettle (Silver with Black),Home&Kitchen|Kitchen&HomeAppliances|SmallKitchenAppliances|Kettles&HotWaterDispensers|Kettle&ToasterSets,Home&Kitchen,Kitchen&HomeAppliances,749.0,1111.0,33.0,4.2,35693.0,362.0,mid,medium,high,https://m.media-amazon.com/images/I/41cxgOxlbYL._SX300_SY300_QL70_FMwebp_.jpg,https://www.amazon.in/Butterfly-EKN-1-5-Litre-Kettle-Silver/dp/B078V8R9BS/ref=sr_1_78?qid=1672923595&s=kitchen&sr=1-78,1,65.78969495668757,0,0.4787858187018607,-0.43080369243895067,segmento misto
B09NC2TY11,"Noise ColorFit Ultra Buzz Bluetooth Calling Smart Watch with 1.75"" HD Display, 320x385 px Resolution, 100 Sports Modes, Stock Market Info Smartwatch for Men & Women (Olive Green)",Electronics|WearableTechnology|SmartWatches,Electronics,WearableTechnology,2499.0,5999.0,58.0,4.1,5852.0,3500.0,premium,high,high,https://m.media-amazon.com/images/W/WEBP_402378-T1/images/I/410jqIm0YoL._SX300_SY300_QL70_FMwebp_.jpg,https://www.amazon.in/Noise-ColorFit-Bluetooth-Resolution-Smartwatch/dp/B09NC2TY11/ref=sr_1_305?qid=1672903010&s=computers&sr=1-305,1,65.772270401942,4,0.4488647322132492,0.3908511094620675,barato com alto desconto
B098JYT4SY,"Zebronics Zeb-Jaguar Wireless Mouse, 2.4GHz with USB Nano Receiver, High Precision Optical Tracking, 4 Buttons, Plug & Play, Ambidextrous, for PC/Mac/Laptop (Black+Grey)","Computers&Accessories|Accessories&Peripherals|Keyboards,Mice&InputDevices|Mice",Computers&Accessories,Accessories&Peripherals,399.0,1190.0,66.0,4.1,2809.0,791.0,budget,high,high,https://m.media-amazon.com/images/I/31BXpfrkEWL._SX300_SY300_QL70_FMwebp_.jpg,https://www.amazon.in/Zebronics-Zeb-Jaguar-Wireless-Precision-Ambidextrous/dp/B098JYT4SY/ref=sr_1_214?qid=1672903005&s=computers&sr=1-214,1,65.73557508635537,4,0.5817150705215656,0.7920146810879313,barato com alto desconto
B0B4DT8MKT,"Wecool Unbreakable 3 in 1 Charging Cable with 3A Speed, Fast Charging Multi Purpose Cable 1.25 Mtr Long, Type C cable, Micro Usb Cable and Cable for iPhone, White",Computers&Accessories|Accessories&Peripherals|Cables&Accessories|Cables|USBCables,Computers&Accessories,Accessories&Peripherals,348.0,1499.0,77.0,4.2,656.0,1151.0,budget,high,medium,https://m.media-amazon.com/images/W/WEBP_402378-T2/images/I/313uqx3djjL._SX300_SY300_QL70_FMwebp_.jpg,https://www.amazon.in/WeCool-Unbreakable-Charging-Purpose-iPhone/dp/B0B4DT8MKT/ref=sr_1_64?qid=1672909126&s=electronics&sr=1-64,2,65.70786314287567,4,0.8850737105322046,0.9283943915294465,barato com alto desconto
B09KLVMZ3B,Portronics Konnect L 1.2M POR-1401 Fast Charging 3A 8 Pin USB Cable with Charge & Sync Function (White),Computers&Accessories|Accessories&Peripherals|Cables&Accessories|Cables|USBCables,Computers&Accessories,Accessories&Peripherals,159.0,399.0,60.0,4.1,4768.0,240.0,budget,high,high,https://m.media-amazon.com/images/W/WEBP_402378-T2/images/I/41R08zLK69L._SX300_SY300_QL70_FMwebp_.jpg,https://www.amazon.in/Portronics-Konnect-POR-1401-Charging-Function/dp/B09KLVMZ3B/ref=sr_1_16?qid=1672909124&s=electronics&sr=1-16,3,65.7000473576085,4,0.49779757152963505,0.638734728147673,barato com alto desconto
B0BMXMLSMM,"Lapster 65W compatible for OnePlus Dash Warp Charge Cable , type c to c cable fast charging Data Sync Cable Compatible with One Plus 10R / 9RT/ 9 pro/ 9R/ 8T/ 9/ Nord & for All Type C Devices – Red, 1 Meter",Computers&Accessories|Accessories&Peripherals|Cables&Accessories|Cables|USBCables,Computers&Accessories,Accessories&Peripherals,199.0,999.0,80.0,4.5,127.0,800.0,budget,high,medium,https://m.media-amazon.com/images/W/WEBP_402378-T2/images/I/3135yilFsfL._SY445_SX342_QL70_FMwebp_.jpg,https://www.amazon.in/Lapster-compatible-OnePlus-charging-Compatible/dp/B0BMXMLSMM/ref=sr_1_97?qid=1672909129&s=electronics&sr=1-97,2,65.68115033540018,4,1.3388993679934638,0.48468890759058647,barato com alto desconto
B01M0505SJ,Orient Electric Apex-FX 1200mm Ultra High Speed 400 RPM Ceiling Fan (Brown),"Home&Kitchen|Heating,Cooling&AirQuality|Fans|CeilingFans",Home&Kitchen,"Heating,Cooling&AirQuality",1400.0,2485.0,44.0,4.1,19998.0,1085.0,mid,medium,high,https://m.media-amazon.com/images/W/WEBP_402378-T1/images/I/21rUca9axYL._SX300_SY300_QL70_FMwebp_.jpg,https://www.amazon.in/Orient-Electric-Apex-FX-1200mm-Ceiling/dp/B01M0505SJ/ref=sr_1_95?qid=1672923595&s=kitchen&sr=1-95,1,65.67316772433928,4,0.35639386015032004,0.0489497128767086,barato com alto desconto
B00W56GLOQ,"Wonderchef Nutri-blend Mixer, Grinder & Blender | Powerful 400W 22000 RPM motor | Stainless steel Blades | 2 unbreakable jars | 2 Years warranty | Online recipe book by Chef Sanjeev Kapoor | Black",Home&Kitchen|Kitchen&HomeAppliances|SmallKitchenAppliances|JuicerMixerGrinders,Home&Kitchen,Kitchen&HomeAppliances,2699.0,5000.0,46.0,4.0,26164.0,2301.0,premium,medium,high,https://m.media-amazon.com/images/I/41gZhEcCCQL._SX300_SY300_QL70_FMwebp_.jpg,https://www.amazon.in/Wonderchef-Nutri-Blend-Watts-Juicer-Grinder/dp/B00W56GLOQ/ref=sr_1_76?qid=1672923595&s=kitchen&sr=1-76,1,65.66443586768551,4,0.3002660878072482,0.16215665291501863,barato com alto desconto
B09CYTJV3N,"MI 360° Home Security Wireless Camera 2K Pro with Bluetooth Gateway BLE 4.2 l Dual Band Wi-fi Connection l 3 Million 1296p| Full Color in Low-Light | AI Human Detection, White",Electronics|Cameras&Photography|SecurityCameras|DomeCameras,Electronics,Cameras&Photography,4499.0,5999.0,25.0,4.3,44696.0,1500.0,premium,medium,high,https://m.media-amazon.com/images/I/317cwpkk1-L._SX300_SY300_QL70_FMwebp_.jpg,https://www.amazon.in/Security-Bluetooth-Connection-Low-Light-Detection/dp/B09CYTJV3N/ref=sr_1_369?qid=1672903013&s=computers&sr=1-369,1,65.65881225606105,0,0.5071878025119059,-1.162427255050904,segmento misto
B08M66K48D,"POPIO Tempered Glass Screen Protector Compatible for iPhone 12 / iPhone 12 Pro with Case Friendly Edge to Edge Coverage and Easy Installation kit, Pack of 1","Electronics|Mobiles&Accessories|MobileAccessories|Maintenance,Upkeep&Repairs|ScreenProtectors",Electronics,Mobiles&Accessories,299.0,599.0,50.0,4.3,4674.0,300.0,budget,medium,high,https://m.media-amazon.com/images/I/411fc62wnpL._SX300_SY300_QL70_ML2_.jpg,https://www.amazon.in/POPIO-Tempered-Protector-Compatible-Installation/dp/B08M66K48D/ref=sr_1_356?qid=1672895850&s=electronics&sr=1-356,1,65.64841972288184,4,0.5886947193468008,-0.011153484516163562,barato com alto desconto
B0981XSZJ7,CROSSVOLT Compatible Dash/Warp Data Sync Fast Charging Cable Supported for All C Type Devices (Cable),Computers&Accessories|Accessories&Peripherals|Cables&Accessories|Cables|USBCables,Computers&Accessories,Accessories&Peripherals,299.0,999.0,70.0,4.3,766.0,700.0,budget,high,medium,https://m.media-amazon.com/images/W/WEBP_402378-T2/images/I/41LXLeCw3VL._SX300_SY300_QL70_FMwebp_.jpg,https://www.amazon.in/CROSSVOLT-Compatible-Charging-Supported-Devices/dp/B0981XSZJ7/ref=sr_1_120?qid=1672909129&s=electronics&sr=1-120,1,65.63610639438426,4,0.8953017514077665,0.5570127295278374,barato com alto desconto
B08XNL93PL,"Portronics Ruffpad 15 Re-Writable LCD Screen 38.1cm (15-inch) Writing Pad for Drawing, Playing, Handwriting Gifts for Kids & Adults (Grey)","OfficeProducts|OfficePaperProducts|Paper|Stationery|Notebooks,WritingPads&Diaries",OfficeProducts,OfficePaperProducts,1399.0,2999.0,53.0,4.3,3530.0,1600.0,mid,high,high,https://m.media-amazon.com/images/W/WEBP_402378-T1/images/I/41NxAkv7knL._SX300_SY300_QL70_FMwebp_.jpg,https://www.amazon.in/Portronics-Ruffpad-Re-Writable-15-inch-Handwriting/dp/B08XNL93PL/ref=sr_1_407?qid=1672903014&s=computers&sr=1-407,1,65.61848214953547,4,0.6122069190644596,-0.013059795561534629,barato com alto desconto
B07LFWP97N,"Gizga Essentials Laptop Bag Sleeve Case Cover Pouch with Handle for 14.1 Inch Laptop for Men & Women, Padded Laptop Compartment, Premium Zipper Closure, Water Repellent Nylon Fabric, Grey",Computers&Accessories|Accessories&Peripherals|LaptopAccessories|Bags&Sleeves|LaptopSleeves&Slipcases,Computers&Accessories,Accessories&Peripherals,269.0,1099.0,76.0,4.1,1092.0,830.0,budget,high,high,https://m.media-amazon.com/images/W/WEBP_402378-T2/images/I/51rzz4zoUBL._SX300_SY300_QL70_FMwebp_.jpg,https://www.amazon.in/Essentials-Sleeve-Microsoft-Surface-Go/dp/B07LFWP97N/ref=sr_1_413?qid=1672903016&s=computers&sr=1-413,1,65.60993023003378,4,0.7296421089451027,1.0861410757268166,barato com alto desconto
B09RWQ7YR6,MI 138.8 cm (55 inches) 5X Series 4K Ultra HD LED Smart Android TV L55M6-ES (Grey),"Electronics|HomeTheater,TV&Video|Televisions|SmartTelevisions",Electronics,"HomeTheater,TV&Video",46999.0,69999.0,33.0,4.3,21252.0,23000.0,luxury,medium,high,https://m.media-amazon.com/images/W/WEBP_402378-T2/images/I/41mW+TS5WKL._SY300_SX300_.jpg,https://www.amazon.in/138-8-inches-Ultra-Android-L55M6-ES/dp/B09RWQ7YR6/ref=sr_1_499?qid=1672909149&s=electronics&sr=1-499,1,65.59368699090403,3,-0.16043023698201853,-4.302663731617955,premium bem avaliado
B01N6IJG0F,"Morphy Richards Daisy 1000W Dry Iron with American Heritage Non-Stick Coated Soleplate, White","Home&Kitchen|Kitchen&HomeAppliances|Vacuum,Cleaning&Ironing|Irons,Steamers&Accessories|Irons|DryIrons",Home&Kitchen,Kitchen&HomeAppliances,559.0,1010.0,45.0,4.1,17325.0,451.0,mid,medium,high,https://m.media-amazon.com/images/W/WEBP_402378-T1/images/I/31+mSNSzKXL._SY300_SX300_.jpg,https://www.amazon.in/Morphy-Richards-Daisy-1000-Watt-White/dp/B01N6IJG0F/ref=sr_1_341?qid=1672923609&s=kitchen&sr=1-341,1,65.5159288985821,4,0.3451659562221097,0.15275576940462046,barato com alto desconto
B08DPLCM6T,LG 80 cm (32 inches) HD Ready Smart LED TV 32LM563BPTC (Dark Iron Gray),"Electronics|HomeTheater,TV&Video|Televisions|SmartTelevisions",Electronics,"HomeTheater,TV&Video",13490.0,21990.0,39.0,4.3,11976.0,8500.0,luxury,medium,high,https://m.media-amazon.com/images/W/WEBP_402378-T2/images/I/51v-2Nzr+ML._SY300_SX300_.jpg,https://www.amazon.in/LG-inches-Ready-Smart-32LM563BPTC/dp/B08DPLCM6T/ref=sr_1_21?qid=1672909124&s=electronics&sr=1-21,2,65.49778548783269,0,0.2853505408764856,-1.40323627043462,segmento misto
B0B1F6GQPS,"Boult Audio FXCharge with ENC, 32H Playtime, 5min=7H Type C Fast Charging, Zen ENC, 14.2 mm BoomX Rich Bass, IPX5, Bluetooth Wireless in Ear Earphones Neckband with mic (Black)","Electronics|Headphones,Earbuds&Accessories|Headphones|In-Ear",Electronics,"Headphones,Earbuds&Accessories",999.0,4499.0,78.0,3.8,3390.0,3500.0,mid,high,high,https://m.media-amazon.com/images/W/WEBP_402378-T1/images/I/31bX1-ypLSL._SX300_SY300_QL70_FMwebp_.jpg,https://www.amazon.in/Boult-Audio-Environmental-Cancellation-Bluetooth/dp/B0B1F6GQPS/ref=sr_1_75?qid=1672902998&s=computers&sr=1-75,1,65.48142038221101,4,0.3606250943341409,1.617311631406169,barato com alto desconto
B07924P3C5,Storite High Speed Micro USB 3.0 Cable A to Micro B for External & Desktop Hard Drives 45cm,Computers&Accessories|Accessories&Peripherals|Cables&Accessories|Cables|USBCables,Computers&Accessories,Accessories&Peripherals,299.0,799.0,63.0,4.2,2117.0,500.0,budget,high,high,https://m.media-amazon.com/images/I/41Ft9wrU55L._SX300_SY300_QL70_FMwebp_.jpg,https://www.amazon.in/Storite-Feet-Micro-USB-Cable/dp/B07924P3C5/ref=sr_1_292?qid=1672909139&s=electronics&sr=1-292,1,65.4371375527983,4,0.6358853106077771,0.5388857388202402,barato com alto desconto
B08QJJCY2Q,"Tizum Mouse Pad/ Computer Mouse Mat with Anti-Slip Rubber Base | Smooth Mouse Control | Spill-Resistant Surface for Laptop, Notebook, MacBook, Gaming, Laser/ Optical Mouse, 9.4”x 7.9”, Multicolored","Computers&Accessories|Accessories&Peripherals|Keyboards,Mice&InputDevices|Keyboard&MiceAccessories|MousePads",Computers&Accessories,Accessories&Peripherals,169.0,299.0,43.0,4.4,5176.0,130.0,budget,medium,high,https://m.media-amazon.com/images/W/WEBP_402378-T2/images/I/51SzLWO7e+L._SY300_SX300_.jpg,https://www.amazon.in/Notebook-MacBook-Computer-Anti-Skid-Mousepad/dp/B08QJJCY2Q/ref=sr_1_101?qid=1672903000&s=computers&sr=1-101,1,65.42090382017312,4,0.5915887122118432,-0.3768260625530867,barato com alto desconto
B088GXTJM3,"DIGITEK® (DLS-9FT) Lightweight & Portable Aluminum Alloy Light Stand for Ring Light, Reflector, Flash Units, Diffuser, Portrait, Softbox, Studio Lighting & More Ideal for Outdoor & Indoor Shoots",Electronics|Cameras&Photography|Accessories|PhotoStudio&Lighting|PhotoBackgroundAccessories|BackgroundSupports,Electronics,Cameras&Photography,699.0,1299.0,46.0,4.3,6183.0,600.0,mid,medium,high,https://m.media-amazon.com/images/I/31ouSkwWDmL._SX300_SY300_QL70_FMwebp_.jpg,https://www.amazon.in/Lightweight-Portable-Aluminum-Photography-DLS-9FEET/dp/B088GXTJM3/ref=sr_1_408?qid=1672903014&s=computers&sr=1-408,1,65.4097100833759,4,0.5102874719859735,-0.1587149794956147,barato com alto desconto
B01GFTEV5Y,Pigeon by Stovekraft Cruise 1800 watt Induction Cooktop (Black),Home&Kitchen|Kitchen&HomeAppliances|SmallKitchenAppliances|InductionCooktop,Home&Kitchen,Kitchen&HomeAppliances,1699.0,3193.0,47.0,3.8,54032.0,1494.0,mid,medium,high,https://m.media-amazon.com/images/W/WEBP_402378-T1/images/I/411pUp4t0OL._SX300_SY300_QL70_FMwebp_.jpg,https://www.amazon.in/Pigeon-Stovekraft-Cruise-1800-Watt-Induction/dp/B01GFTEV5Y/ref=sr_1_20?qid=1672923591&s=kitchen&sr=1-20,1,65.40272192663026,4,0.32228264695271536,0.5509104085988048,barato com alto desconto
B07SLNG3LW,"Inalsa Vacuum Cleaner Wet and Dry Micro WD10 with 3in1 Multifunction Wet/Dry/Blowing| 14KPA Suction and Impact Resistant Polymer Tank,(Yellow/Black)","Home&Kitchen|Kitchen&HomeAppliances|Vacuum,Cleaning&Ironing|Vacuums&FloorCare|Vacuums|Wet-DryVacuums",Home&Kitchen,Kitchen&HomeAppliances,3859.0,10295.0,63.0,3.9,8095.0,6436.0,premium,high,high,https://m.media-amazon.com/images/W/WEBP_402378-T1/images/I/414PLTPvJBL._SX300_SY300_QL70_FMwebp_.jpg,https://www.amazon.in/Inalsa-Micro-WD10-1000W-Multifunction-Resistant/dp/B07SLNG3LW/ref=sr_1_301?qid=1672923607&s=kitchen&sr=1-301,1,65.39229976732031,4,0.23879115506524992,0.7750551603132765,barato com alto desconto
B07MKMFKPG,Bosch Pro 1000W Mixer Grinder MGM8842MIN - Black,Home&Kitchen|Kitchen&HomeAppliances|SmallKitchenAppliances|MixerGrinders,Home&Kitchen,Kitchen&HomeAppliances,6999.0,10590.0,34.0,4.4,11499.0,3591.0,premium,medium,high,https://m.media-amazon.com/images/W/WEBP_402378-T1/images/I/51bVSwhFA1L._SY300_SX300_QL70_FMwebp_.jpg,https://www.amazon.in/Bosch-TrueMixx-Pro-Grinder-Watt-MGM8842MIN/dp/B07MKMFKPG/ref=sr_1_92?qid=1672923595&s=kitchen&sr=1-92,1,65.3814550616791,0,0.4060814807460059,-1.197066172587818,segmento misto
B09JFR8H3Q,"Macmillan Aquafresh 5 Micron PS-05 10"" in PP Spun Filter Candle Set for All Type RO Water Purifier 10 inch (4)",Home&Kitchen|Kitchen&HomeAppliances|WaterPurifiers&Accessories|WaterPurifierAccessories,Home&Kitchen,Kitchen&HomeAppliances,215.0,1499.0,86.0,3.9,1004.0,1284.0,budget,high,high,https://m.media-amazon.com/images/W/WEBP_402378-T2/images/I/41UoZi45q9L._SX300_SY300_QL70_FMwebp_.jpg,https://www.amazon.in/Macmillan-Aquafresh-Micron-Filter-Purifier/dp/B09JFR8H3Q/ref=sr_1_405?qid=1672923612&s=kitchen&sr=1-405,1,65.3552494153961,4,0.6113725443581334,1.7302196432476113,barato com alto desconto
B09Z28BQZT,"Amazon Basics Multipurpose Foldable Laptop Table with Cup Holder, Brown",Computers&Accessories|Accessories&Peripherals|LaptopAccessories|Lapdesks,Computers&Accessories,Accessories&Peripherals,599.0,3999.0,85.0,3.9,1087.0,3400.0,mid,high,high,https://m.media-amazon.com/images/I/315g5ipEPAL._SY300_SX300_QL70_FMwebp_.jpg,https://www.amazon.in/Amazon-Basics-Multipurpose-Foldable-Laptop/dp/B09Z28BQZT/ref=sr_1_170?qid=1672903004&s=computers&sr=1-170,1,65.32335631889595,4,0.5872261988666261,1.6712004776538307,barato com alto desconto
B0B25DJ352,"GILTON Egg Boiler Electric Automatic Off 7 Egg Poacher for Steaming, Cooking Also Boiling and Frying, Multi Color",Home&Kitchen|Kitchen&HomeAppliances|SmallKitchenAppliances|EggBoilers,Home&Kitchen,Kitchen&HomeAppliances,353.0,1199.0,71.0,4.3,629.0,846.0,budget,high,medium,https://m.media-amazon.com/images/I/41yKM0rHKQL._SX300_SY300_QL70_FMwebp_.jpg,https://www.amazon.in/Egg-Boiler-Electric-Automatic-Steaming/dp/B0B25DJ352/ref=sr_1_105?qid=1672923596&s=kitchen&sr=1-105,1,65.32167263295776,4,0.885533314800869,0.5815118217164367,barato com alto desconto
B099SD8PRP,"Lenovo 130 Wireless Compact Mouse, 1K DPI Optical sensor, 2.4GHz Wireless NanoUSB, 10m range, 3button(left,right,scroll) upto 3M left/right clicks, 10 month battery, Ambidextrous, Ergonomic GY51C12380","Computers&Accessories|Accessories&Peripherals|Keyboards,Mice&InputDevices|Mice",Computers&Accessories,Accessories&Peripherals,579.0,1090.0,47.0,4.4,3482.0,511.0,mid,medium,high,https://m.media-amazon.com/images/I/21N0SU36xXL._SX300_SY300_QL70_FMwebp_.jpg,https://www.amazon.in/Lenovo-Optical-Compact-Mouse-Black/dp/B099SD8PRP/ref=sr_1_455?qid=1672903017&s=computers&sr=1-455,1,65.31569874740568,4,0.6300142206585598,-0.2934416881634646,barato com alto desconto
B083T5G5PM,Sennheiser CX 80S in-Ear Wired Headphones with in-line One-Button Smart Remote with Microphone Black,"Electronics|Headphones,Earbuds&Accessories|Headphones|In-Ear",Electronics,"Headphones,Earbuds&Accessories",1490.0,1990.0,25.0,4.1,98250.0,500.0,mid,medium,high,https://m.media-amazon.com/images/W/WEBP_402378-T2/images/I/31VnhITYb+L._SY300_SX300_.jpg,https://www.amazon.in/Sennheiser-CX-80s-Ear-Earphone/dp/B083T5G5PM/ref=sr_1_438?qid=1672903017&s=computers&sr=1-438,1,65.31533601344842,0,0.7934545020656402,-0.7137233388316795,segmento misto
B08YD264ZS,"Tarkan Portable Folding Laptop Desk for Bed, Lapdesk with Handle, Drawer, Cup & Mobile/Tablet Holder for Study, Eating, Work (Black)",Computers&Accessories|Accessories&Peripherals|LaptopAccessories|Lapdesks,Computers&Accessories,Accessories&Peripherals,999.0,2499.0,60.0,4.3,1690.0,1500.0,mid,high,high,https://m.media-amazon.com/images/W/WEBP_402378-T2/images/I/512Lrv2A-pL._SX300_SY300_QL70_FMwebp_.jpg,https://www.amazon.in/Tarkan-Portable-Folding-Laptop-Lapdesk/dp/B08YD264ZS/ref=sr_1_200?qid=1672903005&s=computers&sr=1-200,1,65.3084813097643,4,0.6956758119899882,0.2200660181247206,barato com alto desconto
B08WKCTFF3,"ZEBRONICS Aluminium Alloy Laptop Stand, Compatible with 9-15.6 inch Laptops, 7 Angles Adjustable, Anti Slip Silicon Rubber Pads, Foldable, Velvet Pouch Inside, Zeb-NS2000 (Dark Grey)",Computers&Accessories|Accessories&Peripherals|LaptopAccessories|Lapdesks,Computers&Accessories,Accessories&Peripherals,899.0,1999.0,55.0,4.4,1667.0,1100.0,mid,high,high,https://m.media-amazon.com/images/I/41n3-joTUHL._SX300_SY300_QL70_FMwebp_.jpg,https://www.amazon.in/ZEBRONICS-Zeb-NS2000-Supports-Aluminium-Adjustable/dp/B08WKCTFF3/ref=sr_1_458?qid=1672903018&s=computers&sr=1-458,1,65.27163281798339,4,0.7427411764574141,-0.09120140387791487,barato com alto desconto
B07KRCW6LZ,"TP-Link Nano AC600 USB Wi-Fi Adapter(Archer T2U Nano)- 2.4G/5G Dual Band Wireless Network Adapter for PC Desktop Laptop, Mini Travel Size, Supports Windows 11,10, 8.1, 8, 7, XP/Mac OS 10.9-10.15",Computers&Accessories|NetworkingDevices|NetworkAdapters|WirelessUSBAdapters,Computers&Accessories,NetworkingDevices,999.0,1599.0,38.0,4.3,12093.0,600.0,mid,medium,high,https://m.media-amazon.com/images/W/WEBP_402378-T2/images/I/31EHCPHbSlL._SX300_SY300_QL70_FMwebp_.jpg,https://www.amazon.in/TP-Link-Archer-T2U-Nano-Wireless/dp/B07KRCW6LZ/ref=sr_1_47?qid=1672909125&s=electronics&sr=1-47,2,65.26050240181614,0,0.415662539076084,-0.42251506762597046,segmento misto
B09QS9CWLV,"Redmi Note 11 (Horizon Blue, 6GB RAM, 64GB Storage)|90Hz FHD+ AMOLED Display | Qualcomm® Snapdragon™ 680-6nm | 33W Charger Included",Electronics|Mobiles&Accessories|Smartphones&BasicMobiles|Smartphones,Electronics,Mobiles&Accessories,12999.0,18999.0,32.0,4.1,50772.0,6000.0,luxury,medium,high,https://m.media-amazon.com/images/I/4121yWSVFmL._SX300_SY300_QL70_ML2_.jpg,https://www.amazon.in/Redmi-Horizon-Qualcomm%C2%AE-SnapdragonTM-Included/dp/B09QS9CWLV/ref=sr_1_382?qid=1672895857&s=electronics&sr=1-382,1,65.22980355343157,0,0.27244445254933064,-1.310004743885286,segmento misto
B09QS9X16F,"Redmi Note 11 (Space Black, 6GB RAM, 64GB Storage) | 90Hz FHD+ AMOLED Display | Qualcomm® Snapdragon™ 680-6nm | 33W Charger Included",Electronics|Mobiles&Accessories|Smartphones&BasicMobiles|Smartphones,Electronics,Mobiles&Accessories,12999.0,18999.0,32.0,4.1,50772.0,6000.0,luxury,medium,high,https://m.media-amazon.com/images/I/411yU+n3UkL._SY300_SX300_.jpg,https://www.amazon.in/Redmi-Storage-Qualcomm%C2%AE-SnapdragonTM-Included/dp/B09QS9X16F/ref=sr_1_218?qid=1672895814&s=electronics&sr=1-218,1,65.22980355343157,0,0.27244445254933064,-1.310004743885286,segmento misto
B09QS9X9L8,"Redmi Note 11 (Horizon Blue, 6GB RAM, 64GB Storage)|90Hz FHD+ AMOLED Display | Qualcomm® Snapdragon™ 680-6nm | 33W Charger Included",Electronics|Mobiles&Accessories|Smartphones&BasicMobiles|Smartphones,Electronics,Mobiles&Accessories,12999.0,18999.0,32.0,4.1,50772.0,6000.0,luxury,medium,high,https://m.media-amazon.com/images/I/4121yWSVFmL._SX300_SY300_QL70_ML2_.jpg,https://www.amazon.in/Redmi-Starburst-Qualcomm%C2%AE-SnapdragonTM-Included/dp/B09QS9X9L8/ref=sr_1_199?qid=1672895806&s=electronics&sr=1-199,1,65.22980355343157,0,0.27244445254933064,-1.310004743885286,segmento misto
B07WKB69RS,"Lifelong LLWH106 Flash 3 Litres Instant Water Heater for Home Use, 8 Bar Pressure,Power On/Off Indicator and Advanced Safety, (3000W, ISI Certified, 2 Years Warranty)","Home&Kitchen|Heating,Cooling&AirQuality|WaterHeaters&Geysers|InstantWaterHeaters",Home&Kitchen,"Heating,Cooling&AirQuality",2088.0,5550.0,62.0,4.0,5292.0,3462.0,premium,high,high,https://m.media-amazon.com/images/W/WEBP_402378-T2/images/I/31TKp-ARDUL._SX300_SY300_QL70_FMwebp_.jpg,https://www.amazon.in/Lifelong-Flash-Instant-Heater-Certified/dp/B07WKB69RS/ref=sr_1_149?qid=1672923598&s=kitchen&sr=1-149,1,65.20612432869713,4,0.33726442148912184,0.7184165207624834,barato com alto desconto
B085DTN6R2,"Portronics Konnect CL 20W POR-1067 Type-C to 8 Pin USB 1.2M Cable with Power Delivery & 3A Quick Charge Support, Nylon Braided for All Type-C and 8 Pin Devices, Green",Computers&Accessories|Accessories&Peripherals|Cables&Accessories|Cables|USBCables,Computers&Accessories,Accessories&Peripherals,350.0,899.0,61.0,4.2,2262.0,549.0,budget,high,high,https://m.media-amazon.com/images/I/31J6qGhAL9L._SX300_SY300_QL70_FMwebp_.jpg,https://www.amazon.in/Portronics-Konnect-Delivery-Support-Braided/dp/B085DTN6R2/ref=sr_1_15?qid=1672909124&s=electronics&sr=1-15,3,65.1005450368061,4,0.5751575025410266,0.4793325716610991,barato com alto desconto
B07PLHTTB4,Zodo 8. 5 inch LCD E-Writer Electronic Writing Pad/Tablet Drawing Board (Paperless Memo Digital Tablet),"Computers&Accessories|Accessories&Peripherals|Keyboards,Mice&InputDevices|GraphicTablets",Computers&Accessories,Accessories&Peripherals,100.0,499.0,80.0,3.5,9638.0,399.0,budget,high,high,https://m.media-amazon.com/images/I/51JF5xTgNhL._SX300_SY300_QL70_FMwebp_.jpg,https://www.amazon.in/ZODO-Writer-Electronic-Writing-Paperless/dp/B07PLHTTB4/ref=sr_1_88_mod_primary_new?qid=1672902998&s=computers&sbo=RZvfv%2F%2FHxDF%2BO5021pAnSA%3D%3D&sr=1-88,1,65.09479914485034,1,0.03284889337920572,2.2690391899540323,segmento misto
B00JBNZPFM,"Karcher WD3 EU Wet and Dry Vacuum Cleaner, 1000 Watts Powerful Suction, 17 L Capacity, Blower Function, Easy Filter Removal for Home and Garden Cleaning  (Yellow/Black)","Home&Kitchen|Kitchen&HomeAppliances|Vacuum,Cleaning&Ironing|Vacuums&FloorCare|Vacuums|Wet-DryVacuums",Home&Kitchen,Kitchen&HomeAppliances,6199.0,10999.0,44.0,4.2,10429.0,4800.0,premium,medium,high,https://m.media-amazon.com/images/I/41CAIlYtE+L._SY300_SX300_.jpg,https://www.amazon.in/Karcher-WD-Multi-Purpose-Vacuum-Cleaner/dp/B00JBNZPFM/ref=sr_1_471?qid=1672923615&s=kitchen&sr=1-471,1,65.08629903444107,4,0.28446856142770444,-0.4898304392412146,barato com alto desconto
B08PSVBB2X,"Zoul USB C to USB C Fast Charging Cable 65W Type C to Type C Nylon Braided Cord Compatible with Macbook Oneplus 9 10R Samsung Galaxy S22 S21 Ultra Z Flip3 Macbook Air/Pro M1 Google Pixel 11'' iPad Pro 2020/2018 (2M, Grey)",Computers&Accessories|Accessories&Peripherals|Cables&Accessories|Cables|USBCables,Computers&Accessories,Accessories&Peripherals,399.0,1099.0,64.0,4.1,2685.0,700.0,budget,high,high,https://m.media-amazon.com/images/I/41EhlNJ-v8L._SX300_SY300_QL70_FMwebp_.jpg,https://www.amazon.in/Charging-Braided-Compatible-Samsung-Galaxy/dp/B08PSVBB2X/ref=sr_1_197?qid=1672909134&s=electronics&sr=1-197,1,65.07053898028882,4,0.4927810083532698,0.7380085207593936,barato com alto desconto
B08PSQRW2T,"Zoul Type C to Type C Fast Charging Cable 65W 2M/6ft USB C Nylon Braided Cord Compatible with MacBook Oneplus 9 9R Samsung Galaxy S21 Ultra S20+ (2M, Black)",Computers&Accessories|Accessories&Peripherals|Cables&Accessories|Cables|USBCables,Computers&Accessories,Accessories&Peripherals,399.0,1099.0,64.0,4.1,2685.0,700.0,budget,high,high,https://m.media-amazon.com/images/I/41wI9GGhTHL._SX300_SY300_QL70_FMwebp_.jpg,https://www.amazon.in/Charging-Braided-Compatible-Samsung-Galaxy/dp/B08PSQRW2T/ref=sr_1_159?qid=1672909131&s=electronics&sr=1-159,1,65.07053898028882,4,0.4927810083532698,0.7380085207593936,barato com alto desconto
B082LSVT4B,"Ambrane Unbreakable 60W / 3A Fast Charging 1.5m Braided Type C to Type C Cable for Smartphones, Tablets, Laptops & Other Type C Devices, PD Technology, 480Mbps Data Sync (RCTT15, Black)",Computers&Accessories|Accessories&Peripherals|Cables&Accessories|Cables|USBCables,Computers&Accessories,Accessories&Peripherals,249.0,399.0,38.0,4.0,43994.0,150.0,budget,medium,high,https://m.media-amazon.com/images/I/41d84o5-M-L._SY445_SX342_QL70_FMwebp_.jpg,https://www.amazon.in/Ambrane-Unbreakable-Charging-Braided-Cable/dp/B082LSVT4B/ref=sr_1_19?qid=1672909124&s=electronics&sr=1-19,2,65.06956514514482,4,0.3279439212740634,0.08664940227837499,barato com alto desconto
B09G5TSGXV,"Hi-Mobiler iPhone Charger Lightning Cable,2 Pack Apple MFi Certified USB iPhone Fast Chargering Cord,Data Sync Transfer for 13/12/11 Pro Max Xs X XR 8 7 6 5 5s iPad iPod More Model Cell Phone Cables",Computers&Accessories|Accessories&Peripherals|Cables&Accessories|Cables|USBCables,Computers&Accessories,Accessories&Peripherals,254.0,799.0,68.0,4.0,2905.0,545.0,budget,high,high,https://m.media-amazon.com/images/W/WEBP_402378-T2/images/I/41FQPJ+s61L._SX342_SY445_.jpg,https://www.amazon.in/Charging-Certified-Lightning-Transfer-Iphone12/dp/B09G5TSGXV/ref=sr_1_260?qid=1672909136&s=electronics&sr=1-260,1,65.03324405012158,4,0.42769481663122316,1.040790165436806,barato com alto desconto
B0971DWFDT,"Portronics CarPower Mini Car Charger with Dual Output, Fast Charging (Type C PD 18W + QC 3.0A) Compatible with All Smartphones(Black)",Electronics|Mobiles&Accessories|MobileAccessories|Chargers|AutomobileChargers,Electronics,Mobiles&Accessories,337.0,699.0,52.0,4.2,4969.0,362.0,budget,high,high,https://m.media-amazon.com/images/I/31AGkV82sES._SX300_SY300_QL70_ML2_.jpg,https://www.amazon.in/Portronics-CarPower-Charger-Output-Black/dp/B0971DWFDT/ref=sr_1_132?qid=1672895784&s=electronics&sr=1-132,1,65.02749158094107,4,0.4407570738551234,0.22210945160293738,barato com alto desconto
B09YLWT89W,"Sure From Aquaguard Delight NXT RO+UV+UF+Taste Adjuster(MTDS),6L water purifier,8 stages purification,Suitable for borewell,tanker,municipal water(Black) from Eureka Forbes",Home&Kitchen|Kitchen&HomeAppliances|WaterPurifiers&Accessories|WaterFilters&Purifiers,Home&Kitchen,Kitchen&HomeAppliances,9199.0,18000.0,49.0,4.0,16020.0,8801.0,premium,medium,high,https://m.media-amazon.com/images/I/31Anei7Di0L._SX300_SY300_QL70_FMwebp_.jpg,https://www.amazon.in/Aquaguard-purification-municipal-Eureka-Forbes/dp/B09YLWT89W/ref=sr_1_263?qid=1672923605&s=kitchen&sr=1-263,1,65.01544545288644,4,0.11137477713417371,-0.24835743782048697,barato com alto desconto
B08QSC1XY8,"Zoul USB C 60W Fast Charging 3A 6ft/2M Long Type C Nylon Braided Data Cable Quick Charger Cable QC 3.0 for Samsung Galaxy M31S M30 S10 S9 S20 Plus, Note 10 9 8, A20e A40 A50 A70 (2M, Grey)",Computers&Accessories|Accessories&Peripherals|Cables&Accessories|Cables|USBCables,Computers&Accessories,Accessories&Peripherals,389.0,1099.0,65.0,4.3,974.0,710.0,budget,high,medium,https://m.media-amazon.com/images/I/419QKVTxaSL._SX300_SY300_QL70_FMwebp_.jpg,https://www.amazon.in/Charging-Braided-Charger-Samsung-Galaxy/dp/B08QSC1XY8/ref=sr_1_36?qid=1672909125&s=electronics&sr=1-36,2,65.014086579759,4,0.7598737505632307,0.4111722874614323,barato com alto desconto
B0B6F8HHR6,MI 108 cm (43 inches) 5A Series Full HD Smart Android LED TV L43M7-EAIN (Black),"Electronics|HomeTheater,TV&Video|Televisions|SmartTelevisions",Electronics,"HomeTheater,TV&Video",24999.0,35999.0,31.0,4.2,32840.0,11000.0,luxury,medium,high,https://m.media-amazon.com/images/W/WEBP_402378-T1/images/I/41jh12qGXuL._SX300_SY300_QL70_FMwebp_.jpg,https://www.amazon.in/MI-inches-Smart-Android-L43M7-EAIN/dp/B0B6F8HHR6/ref=sr_1_217?qid=1672909135&s=electronics&sr=1-217,1,65.01206091243678,3,0.03204242237922587,-2.4344331741373657,premium bem avaliado
B08HV83HL3,MI Power Bank 3i 20000mAh Lithium Polymer 18W Fast Power Delivery Charging | Input- Type C | Micro USB| Triple Output | Sandstone Black,Electronics|Mobiles&Accessories|MobileAccessories|Chargers|PowerBanks,Electronics,Mobiles&Accessories,2049.0,2199.0,7.0,4.3,178912.0,150.0,premium,low,high,https://m.media-amazon.com/images/I/31grUs8OpvL._SX300_SY300_QL70_ML2_.jpg,https://www.amazon.in/20000mAh-Sandstone-Triple-Charging-Delivery/dp/B08HV83HL3/ref=sr_1_6?qid=1672895748&s=electronics&sr=1-6,1,64.96270514466615,2,1.538132415888713,-1.8539881425319238,segmento misto
B00NH12R1O,"Amazon Basics USB 3.0 Cable - A Male to Micro B - 6 Feet (1.8 Meters), Black",Computers&Accessories|Accessories&Peripherals|Cables&Accessories|Cables|USBCables,Computers&Accessories,Accessories&Peripherals,299.0,485.0,38.0,4.3,10911.0,186.0,budget,medium,high,https://m.media-amazon.com/images/I/41p9mn0fmIL._SY300_SX300_QL70_FMwebp_.jpg,https://www.amazon.in/AmazonBasics-USB-3-0-Cable-Meters/dp/B00NH12R1O/ref=sr_1_205?qid=1672909134&s=electronics&sr=1-205,1,64.95714295107365,0,0.38874944676236806,-0.3619717619906991,segmento misto
B00E3DVQFS,"Duracell Rechargeable AA 2500mAh Batteries, 4 Pcs",Electronics|GeneralPurposeBatteries&BatteryChargers|DisposableBatteries,Electronics,GeneralPurposeBatteries&BatteryChargers,879.0,1109.0,21.0,4.4,31599.0,230.0,mid,medium,high,https://m.media-amazon.com/images/I/41PBiq0KGUL._SX300_SY300_QL70_FMwebp_.jpg,https://www.amazon.in/Duracell-Ultra-5000688-Rechargeable-Batteries/dp/B00E3DVQFS/ref=sr_1_274?qid=1672903008&s=computers&sr=1-274,1,64.9055312747175,0,0.42808461142198334,-1.1223083082796859,segmento misto
B08VF8V79P,"Samsung Original 25W USB Travel Lightning Adapter for Cellular Phones, Black",Electronics|Mobiles&Accessories|MobileAccessories|Chargers|WallChargers,Electronics,Mobiles&Accessories,1075.0,1699.0,37.0,4.4,7462.0,624.0,mid,medium,high,https://m.media-amazon.com/images/I/21x1gw1geuL._SY300_SX300_QL70_ML2_.jpg,https://www.amazon.in/Samsung-EP-TA800NBEGIN-25W-Travel-Adapter/dp/B08VF8V79P/ref=sr_1_57?qid=1672895762&s=electronics&sr=1-57,1,64.90393508264293,0,0.4575075610898099,-0.6226239439749927,segmento misto
B003L62T7W,"Logitech B100 Wired USB Mouse, 3 yr Warranty, 800 DPI Optical Tracking, Ambidextrous PC/Mac/Laptop - Black","Computers&Accessories|Accessories&Peripherals|Keyboards,Mice&InputDevices|Mice",Computers&Accessories,Accessories&Peripherals,279.0,375.0,26.0,4.3,31534.0,96.0,budget,medium,high,https://m.media-amazon.com/images/I/31iFF1KbkpL._SX300_SY300_QL70_FMwebp_.jpg,https://www.amazon.in/Logitech-B100-Optical-Mouse-Black/dp/B003L62T7W/ref=sr_1_151?qid=1672903002&s=computers&sr=1-151,1,64.89591163506944,0,0.3856923472797578,-0.7541807635345972,segmento misto
B08Y55LPBF,Redmi 126 cm (50 inches) 4K Ultra HD Android Smart LED TV X50 | L50M6-RA (Black),"Electronics|HomeTheater,TV&Video|Televisions|SmartTelevisions",Electronics,"HomeTheater,TV&Video",32999.0,44999.0,27.0,4.2,45238.0,12000.0,luxury,medium,high,https://m.media-amazon.com/images/I/41Om+JyC4iL._SX300_SY300_.jpg,https://www.amazon.in/Redmi-inches-Ultra-Android-L50M6-RA/dp/B08Y55LPBF/ref=sr_1_138?qid=1672909130&s=electronics&sr=1-138,1,64.89294626948652,3,-0.026597715545767314,-3.227408823354291,premium bem avaliado
B07TMCXRFV,"ESR Screen Protector Compatible with iPad Pro 11 Inch (2022/2021/2020/2018) and iPad Air 5/4 (2022/2020, 10.9 Inch), Tempered-Glass Film with Alignment Frame, Scratch Resistant, HD Clarity, 2 Pack",Computers&Accessories|Accessories&Peripherals|TabletAccessories|ScreenProtectors,Computers&Accessories,Accessories&Peripherals,1234.0,1599.0,23.0,4.5,16680.0,365.0,mid,medium,high,https://m.media-amazon.com/images/I/51VIQVc-6XL._SX300_SY300_QL70_FMwebp_.jpg,https://www.amazon.in/ESR-iPad-Screen-Protector-Scratch-Resistant/dp/B07TMCXRFV/ref=sr_1_372?qid=1672903013&s=computers&sr=1-372,1,64.88629531322977,0,0.44044252772554493,-1.232223454729785,segmento misto
B0819HZPXL,Zebronics Zeb-Transformer-M Optical USB Gaming Mouse with LED Effect(Black),Computers&Accessories|Accessories&Peripherals|PCGamingPeripherals|GamingMice,Computers&Accessories,Accessories&Peripherals,399.0,549.0,27.0,4.4,18139.0,150.0,budget,medium,high,https://m.media-amazon.com/images/W/WEBP_402378-T1/images/I/41I-azRJBLL._SX300_SY300_QL70_FMwebp_.jpg,https://www.amazon.in/Zebronics-Zeb-Transformer-M-Optical-Gaming-Effect/dp/B0819HZPXL/ref=sr_1_71?qid=1672902997&s=computers&sr=1-71,1,64.8641161836869,0,0.39831002026476003,-0.8773627841906415,segmento misto
B01MQ2A86A,"Logitech M331 Silent Plus Wireless Mouse, 2.4GHz with USB Nano Receiver, 1000 DPI Optical Tracking, 3 Buttons, 24 Month Life Battery, PC/Mac/Laptop - Black","Computers&Accessories|Accessories&Peripherals|Keyboards,Mice&InputDevices|Mice",Computers&Accessories,Accessories&Peripherals,1295.0,1645.0,21.0,4.6,12375.0,350.0,mid,medium,high,https://m.media-amazon.com/images/W/WEBP_402378-T2/images/I/31+Svp6IjpL._SY300_SX300_.jpg,https://www.amazon.in/Logitech-Silent-Wireless-Mouse-Black/dp/B01MQ2A86A/ref=sr_1_333?qid=1672903011&s=computers&sr=1-333,1,64.80721391516461,0,0.49052311547724997,-1.4604556610250816,segmento misto
B07CVR2L5K,"INALSA Electric Chopper Bullet- 400 Watts with 100% Pure Copper Motor| Chop, Mince, Puree, Dice | Twin Blade Technology| 900 ml Capacity| One Touch Operation, 1.30mtr Long Power Cord (Black/Silver)",Home&Kitchen|Kitchen&HomeAppliances|SmallKitchenAppliances|MiniFoodProcessors&Choppers,Home&Kitchen,Kitchen&HomeAppliances,1656.0,2695.0,39.0,4.4,6027.0,1039.0,mid,medium,high,https://m.media-amazon.com/images/I/413w7idJYKL._SX300_SY300_QL70_FMwebp_.jpg,https://www.amazon.in/Inalsa-Bullet-400-Watt-Technology-Chopper/dp/B07CVR2L5K/ref=sr_1_269?qid=1672923606&s=kitchen&sr=1-269,1,64.8059779687654,0,0.4621453298992883,-0.60949076527187,segmento misto
B078HRR1XV,Wacom One by CTL-472/K0-CX Digital Drawing Graphics Pen Tablet (Red & Black) Small (6-inch x 3.5-inch)(15x8cm) | Battery Free Cordless Pen with 2048 Pressure Level,"Computers&Accessories|Accessories&Peripherals|Keyboards,Mice&InputDevices|GraphicTablets",Computers&Accessories,Accessories&Peripherals,3303.0,4699.0,30.0,4.4,13544.0,1396.0,premium,medium,high,https://m.media-amazon.com/images/W/WEBP_402378-T2/images/I/411UTnBl2TL._SX300_SY300_QL70_FMwebp_.jpg,https://www.amazon.in/Wacom-CTL-472-6-inch-3-5-inch-Graphic/dp/B078HRR1XV/ref=sr_1_322?qid=1672903011&s=computers&sr=1-322,1,64.80039369201535,0,0.3601115752243004,-1.0148262834251822,segmento misto
B00K57MR22,"Sujata Dynamix DX Mixer Grinder, 900W, 3 Jars (White)",Home&Kitchen|Kitchen&HomeAppliances|SmallKitchenAppliances|MixerGrinders,Home&Kitchen,Kitchen&HomeAppliances,6120.0,8478.0,28.0,4.6,6550.0,2358.0,premium,medium,high,https://m.media-amazon.com/images/I/41cZE9HcRUL._SX300_SY300_QL70_FMwebp_.jpg,https://www.amazon.in/Sujata-DynaMix-DX-900-Watt-Grinder/dp/B00K57MR22/ref=sr_1_411?qid=1672923612&s=kitchen&sr=1-411,1,64.79252969954905,0,0.48774648306076357,-1.6381734879355891,segmento misto
B0BDS8MY8J,"Lapster Caddy for ssd and HDD, Optical Bay 2nd Hard Drive Caddy, Caddy 9.5mm for Laptop",Computers&Accessories|Components|InternalHardDrives,Computers&Accessories,Components,199.0,999.0,80.0,4.2,362.0,800.0,budget,high,medium,https://m.media-amazon.com/images/W/WEBP_402378-T1/images/I/41xQ7QVZMSL._SY300_SX300_QL70_FMwebp_.jpg,https://www.amazon.in/Lapster-Caddy-Optical-Drive-Laptop/dp/B0BDS8MY8J/ref=sr_1_306?qid=1672903010&s=computers&sr=1-306,1,64.75577123693964,4,0.8603774984272633,1.0266772608331456,barato com alto desconto
B005LJQMCK,"BlueRigger Digital Optical Audio Toslink Cable (3.3 Feet / 1 Meter) With 8 Channel (7.1) Audio Support (for Home Theatre, Xbox, Playstation etc.)","Electronics|HomeTheater,TV&Video|Accessories|Cables|OpticalCables",Electronics,"HomeTheater,TV&Video",416.0,599.0,31.0,4.2,30023.0,183.0,budget,medium,high,https://m.media-amazon.com/images/I/41CF6GtnpKL._SX300_SY300_QL70_FMwebp_.jpg,https://www.amazon.in/BlueRigger-Digital-Optical-Audio-Toslink/dp/B005LJQMCK/ref=sr_1_167?qid=1672909131&s=electronics&sr=1-167,1,64.74753546406579,0,0.30777528570194573,-0.44108156067396337,segmento misto
B09F6VHQXB,"Croma 80 cm (32 Inches) HD Ready LED TV (CREL7369, Black) (2021 Model)","Electronics|HomeTheater,TV&Video|Televisions|StandardTelevisions",Electronics,"HomeTheater,TV&Video",7390.0,20000.0,63.0,4.1,2581.0,12610.0,premium,high,high,https://m.media-amazon.com/images/I/41fruBt99gL._SX300_SY300_QL70_FMwebp_.jpg,https://www.amazon.in/Croma-Inches-Ready-CREL7369-Black/dp/B09F6VHQXB/ref=sr_1_123?qid=1672909130&s=electronics&sr=1-123,1,64.68810388358408,4,0.351354916417186,0.14682373506623947,barato com alto desconto
B079S811J3,"Redgear Cosmo 7,1 Usb Gaming Wired Over Ear Headphones With Mic With Virtual Surround Sound,50Mm Driver, Rgb Leds & Remote Control(Black)",Computers&Accessories|Accessories&Peripherals|PCGamingPeripherals|Headsets,Computers&Accessories,Accessories&Peripherals,1990.0,2999.0,34.0,4.3,14237.0,1009.0,mid,medium,high,https://m.media-amazon.com/images/W/WEBP_402378-T1/images/I/41Gt21tmhTL._SX300_SY300_QL70_FMwebp_.jpg,https://www.amazon.in/Redgear-Cosmo-7-1-Headphones-Controller/dp/B079S811J3/ref=sr_1_429?qid=1672903016&s=computers&sr=1-429,1,64.67806810777854,0,0.3085371966917866,-0.6189539635214014,segmento misto
B08MCD9JFY,"Tygot 10 Inches Big LED Ring Light for Camera, Phone tiktok YouTube Video Shooting and Makeup, 10"" inch Ring Light with 7 Feet Long Foldable and Lightweight Tripod Stand",Electronics|Cameras&Photography|Flashes|Macro&RinglightFlashes,Electronics,Cameras&Photography,799.0,1999.0,60.0,3.8,12958.0,1200.0,mid,high,high,https://m.media-amazon.com/images/I/412CjF5u2iL._SX300_SY300_QL70_FMwebp_.jpg,https://www.amazon.in/Tygot-YouTube-Shooting-Foldable-Lightweight/dp/B08MCD9JFY/ref=sr_1_80?qid=1672902998&s=computers&sr=1-80,1,64.64866364530863,4,0.08176879592878271,1.1062106226608859,barato com alto desconto
B009P2L7CO,"Bajaj DHX-9 1000W Heavy Weight Dry Iron with Advance Soleplate and Anti-Bacterial German Coating Technology, Ivory","Home&Kitchen|Kitchen&HomeAppliances|Vacuum,Cleaning&Ironing|Irons,Steamers&Accessories|Irons|DryIrons",Home&Kitchen,Kitchen&HomeAppliances,1099.0,1920.0,43.0,4.2,9772.0,821.0,mid,medium,high,https://m.media-amazon.com/images/W/WEBP_402378-T2/images/I/411ZPXAMTlL._SY300_SX300_QL70_FMwebp_.jpg,https://www.amazon.in/Bajaj-DHX-1000-Watt-Ivory-Color/dp/B009P2L7CO/ref=sr_1_222?qid=1672923603&s=kitchen&sr=1-222,1,64.62842996933927,4,0.29148814915577886,-0.10312199037721265,barato com alto desconto
B07222HQKP,"Orico 2.5""(6.3cm) USB 3.0 HDD Enclosure Case Cover for SATA SSD HDD | SATA SSD HDD Enclosure High Speed USB 3.0 | Tool Free Installation | Black",Computers&Accessories|ExternalDevices&DataStorage|ExternalHardDisks,Computers&Accessories,ExternalDevices&DataStorage,657.0,999.0,34.0,4.3,13944.0,342.0,mid,medium,high,https://m.media-amazon.com/images/I/31EDDF4uNtL._SX300_SY300_QL70_FMwebp_.jpg,https://www.amazon.in/ORICO-2577U3-BK-Enclosure-Capacity-Business/dp/B07222HQKP/ref=sr_1_423?qid=1672903016&s=computers&sr=1-423,1,64.61673504627055,0,0.31832054502878954,-0.5103655957216819,segmento misto
B07VQGVL68,Glun Multipurpose Portable Electronic Digital Weighing Scale Weight Machine (10 Kg - with Back Light),Home&Kitchen|Kitchen&HomeAppliances|SmallKitchenAppliances|DigitalKitchenScales,Home&Kitchen,Kitchen&HomeAppliances,293.0,499.0,41.0,3.9,44994.0,206.0,budget,medium,high,https://m.media-amazon.com/images/W/WEBP_402378-T1/images/I/31p014p14mL._SX342_SY445_QL70_FMwebp_.jpg,https://www.amazon.in/Multipurpose-Portable-Electronic-Digital-Weighing/dp/B07VQGVL68/ref=sr_1_11?qid=1672923591&s=kitchen&sr=1-11,1,64.60039837308736,4,0.21655334359821973,0.3449215119202889,barato com alto desconto
B09B9SPC7F,"PC SQUARE Laptop Tabletop Stand/ Computer Tablet Stand 6 Angles Adjustable Aluminum Ergonomic Foldable Portable Desktop Holder Compatible with MacBook, HP, Dell, Lenovo & All Other Notebook (Silver)",Computers&Accessories|Accessories&Peripherals|LaptopAccessories|Lapdesks,Computers&Accessories,Accessories&Peripherals,499.0,1299.0,62.0,4.1,2740.0,800.0,budget,high,high,https://m.media-amazon.com/images/I/41QtHHI0rXL._SX300_SY300_QL70_FMwebp_.jpg,https://www.amazon.in/PC-SQUARE-Adjustable-Ergonomic-Compatible/dp/B09B9SPC7F/ref=sr_1_453?qid=1672903017&s=computers&sr=1-453,1,64.59841240435583,4,0.41970021912145045,0.6750284274570635,barato com alto desconto
B0162LYSFS,"boAt LTG 500 Apple MFI Certified for iPhone, iPad and iPod 2Mtr Data Cable(Metallic Silver)",Computers&Accessories|Accessories&Peripherals|Cables&Accessories|Cables|USBCables,Computers&Accessories,Accessories&Peripherals,799.0,1749.0,54.0,4.1,5626.0,950.0,mid,high,high,https://m.media-amazon.com/images/I/41VKU5Lkg3L._SX300_SY300_QL70_FMwebp_.jpg,https://www.amazon.in/LTG-500-2Mtr-Cable-Metallic-Silver/dp/B0162LYSFS/ref=sr_1_250?qid=1672909136&s=electronics&sr=1-250,1,64.59229006724287,4,0.30567459581377693,0.41972402428158034,barato com alto desconto
B08V9C4B1J,"Synqe Type C to Type C Short Fast Charging 60W Cable Compatible with Samsung Galaxy Z Fold3 5G, Z Flip3 5G, S22 5G, S22 Ultra, S21, S20, S20FE, A52, A73, A53 (0.25M, Black)",Computers&Accessories|Accessories&Peripherals|Cables&Accessories|Cables|USBCables,Computers&Accessories,Accessories&Peripherals,349.0,999.0,65.0,4.3,838.0,650.0,budget,high,medium,https://m.media-amazon.com/images/I/31FmMK7a9PL._SY445_SX342_QL70_FMwebp_.jpg,https://www.amazon.in/Synqe-Braided-Charging-Compatible-Samsung/dp/B08V9C4B1J/ref=sr_1_495?qid=1672909149&s=electronics&sr=1-495,1,64.57097212784706,4,0.7237487657034694,0.41567165708094905,barato com alto desconto
B014SZO90Y,"Duracell Ultra Alkaline AA Battery, 8 Pcs",Electronics|GeneralPurposeBatteries&BatteryChargers|DisposableBatteries,Electronics,GeneralPurposeBatteries&BatteryChargers,266.0,315.0,16.0,4.5,28030.0,49.0,budget,low,high,https://m.media-amazon.com/images/W/WEBP_402378-T2/images/I/415nVOD7bWL._SX300_SY300_QL70_FMwebp_.jpg,https://www.amazon.in/Duracell-Alkaline-Battery-Duralock-Technology/dp/B014SZO90Y/ref=sr_1_34?qid=1672902996&s=computers&sr=1-34,1,64.55557491913609,0,0.42091548159229536,-1.381247767255343,segmento misto
B08SCCG9D4,"JBL Commercial CSLM20B Auxiliary Omnidirectional Lavalier Microphone with Battery for Content Creation, Voiceover/Dubbing, Recording (Black,Small)",Computers&Accessories|Accessories&Peripherals|Audio&VideoAccessories|PCMicrophones,Computers&Accessories,Accessories&Peripherals,949.0,2000.0,53.0,3.9,14969.0,1051.0,mid,high,high,https://m.media-amazon.com/images/I/41U9-x0JGPL._SX300_SY300_QL70_FMwebp_.jpg,https://www.amazon.in/JBL-Commercial-Omnidirectional-Microphone-Recording/dp/B08SCCG9D4/ref=sr_1_179?qid=1672903004&s=computers&sr=1-179,1,64.54580264254895,4,0.10624190723837633,0.7133062150849614,barato com alto desconto
B01CS4A5V4,Monitor AC Stand/Heavy Duty Air Conditioner Outdoor Unit Mounting Bracket,"Home&Kitchen|Heating,Cooling&AirQuality|Parts&Accessories|FanParts&Accessories",Home&Kitchen,"Heating,Cooling&AirQuality",699.0,1690.0,59.0,4.1,3524.0,991.0,mid,high,high,https://m.media-amazon.com/images/I/41xjCi0e7GL._SX300_SY300_QL70_FMwebp_.jpg,https://www.amazon.in/Monitor-Split-AC-Stand-White/dp/B01CS4A5V4/ref=sr_1_459?qid=1672923614&s=kitchen&sr=1-459,1,64.54254377272828,4,0.3684812925738935,0.5731967713214133,barato com alto desconto
B0BCVJ3PVP,"SupCares Laptop Stand 7 Height Adjustable, Aluminium, Ventilated, Foldable, Portable Laptop Holder for Desk & Table Mount Upto 15.6 inch Laptop with Carry Pouch (Silver)",Computers&Accessories|Accessories&Peripherals|LaptopAccessories|Lapdesks,Computers&Accessories,Accessories&Peripherals,499.0,1299.0,62.0,4.5,434.0,800.0,budget,high,medium,https://m.media-amazon.com/images/I/51seYZqgz5L._SX300_SY300_QL70_FMwebp_.jpg,https://www.amazon.in/SupCares-Adjustable-Aluminium-Ventilated-Foldable/dp/B0BCVJ3PVP/ref=sr_1_337?qid=1672903012&s=computers&sr=1-337,1,64.50225397739972,4,0.9315789397133597,-0.03921113113932985,barato com alto desconto
B0747VDH9L,"INALSA Hand Blender 1000 Watt with Chopper, Whisker, 600 ml Multipurpose Jar|Variable Speed And Turbo Speed Function |100% Copper Motor |Low Noise |ANTI-SPLASH TECHNOLOGY|2 Year Warranty",Home&Kitchen|Kitchen&HomeAppliances|SmallKitchenAppliances|HandBlenders,Home&Kitchen,Kitchen&HomeAppliances,2742.0,3995.0,31.0,4.4,11148.0,1253.0,premium,medium,high,https://m.media-amazon.com/images/W/WEBP_402378-T2/images/I/41QEK7WRJbL._SX300_SY300_QL70_FMwebp_.jpg,https://www.amazon.in/Inalsa-Robot-1000-800-Watt-Blender/dp/B0747VDH9L/ref=sr_1_269?qid=1672923605&s=kitchen&sr=1-269,1,64.49215214591976,0,0.3359778049036253,-0.9341312072625481,segmento misto
B092BJMT8Q,Samsung 108 cm (43 inches) Crystal 4K Series Ultra HD Smart LED TV UA43AUE60AKLXL (Black),"Electronics|HomeTheater,TV&Video|Televisions|SmartTelevisions",Electronics,"HomeTheater,TV&Video",30990.0,52900.0,41.0,4.3,7109.0,21910.0,luxury,medium,high,https://m.media-amazon.com/images/I/41RVzq6GiIL._SY300_SX300_QL70_FMwebp_.jpg,https://www.amazon.in/Samsung-inches-Crystal-Ultra-UA43AUE60AKLXL/dp/B092BJMT8Q/ref=sr_1_96?qid=1672909128&s=electronics&sr=1-96,1,64.49150617519871,3,-0.04125501368515002,-2.744262577238007,premium bem avaliado
B06XDKWLJH,"Western Digital WD 1.5TB Elements Portable Hard Disk Drive, USB 3.0, Compatible with PC, PS4 and Xbox, External HDD (WDBU6Y0015BBK-WESN)",Computers&Accessories|ExternalDevices&DataStorage|ExternalHardDisks,Computers&Accessories,ExternalDevices&DataStorage,4449.0,5734.0,22.0,4.4,25006.0,1285.0,premium,medium,high,https://m.media-amazon.com/images/I/31YZ2ZYT66L._SX300_SY300_QL70_FMwebp_.jpg,https://www.amazon.in/Elements-Portable-External-Drive-Black/dp/B06XDKWLJH/ref=sr_1_256?qid=1672903007&s=computers&sr=1-256,1,64.48126968104731,0,0.2972904527928733,-1.3627073998590313,segmento misto
B09PLFJ7ZW,"Noise Pulse Buzz 1.69"" Bluetooth Calling Smart Watch with Call Function, 150 Watch Faces, 60 Sports Modes, Spo2 & Heart Rate Monitoring, Calling Smart Watch for Men & Women - Rose Pink",Electronics|WearableTechnology|SmartWatches,Electronics,WearableTechnology,1999.0,4999.0,60.0,3.9,7571.0,3000.0,mid,high,high,https://m.media-amazon.com/images/I/41lf0N5STAL._SX300_SY300_QL70_ML2_.jpg,https://www.amazon.in/Noise-Bluetooth-Calling-Function-Monitoring/dp/B09PLFJ7ZW/ref=sr_1_182?qid=1672895799&s=electronics&sr=1-182,1,64.39705870978018,4,0.1267584558928756,0.8451853259763399,barato com alto desconto
B08GM5S4CQ,Havells Instanio 10 Litre Storage Water Heater with Flexi Pipe and Free installation (White Blue),"Home&Kitchen|Heating,Cooling&AirQuality|WaterHeaters&Geysers|StorageWaterHeaters",Home&Kitchen,"Heating,Cooling&AirQuality",6990.0,14290.0,51.0,4.4,1771.0,7300.0,premium,high,high,https://m.media-amazon.com/images/I/31-XtyZy0IL._SX300_SY300_QL70_FMwebp_.jpg,https://www.amazon.in/Havells-Instanio-Storage-Heater-installation/dp/B08GM5S4CQ/ref=sr_1_172?qid=1672923600&s=kitchen&sr=1-172,1,64.38620755416831,4,0.5232062660337383,-0.6928566427432222,barato com alto desconto
B08444S68L,"OPPO A31 (Mystery Black, 6GB RAM, 128GB Storage) with No Cost EMI/Additional Exchange Offers",Electronics|Mobiles&Accessories|Smartphones&BasicMobiles|Smartphones,Electronics,Mobiles&Accessories,12490.0,15990.0,22.0,4.2,58506.0,3500.0,luxury,medium,high,https://m.media-amazon.com/images/I/41OBf52bnOL._SX300_SY300_QL70_ML2_.jpg,https://www.amazon.in/Oppo-Mystery-Storage-Additional-Exchange/dp/B08444S68L/ref=sr_1_122?qid=1672895784&s=electronics&sr=1-122,1,64.32176695868304,0,0.24771780243837654,-1.7482486826791788,segmento misto
B084N1BM9L,"Belkin Apple Certified Lightning to USB Charge and Sync Tough Braided Cable for iPhone, iPad, Air Pods, 3.3 feet (1 meters) – Black",Computers&Accessories|Accessories&Peripherals|Cables&Accessories|Cables|USBCables,Computers&Accessories,Accessories&Peripherals,1299.0,1999.0,35.0,4.4,7318.0,700.0,mid,medium,high,https://m.media-amazon.com/images/W/WEBP_402378-T2/images/I/31vIaLbBXmL._SY445_SX342_QL70_FMwebp_.jpg,https://www.amazon.in/Belkin-Certified-Lightning-Braided-Meters-Black/dp/B084N1BM9L/ref=sr_1_340?qid=1672909141&s=electronics&sr=1-340,1,64.31455013187771,0,0.3714256669706772,-0.6948056002516158,segmento misto
B097R3XH9R,"Bajaj New Shakti Neo 25L Vertical Storage Water Heater (Geyser 25 Litres) 4 Star BEE Rated Heater For Water Heating with Titanium Armour, Swirl Flow Technology, Glasslined Tank(White), 1 Yr Warranty","Home&Kitchen|Heating,Cooling&AirQuality|WaterHeaters&Geysers|StorageWaterHeaters",Home&Kitchen,"Heating,Cooling&AirQuality",6299.0,15270.0,59.0,4.1,3233.0,8971.0,premium,high,high,https://m.media-amazon.com/images/W/WEBP_402378-T1/images/I/31YrFqskR7L._SX300_SY300_QL70_FMwebp_.jpg,https://www.amazon.in/Bajaj-Shakti-Heater-Multiple-Safety/dp/B097R3XH9R/ref=sr_1_76?qid=1672923593&s=kitchen&sr=1-76,1,64.28840104092738,4,0.2711478865357238,0.12244045401074205,barato com alto desconto
B09RF2QXGX,"Gizga Essentials Webcam Cover, Privacy Protector Webcam Cover Slide, Compatible with Laptop, Desktop, PC, Smartphone, Protect Your Privacy and Security, Strong Adhesive, Set of 3, Black",Computers&Accessories|Accessories&Peripherals|LaptopAccessories|CameraPrivacyCovers,Computers&Accessories,Accessories&Peripherals,69.0,299.0,77.0,4.3,255.0,230.0,budget,high,medium,https://m.media-amazon.com/images/I/31ZJqJC4frL._SX300_SY300_QL70_FMwebp_.jpg,https://www.amazon.in/Gizga-Essentials-Compatible-Smartphone-Security/dp/B09RF2QXGX/ref=sr_1_234?qid=1672903006&s=computers&sr=1-234,1,64.26114403170298,4,0.9052854661465428,0.7746596402012995,barato com alto desconto
B0B3X2BY3M,Crompton Gracee 5-L Instant Water Heater (Geyser),"Home&Kitchen|Heating,Cooling&AirQuality|WaterHeaters&Geysers|InstantWaterHeaters",Home&Kitchen,"Heating,Cooling&AirQuality",3599.0,7299.0,51.0,4.0,10324.0,3700.0,premium,high,high,https://m.media-amazon.com/images/W/WEBP_402378-T1/images/I/31KGeL7u8hL._SX300_SY300_QL70_FMwebp_.jpg,https://www.amazon.in/Crompton-Gracee-Instant-Heater-Geyser/dp/B0B3X2BY3M/ref=sr_1_102?qid=1672923595&s=kitchen&sr=1-102,1,64.25148968238281,4,0.10145186129509644,0.2774691981598912,barato com alto desconto
B0B6BLTGTT,"Noise Pulse 2 Max Advanced Bluetooth Calling Smart Watch with 1.85'' TFT and 550 Nits Brightness, Smart DND, 10 Days Battery, 100 Sports Mode, Smartwatch for Men and Women - (Jet Black)",Electronics|WearableTechnology|SmartWatches,Electronics,WearableTechnology,2999.0,5999.0,50.0,4.1,7148.0,3000.0,premium,medium,high,https://m.media-amazon.com/images/I/41u0PC4NajL._SX300_SY300_QL70_ML2_.jpg,https://www.amazon.in/Noise-Advanced-Bluetooth-Brightness-Smartwatch/dp/B0B6BLTGTT/ref=sr_1_202?qid=1672895806&s=electronics&sr=1-202,1,64.23459176192162,4,0.19409742986550052,0.12704098687689722,barato com alto desconto
B07SPVMSC6,Bajaj Frore 1200 mm Ceiling Fan (Brown),"Home&Kitchen|Heating,Cooling&AirQuality|Fans|CeilingFans",Home&Kitchen,"Heating,Cooling&AirQuality",1399.0,2660.0,47.0,4.1,9349.0,1261.0,mid,medium,high,https://m.media-amazon.com/images/I/21qojQDoKWL._SX300_SY300_QL70_FMwebp_.jpg,https://www.amazon.in/Bajaj-Frore-1200-Brown-Ceiling/dp/B07SPVMSC6/ref=sr_1_192?qid=1672923600&s=kitchen&sr=1-192,1,64.22841341918466,4,0.1850924988916468,0.16631663397506463,barato com alto desconto
B09P564ZTJ,"Wembley LCD Writing Pad/Tab | Writing, Drawing, Reusable, Portable Pad with Colorful Letters | 9 Inch Graphic Tablet (Assorted)","Computers&Accessories|Accessories&Peripherals|Keyboards,Mice&InputDevices|GraphicTablets",Computers&Accessories,Accessories&Peripherals,235.0,1599.0,85.0,3.8,1173.0,1364.0,budget,high,high,https://m.media-amazon.com/images/I/411H6yi-tGL._SX300_SY300_QL70_FMwebp_.jpg,https://www.amazon.in/Wembley-LCD-Writing-Tablet-8-5/dp/B09P564ZTJ/ref=sr_1_216?qid=1672903005&s=computers&sr=1-216,1,64.21441832501338,4,0.36890184146024696,1.8828088648974375,barato com alto desconto
B098R25TGC,Noise Buds VS201 V2 in-Ear Truly Wireless Earbuds with Dual Equalizer | with Mic | Total 14-Hour Playtime | Full Touch Control | IPX5 Water Resistance and Bluetooth v5.1 (Olive Green),"Electronics|Headphones,Earbuds&Accessories|Headphones|In-Ear",Electronics,"Headphones,Earbuds&Accessories",1299.0,2999.0,57.0,3.8,14629.0,1700.0,mid,high,high,https://m.media-amazon.com/images/I/31oumlyiGiL._SX300_SY300_QL70_FMwebp_.jpg,https://www.amazon.in/Noise-Wireless-Equalizer-Resistance-Bluetooth/dp/B098R25TGC/ref=sr_1_220?qid=1672903006&s=computers&sr=1-220,1,64.20853418056326,4,0.00502381716243718,0.9783433214261076,barato com alto desconto
B0798PJPCL,Portronics My buddy plus Adjustable Laptop cooling Table (Brown),Computers&Accessories|Accessories&Peripherals|LaptopAccessories|Lapdesks,Computers&Accessories,Accessories&Peripherals,1889.0,2699.0,30.0,4.3,17394.0,810.0,mid,medium,high,https://m.media-amazon.com/images/W/WEBP_402378-T1/images/I/41lS2bd15fL._SX300_SY300_QL70_FMwebp_.jpg,https://www.amazon.in/Portronics-POR-895-Adjustable-Laptop-Table/dp/B0798PJPCL/ref=sr_1_249?qid=1672903007&s=computers&sr=1-249,1,64.20495732927589,0,0.23488529077104525,-0.7303893268013346,segmento misto
B09X1M3DHX,iFFALCON 80 cm (32 inches) HD Ready Smart LED TV 32F53 (Black),"Electronics|HomeTheater,TV&Video|Televisions|SmartTelevisions",Electronics,"HomeTheater,TV&Video",9999.0,27990.0,64.0,4.2,1269.0,17991.0,premium,high,high,https://m.media-amazon.com/images/I/51O93lUTxtL._SY300_SX300_QL70_FMwebp_.jpg,https://www.amazon.in/iFFALCON-inches-Ready-Smart-TV-32F53/dp/B09X1M3DHX/ref=sr_1_142?qid=1672909130&s=electronics&sr=1-142,1,64.19448728684446,4,0.4172864429433621,-0.21146525705840727,barato com alto desconto
B09QS8V5N8,"Redmi Note 11 (Space Black, 4GB RAM, 64GB Storage)|90Hz FHD+ AMOLED Display | Qualcomm® Snapdragon™ 680-6nm | 33W Charger Included",Electronics|Mobiles&Accessories|Smartphones&BasicMobiles|Smartphones,Electronics,Mobiles&Accessories,12999.0,17999.0,28.0,4.1,50772.0,5000.0,luxury,medium,high,https://m.media-amazon.com/images/I/411yU+n3UkL._SY300_SX300_.jpg,https://www.amazon.in/Redmi-Storage-Qualcomm%C2%AE-SnapdragonTM-Included/dp/B09QS8V5N8/ref=sr_1_96?qid=1672895770&s=electronics&sr=1-96,1,64.16597376619752,0,0.11829306293208337,-1.4192628797132596,segmento misto
B083RCTXLL,"HP X200 Wireless Mouse with 2.4 GHz Wireless connectivity, Adjustable DPI up to 1600, ambidextrous Design, and 18-Month Long Battery Life. 3-Years Warranty (6VY95AA)","Computers&Accessories|Accessories&Peripherals|Keyboards,Mice&InputDevices|Mice",Computers&Accessories,Accessories&Peripherals,681.0,1199.0,43.0,4.2,8258.0,518.0,mid,medium,high,https://m.media-amazon.com/images/I/21psCtgM5BL._SX300_SY300_QL70_FMwebp_.jpg,https://www.amazon.in/HP-Wireless-Mouse-X200-6VY95AA/dp/B083RCTXLL/ref=sr_1_82?qid=1672902998&s=computers&sr=1-82,1,64.13194713589098,4,0.24208941496612402,-0.06400007537044203,barato com alto desconto
B09Q5SWVBJ,OnePlus 80 cm (32 inches) Y Series HD Ready Smart Android LED TV 32 Y1S (Black),"Electronics|HomeTheater,TV&Video|Televisions|SmartTelevisions",Electronics,"HomeTheater,TV&Video",15999.0,21999.0,27.0,4.2,34899.0,6000.0,luxury,medium,high,https://m.media-amazon.com/images/I/512YHGuR4RL._SX300_SY300_QL70_FMwebp_.jpg,https://www.amazon.in/OnePlus-inches-Ready-Smart-Android/dp/B09Q5SWVBJ/ref=sr_1_63?qid=1672909126&s=electronics&sr=1-63,1,64.12759589171698,3,0.03228854474969499,-1.823428441182584,premium bem avaliado
B07YC8JHMB,"Aquasure From Aquaguard Amaze RO+UV+MTDS,7L storage water purifier,suitable for borewell,tanker,municipal water (Grey) from Eureka Forbes",Home&Kitchen|Kitchen&HomeAppliances|WaterPurifiers&Accessories|WaterFilters&Purifiers,Home&Kitchen,Kitchen&HomeAppliances,8199.0,16000.0,49.0,3.9,18497.0,7801.0,premium,medium,high,https://m.media-amazon.com/images/I/31Gulp0B-0L._SX300_SY300_QL70_FMwebp_.jpg,https://www.amazon.in/Eureka-Forbes-Amaze-RO-MTDS/dp/B07YC8JHMB/ref=sr_1_223?qid=1672923603&s=kitchen&sr=1-223,1,64.10615861805319,4,-0.058293300169159436,0.007261782470765509,barato com alto desconto
B09939XJX8,"TVARA LCD Writing Tablet, 8.5"" Inch Colorful Toddler Doodle Board Drawing Tablet, Erasable Reusable Electronic Drawing Pads, Educational and Learning Tool for 3-6 Years Old Boy and Girls Mix Colors","Computers&Accessories|Accessories&Peripherals|Keyboards,Mice&InputDevices|GraphicTablets",Computers&Accessories,Accessories&Peripherals,354.0,1500.0,76.0,4.0,1026.0,1146.0,budget,high,high,https://m.media-amazon.com/images/W/WEBP_402378-T2/images/I/51HO3bkK+VS._SY300_SX300_.jpg,https://www.amazon.in/TVARA-Colorful-Erasable-Electronic-Educational/dp/B09939XJX8/ref=sr_1_388?qid=1672903014&s=computers&sr=1-388,1,64.09288087309565,4,0.4713417621906396,1.2627478534738545,barato com alto desconto
B07R679HTT,AGARO Imperial 240-Watt Slow Juicer with Cold Press Technology,Home&Kitchen|Kitchen&HomeAppliances|SmallKitchenAppliances|Juicers|ColdPressJuicers,Home&Kitchen,Kitchen&HomeAppliances,12609.0,23999.0,47.0,4.4,2288.0,11390.0,luxury,medium,high,https://m.media-amazon.com/images/W/WEBP_402378-T1/images/I/41e5RU3gPHL._SX300_SY300_QL70_FMwebp_.jpg,https://www.amazon.in/AGARO-Imperial-Slow-Juicer-Watts/dp/B07R679HTT/ref=sr_1_363?qid=1672923610&s=kitchen&sr=1-363,1,64.07750314279573,4,0.3600298258850089,-1.2587441216506965,barato com alto desconto
B08LT9BMPP,"Logitech G102 USB Light Sync Gaming Mouse with Customizable RGB Lighting, 6 Programmable Buttons, Gaming Grade Sensor, 8K DPI Tracking, 16.8mn Color, Light Weight - Black",Computers&Accessories|Accessories&Peripherals|PCGamingPeripherals|GamingMice,Computers&Accessories,Accessories&Peripherals,1495.0,1995.0,25.0,4.5,10541.0,500.0,mid,medium,high,https://m.media-amazon.com/images/W/WEBP_402378-T2/images/I/41zEY42v1tL._SX300_SY300_QL70_FMwebp_.jpg,https://www.amazon.in/Logitech-G102-Customizable-Lighting-Programmable/dp/B08LT9BMPP/ref=sr_1_347?qid=1672903012&s=computers&sr=1-347,1,64.064612647715,0,0.3438168238393383,-1.178171103663906,segmento misto
B09WMTJPG7,Crompton InstaBliss 3-L Instant Water Heater (Geyser) with Advanced 4 Level Safety,"Home&Kitchen|Heating,Cooling&AirQuality|WaterHeaters&Geysers|InstantWaterHeaters",Home&Kitchen,"Heating,Cooling&AirQuality",2599.0,4400.0,41.0,4.1,14947.0,1801.0,premium,medium,high,https://m.media-amazon.com/images/I/31yPDf0htkL._SX300_SY300_QL70_FMwebp_.jpg,https://www.amazon.in/Crompton-InstaBliss-Instant-Heater-Advanced/dp/B09WMTJPG7/ref=sr_1_153?qid=1672923598&s=kitchen&sr=1-153,1,64.01664195500575,4,0.10513314502564143,-0.11343385159995054,barato com alto desconto
B08N6P8G5K,"INALSA Air Fryer Digital 4L Nutri Fry - 1400W with Smart AirCrisp Technology| 8-Preset Menu, Touch Control & Digital Display|Variable Temperature & Timer Control|Free Recipe book|2 Yr Warranty (Black)",Home&Kitchen|Kitchen&HomeAppliances|SmallKitchenAppliances|DeepFatFryers|AirFryers,Home&Kitchen,Kitchen&HomeAppliances,6790.0,10995.0,38.0,4.5,3192.0,4205.0,premium,medium,high,https://m.media-amazon.com/images/W/WEBP_402378-T2/images/I/41vooC+8vUL._SY300_SX300_.jpg,https://www.amazon.in/Inalsa-Digital-Fryer-Nutri-Fry/dp/B08N6P8G5K/ref=sr_1_475?qid=1672923615&s=kitchen&sr=1-475,1,63.99899402039664,0,0.41945965278054687,-1.222269463994641,segmento misto
B08DDRGWTJ,MI Usb Type-C Cable Smartphone (Black),Computers&Accessories|Accessories&Peripherals|Cables&Accessories|Cables|USBCables,Computers&Accessories,Accessories&Peripherals,229.0,299.0,23.0,4.3,30411.0,70.0,budget,medium,high,https://m.media-amazon.com/images/I/31XO-wfGGGL._SX300_SY300_QL70_FMwebp_.jpg,https://www.amazon.in/MI-MTCY001IN-USB-Type-C-Cable/dp/B08DDRGWTJ/ref=sr_1_9?qid=1672909124&s=electronics&sr=1-9,3,63.99108317072707,0,0.25079346817440573,-0.8286165267633767,segmento misto
B09MDCZJXS,"Wings Phantom Pro Earphones Gaming Earbuds with LED Battery Indicator, 50ms Low Latency, Bluetooth 5.3, 40 Hours Playtime, MEMs Mic, IPX4 Resist, 12mm Driver, 500mah case, Headphones, (Black TWS)",Computers&Accessories|Accessories&Peripherals|PCGamingPeripherals|Headsets,Computers&Accessories,Accessories&Peripherals,1199.0,5499.0,78.0,3.8,2043.0,4300.0,mid,high,high,https://m.media-amazon.com/images/I/41QsvdbthFL._SX300_SY300_QL70_FMwebp_.jpg,https://www.amazon.in/Wings-Phantom-Indicator-Bluetooth-Playtime/dp/B09MDCZJXS/ref=sr_1_389?qid=1672903014&s=computers&sr=1-389,1,63.98826627856632,4,0.22541421776933585,1.6080246568717365,barato com alto desconto
B09YDFDVNS,"Nokia 105 Plus Single SIM, Keypad Mobile Phone with Wireless FM Radio, Memory Card Slot and MP3 Player | Red",Electronics|Mobiles&Accessories|Smartphones&BasicMobiles|BasicMobiles,Electronics,Mobiles&Accessories,1324.0,1699.0,22.0,4.0,128311.0,375.0,mid,medium,high,https://m.media-amazon.com/images/I/41o7qy-j6KL._SX300_SY300_QL70_ML2_.jpg,https://www.amazon.in/Nokia-105-Single-Keypad-Wireless/dp/B09YDFDVNS/ref=sr_1_117?qid=1672895777&s=electronics&sr=1-117,1,63.97150463118413,0,0.806903691061179,-0.6881695659066515,segmento misto
B09YDFKJF8,"Nokia 105 Plus Single SIM, Keypad Mobile Phone with Wireless FM Radio, Memory Card Slot and MP3 Player | Charcoal",Electronics|Mobiles&Accessories|Smartphones&BasicMobiles|BasicMobiles,Electronics,Mobiles&Accessories,1324.0,1699.0,22.0,4.0,128311.0,375.0,mid,medium,high,https://m.media-amazon.com/images/I/31-hWNXDxiL._SX300_SY300_QL70_ML2_.jpg,https://www.amazon.in/Nokia-105-Single-Wireless-Charcoal/dp/B09YDFKJF8/ref=sr_1_125?qid=1672895777&s=electronics&sr=1-125,1,63.97150463118413,0,0.806903691061179,-0.6881695659066515,segmento misto
B0B4HJNPV4,"pTron Solero T351 3.5Amps Fast Charging Type-C to Type-C PD Data & Charging USB Cable, Made in India, 480Mbps Data Sync, Durable 1 Meter Long Cable for Type-C Smartphones, Tablets & Laptops (Black)",Computers&Accessories|Accessories&Peripherals|Cables&Accessories|Cables|USBCables,Computers&Accessories,Accessories&Peripherals,199.0,999.0,80.0,3.9,1075.0,800.0,budget,high,high,https://m.media-amazon.com/images/I/41wN7jooz0L._SX300_SY300_QL70_FMwebp_.jpg,https://www.amazon.in/pTron-3-5Amps-Charging-480Mbps-Smartphones/dp/B0B4HJNPV4/ref=sr_1_38?qid=1672909125&s=electronics&sr=1-38,2,63.960855582894126,4,0.39710679056161863,1.5670203358608639,barato com alto desconto
B0B6F98KJJ,MI 100 cm (40 inches) 5A Series Full HD Smart Android LED TV with 24W Dolby Audio & Metal Bezel-Less Frame (Black) (2022 Model),"Electronics|HomeTheater,TV&Video|Televisions|SmartTelevisions",Electronics,"HomeTheater,TV&Video",21999.0,29999.0,27.0,4.2,32840.0,8000.0,luxury,medium,high,https://m.media-amazon.com/images/W/WEBP_402378-T2/images/I/41GTMteNtdL._SX300_SY300_QL70_FMwebp_.jpg,https://www.amazon.in/MI-inches-Smart-Android-Bezel-Less/dp/B0B6F98KJJ/ref=sr_1_115?qid=1672909129&s=electronics&sr=1-115,1,63.948231125202746,3,-0.08239007331277823,-2.301493244096009,premium bem avaliado
B09HQSV46W,Mi 100 cm (40 inches) Horizon Edition Full HD Android LED TV 4A | L40M6-EI (Black),"Electronics|HomeTheater,TV&Video|Televisions|SmartTelevisions",Electronics,"HomeTheater,TV&Video",21999.0,29999.0,27.0,4.2,32840.0,8000.0,luxury,medium,high,https://m.media-amazon.com/images/W/WEBP_402378-T2/images/I/41giUEJJGDL._SY300_SX300_QL70_FMwebp_.jpg,https://www.amazon.in/inches-Horizon-Android-L40M6-EI-Black/dp/B09HQSV46W/ref=sr_1_420?qid=1672909145&s=electronics&sr=1-420,1,63.948231125202746,3,-0.08239007331277823,-2.301493244096009,premium bem avaliado
B095XCRDQW,"Esquire Laundry Basket Brown, 50 Ltr Capacity(Plastic)",Home&Kitchen|HomeStorage&Organization|LaundryOrganization|LaundryBaskets,Home&Kitchen,HomeStorage&Organization,950.0,1599.0,41.0,4.3,5911.0,649.0,mid,medium,high,https://m.media-amazon.com/images/W/WEBP_402378-T2/images/I/41svI04SS1L._SX300_SY300_QL70_FMwebp_.jpg,https://www.amazon.in/Esquire-Elite-Laundry-Basket-Colour/dp/B095XCRDQW/ref=sr_1_250?qid=1672923605&s=kitchen&sr=1-250,1,63.947244842305054,4,0.3009450978921771,-0.3144998953667157,barato com alto desconto
B00MUTWLW4,"Logitech K480 Wireless Multi-Device Keyboard for Windows, macOS, iPadOS, Android or Chrome OS, Bluetooth, Compact, Compatible with PC, Mac, Laptop, Smartphone, Tablet - Black","Computers&Accessories|Accessories&Peripherals|Keyboards,Mice&InputDevices|Keyboards",Computers&Accessories,Accessories&Peripherals,2595.0,3295.0,21.0,4.4,22618.0,700.0,premium,medium,high,https://m.media-amazon.com/images/I/41hzQslWQlL._SX300_SY300_QL70_FMwebp_.jpg,https://www.amazon.in/Logitech-Multi-Device-Bluetooth-Keyboard-Black/dp/B00MUTWLW4/ref=sr_1_259?qid=1672903007&s=computers&sr=1-259,1,63.91927034998414,0,0.23542129857694413,-1.232826683271404,segmento misto
B0B2CPVXHX,Robustrion Anti-Scratch & Smudge Proof Tempered Glass Screen Protector for Xiaomi Mi Pad 5 11 inch,Computers&Accessories|Accessories&Peripherals|TabletAccessories|ScreenProtectors,Computers&Accessories,Accessories&Peripherals,379.0,1499.0,75.0,4.1,670.0,1120.0,budget,high,medium,https://m.media-amazon.com/images/I/51JATaEt6XL._SY300_SX300_QL70_FMwebp_.jpg,https://www.amazon.in/Robustrion-Anti-Scratch-Smudge-Tempered-Protector/dp/B0B2CPVXHX/ref=sr_1_406?qid=1672903014&s=computers&sr=1-406,1,63.9048083656151,4,0.5708004008987454,1.0540136986914255,barato com alto desconto
B01NBX5RSB,HP 65W AC Laptops Charger Adapter 4.5mm for HP Pavilion Black (Without Power Cable),Computers&Accessories|Accessories&Peripherals|LaptopAccessories|LaptopChargers&PowerSupplies,Computers&Accessories,Accessories&Peripherals,770.0,1547.0,50.0,4.3,2585.0,777.0,mid,medium,high,https://m.media-amazon.com/images/I/41No9BR7P0L._SX300_SY300_QL70_FMwebp_.jpg,https://www.amazon.in/HP-Charger-Adapter-Pavilion-Black/dp/B01NBX5RSB/ref=sr_1_441?qid=1672903017&s=computers&sr=1-441,1,63.90188974449729,4,0.42217349993938824,-0.03966459339161112,barato com alto desconto
B09VT6JKRP,Lapster USB 3.0 A to Micro B SuperSpeed for hard disk cable - short cable,Computers&Accessories|Accessories&Peripherals|Cables&Accessories|Cables|USBCables,Computers&Accessories,Accessories&Peripherals,199.0,999.0,80.0,4.1,425.0,800.0,budget,high,medium,https://m.media-amazon.com/images/W/WEBP_402378-T1/images/I/31Uqr+A2THL._SY300_SX300_.jpg,https://www.amazon.in/Lapster-Micro-SuperSpeed-hard-cable/dp/B09VT6JKRP/ref=sr_1_102?qid=1672909129&s=electronics&sr=1-102,1,63.894487551512526,4,0.6567118673451403,1.2084765319494266,barato com alto desconto
B0BMVWKZ8G,"Newly Launched Boult Dive+ with 1.85"" HD Display, Bluetooth Calling Smartwatch, 500 Nits Brightness, 7 Days Battery Life, 150+ Watch Faces, 100+ Sport Modes, IP68 Waterproof Smart Watch (Jet Black)",Electronics|WearableTechnology|SmartWatches,Electronics,WearableTechnology,1999.0,8499.0,76.0,4.3,240.0,6500.0,mid,high,medium,https://m.media-amazon.com/images/I/41OEfM3qYLL._SX300_SY300_QL70_ML2_.jpg,https://www.amazon.in/Boult-Bluetooth-Smartwatch-Brightness-Waterproof/dp/B0BMVWKZ8G/ref=sr_1_230?qid=1672895814&s=electronics&sr=1-230,1,63.81708598400218,4,0.8268664236035361,0.5919263569570178,barato com alto desconto
B0B5GJRTHB,"Wecool Moonwalk M1 ENC True Wireless in Ear Earbuds with Mic, Titanium Drivers for Rich Bass Experience, 40+ Hours Play Time, Type C Fast Charging, Low Latency, BT 5.3, IPX5, Deep Bass (Black)","Electronics|Headphones,Earbuds&Accessories|Headphones|In-Ear",Electronics,"Headphones,Earbuds&Accessories",889.0,1999.0,56.0,4.2,2284.0,1110.0,mid,high,high,https://m.media-amazon.com/images/W/WEBP_402378-T1/images/I/41Wq-obB2VL._SX300_SY300_QL70_FMwebp_.jpg,https://www.amazon.in/Moonwalk-Wireless-Titanium-Experience-Charging/dp/B0B5GJRTHB/ref=sr_1_397?qid=1672903014&s=computers&sr=1-397,1,63.79929453292109,4,0.3778274939430997,0.29912475158567164,barato com alto desconto
B082LZGK39,"Ambrane Unbreakable 60W / 3A Fast Charging 1.5m Braided Micro USB Cable for Smartphones, Tablets, Laptops & Other Micro USB Devices, 480Mbps Data Sync, Quick Charge 3.0 (RCM15, Black)",Computers&Accessories|Accessories&Peripherals|Cables&Accessories|Cables|USBCables,Computers&Accessories,Accessories&Peripherals,199.0,299.0,33.0,4.0,43994.0,100.0,budget,medium,high,https://m.media-amazon.com/images/W/WEBP_402378-T2/images/I/31kj3q4SepL._SY445_SX342_QL70_FMwebp_.jpg,https://www.amazon.in/Ambrane-Unbreakable-Charging-Braided-Android/dp/B082LZGK39/ref=sr_1_11?qid=1672909124&s=electronics&sr=1-11,2,63.73977791110226,0,0.1359166658179242,-0.045886633075436785,segmento misto
B07F6GXNPB,"Eureka Forbes Euroclean Paper Vacuum Cleaner Dust Bags for Excel, Ace, 300, Jet Models - Set of 10","Home&Kitchen|Kitchen&HomeAppliances|Vacuum,Cleaning&Ironing|Vacuums&FloorCare|VacuumAccessories|VacuumBags|HandheldBags",Home&Kitchen,Kitchen&HomeAppliances,253.0,500.0,49.0,4.3,2664.0,247.0,budget,medium,high,https://m.media-amazon.com/images/W/WEBP_402378-T2/images/I/51M0UevRosL._SY300_SX300_QL70_FMwebp_.jpg,https://www.amazon.in/Eureka-Forbes-Euroclean-Vacuum-Cleaner/dp/B07F6GXNPB/ref=sr_1_485?qid=1672923615&s=kitchen&sr=1-485,1,63.724692123095984,4,0.3983497701071009,-0.025644979546716098,barato com alto desconto
B09FFK1PQG,"Duracell 38W Fast Car Charger Adapter with Dual Output. Quick Charge, Type C PD 20W & Qualcomm Certified 3.0 Compatible for iPhone, All Smartphones, Tablets & More (Copper & Black)",Electronics|Mobiles&Accessories|MobileAccessories|Chargers|AutomobileChargers,Electronics,Mobiles&Accessories,873.0,1699.0,49.0,4.4,1680.0,826.0,mid,medium,high,https://m.media-amazon.com/images/I/31dYcDtt38L._SX300_SY300_QL70_ML2_.jpg,https://www.amazon.in/DURACELL-Charger-Qualcomm-Certified-Charge/dp/B09FFK1PQG/ref=sr_1_51?qid=1672895762&s=electronics&sr=1-51,1,63.69878779440032,4,0.5138133915595122,-0.25307252816219533,barato com alto desconto
B08VB34KJ1,"OPPO A74 5G (Fantastic Purple,6GB RAM,128GB Storage) with No Cost EMI/Additional Exchange Offers",Electronics|Mobiles&Accessories|Smartphones&BasicMobiles|Smartphones,Electronics,Mobiles&Accessories,15490.0,20990.0,26.0,4.2,32916.0,5500.0,luxury,medium,high,https://m.media-amazon.com/images/I/41BnHjRP0ZS._SX300_SY300_QL70_ML2_.jpg,https://www.amazon.in/OPPO-Fantastic-Purple-128GB-Storage/dp/B08VB34KJ1/ref=sr_1_55?qid=1672895762&s=electronics&sr=1-55,1,63.68909178497947,3,-0.033434657743317935,-1.803552794473166,premium bem avaliado
B08VB2CMR3,"OPPO A74 5G (Fluid Black, 6GB RAM, 128GB Storage) with No Cost EMI/Additional Exchange Offers",Electronics|Mobiles&Accessories|Smartphones&BasicMobiles|Smartphones,Electronics,Mobiles&Accessories,15490.0,20990.0,26.0,4.2,32916.0,5500.0,luxury,medium,high,https://m.media-amazon.com/images/I/41iHN9Y07cS._SX300_SY300_QL70_ML2_.jpg,https://www.amazon.in/OPPO-Fluid-Black-128GB-Storage/dp/B08VB2CMR3/ref=sr_1_122?qid=1672895777&s=electronics&sr=1-122,1,63.68909178497947,3,-0.033434657743317935,-1.803552794473166,premium bem avaliado
B09MKG4ZCM,"Xiaomi Mi 4A Dual_Band Ethernet 1200Mbps Speed Router| 2.4GHz & 5GHz Frequency|128MB RAM | DualCore 4 Thread CPU|4 Omni Directional Antenna|Mi Wi-Fi app-Parental Control & Anti Hacking|Repeater, White",Computers&Accessories|NetworkingDevices|Routers,Computers&Accessories,NetworkingDevices,1565.0,2999.0,48.0,4.0,11113.0,1434.0,mid,medium,high,https://m.media-amazon.com/images/W/WEBP_402378-T2/images/I/21XzK-guXHL._SX300_SY300_QL70_FMwebp_.jpg,https://www.amazon.in/Dualband-1200Mbps-Frequency-Directional-app-Parental/dp/B09MKG4ZCM/ref=sr_1_420?qid=1672903016&s=computers&sr=1-420,1,63.670821061946846,4,0.03808953880860535,0.35701647491082245,barato com alto desconto
B08GSQXLJ2,Crompton Arno Neo 15-L 5 Star Rated Storage Water Heater (Geyser) with Advanced 3 Level Safety (Grey),"Home&Kitchen|Heating,Cooling&AirQuality|WaterHeaters&Geysers|StorageWaterHeaters",Home&Kitchen,"Heating,Cooling&AirQuality",6199.0,10400.0,40.0,4.1,14391.0,4201.0,premium,medium,high,https://m.media-amazon.com/images/W/WEBP_402378-T1/images/I/31Tz8DcmevL._SX300_SY300_QL70_FMwebp_.jpg,https://www.amazon.in/Crompton-Arno-Neo-ASWH-3015-Star-Rated/dp/B08GSQXLJ2/ref=sr_1_79?qid=1672923595&s=kitchen&sr=1-79,1,63.638878466258994,0,0.004372329088149783,-0.42955121492411164,segmento misto
B07H3N8RJH,"AmazonBasics Cylinder Bagless Vacuum Cleaner with Power Suction, Low Sound, High Energy Efficiency and 2 Years Warranty (1.5L, Black)","Home&Kitchen|Kitchen&HomeAppliances|Vacuum,Cleaning&Ironing|Vacuums&FloorCare|Vacuums|CanisterVacuums",Home&Kitchen,Kitchen&HomeAppliances,3799.0,6000.0,37.0,4.2,11935.0,2201.0,premium,medium,high,https://m.media-amazon.com/images/I/41bdE73aspL._SX300_SY300_QL70_FMwebp_.jpg,https://www.amazon.in/AmazonBasics-VCS35B15K-C-1-5-Litre-Bagless-Cylinder/dp/B07H3N8RJH/ref=sr_1_365?qid=1672923610&s=kitchen&sr=1-365,1,63.62242265850032,0,0.09347754542150098,-0.49243127811508386,segmento misto
B08B42LWKN,OnePlus 80 cm (32 inches) Y Series HD Ready LED Smart Android TV 32Y1 (Black),"Electronics|HomeTheater,TV&Video|Televisions|SmartTelevisions",Electronics,"HomeTheater,TV&Video",14999.0,19999.0,25.0,4.2,34899.0,5000.0,luxury,medium,high,https://m.media-amazon.com/images/W/WEBP_402378-T2/images/I/41WE9ZGEC4L._SX300_SY300_QL70_FMwebp_.jpg,https://www.amazon.in/OnePlus-inches-Ready-Android-32Y1/dp/B08B42LWKN/ref=sr_1_29?qid=1672909125&s=electronics&sr=1-29,1,63.59568099809996,3,-0.03154751875051455,-1.797324820473461,premium bem avaliado
B07F366Z51,"Singer Aroma 1.8 Liter Electric Kettle High Grade Stainless Steel with Cool and Touch Body and Cordless Base, 1500 watts, Auto Shut Off with Dry Boiling (Silver/Black)",Home&Kitchen|Kitchen&HomeAppliances|SmallKitchenAppliances|Kettles&HotWaterDispensers|ElectricKettles,Home&Kitchen,Kitchen&HomeAppliances,949.0,2385.0,60.0,4.1,2311.0,1436.0,mid,high,high,https://m.media-amazon.com/images/W/WEBP_402378-T2/images/I/41RI-hzCnvL._SY300_SX300_QL70_FMwebp_.jpg,https://www.amazon.in/Singer-Aroma-1-8-Litre-Electric-Kettle/dp/B07F366Z51/ref=sr_1_373?qid=1672923611&s=kitchen&sr=1-373,1,63.56444015801304,4,0.29233728560210565,0.5863066843931232,barato com alto desconto
B08X77LM8C,"Silicone Rubber Earbuds Tips, Eartips, Earpads, Earplugs, for Replacement in Earphones and Bluetooth Medium Size (10 Pcs Black)","Electronics|Headphones,Earbuds&Accessories|Earpads",Electronics,"Headphones,Earbuds&Accessories",99.0,999.0,90.0,3.8,594.0,900.0,budget,high,medium,https://m.media-amazon.com/images/W/WEBP_402378-T1/images/I/41ltzaHXvRL._SY300_SX300_QL70_FMwebp_.jpg,https://www.amazon.in/Silicone-Earplugs-Replacement-Earphones-Bluetooth/dp/B08X77LM8C/ref=sr_1_376?qid=1672903013&s=computers&sr=1-376,1,63.53960087234771,4,0.397939213471888,2.0360015819542987,barato com alto desconto
B0B1YVCJ2Y,Acer 80 cm (32 inches) I Series HD Ready Android Smart LED TV AR32AR2841HDFL (Black),"Electronics|HomeTheater,TV&Video|Televisions|SmartTelevisions",Electronics,"HomeTheater,TV&Video",11499.0,19990.0,42.0,4.3,4703.0,8491.0,luxury,medium,high,https://m.media-amazon.com/images/I/41gikeSuhAL._SY300_SX300_QL70_FMwebp_.jpg,https://www.amazon.in/Acer-inches-Ready-Android-AR32AR2841HDFL/dp/B0B1YVCJ2Y/ref=sr_1_26?qid=1672909125&s=electronics&sr=1-26,1,63.53900084596672,0,0.1338552150603292,-1.1339960826221969,segmento misto
B00LHZW3XY,"Luxor 5 Subject Single Ruled Notebook - A5 Size, 70 GSM, 300 Pages","OfficeProducts|OfficePaperProducts|Paper|Stationery|Notebooks,WritingPads&Diaries|CompositionNotebooks",OfficeProducts,OfficePaperProducts,125.0,180.0,31.0,4.4,8053.0,55.0,budget,medium,high,https://m.media-amazon.com/images/I/41hF4CFTsGL._SX300_SY300_QL70_FMwebp_.jpg,https://www.amazon.in/Luxor-Subject-Single-Ruled-Notebook/dp/B00LHZW3XY/ref=sr_1_213_mod_primary_new?qid=1672903005&s=computers&sbo=RZvfv%2F%2FHxDF%2BO5021pAnSA%3D%3D&sr=1-213,1,63.53298633532738,0,0.26276825401533627,-0.7119747294713827,segmento misto
B08NW8GHCJ,"Synqe USB C to USB C 60W Nylon Braided Fast Charging Type C to Type C Cable Compatible with Samsung Galaxy Note 20/Ultra, S20 S22 S21 S20 FE A73 A53 A33 (2M, Black)",Computers&Accessories|Accessories&Peripherals|Cables&Accessories|Cables|USBCables,Computers&Accessories,Accessories&Peripherals,389.0,999.0,61.0,4.3,838.0,610.0,budget,high,medium,https://m.media-amazon.com/images/W/WEBP_402378-T1/images/I/41TBdmDqSjL._SY445_SX342_QL70_FMwebp_.jpg,https://www.amazon.in/Charging-Braided-Compatible-Samsung-Galaxy/dp/B08NW8GHCJ/ref=sr_1_481?qid=1672909149&s=electronics&sr=1-481,1,63.50714234061302,4,0.569067790833886,0.30318421370805076,barato com alto desconto
B00GE55L22,"Storite USB 3.0 Cable A to Micro B high Speed Upto 5 Gbps Data Transfer Cable for Portable External Hard Drive - (20cm), Black",Computers&Accessories|Accessories&Peripherals|Cables&Accessories|Cables|USBCables,Computers&Accessories,Accessories&Peripherals,299.0,699.0,57.0,4.1,2957.0,400.0,budget,high,high,https://m.media-amazon.com/images/W/WEBP_402378-T2/images/I/31RK9+CyhoL._SY300_SX300_.jpg,https://www.amazon.in/Storite-USB-3-0-Micro-Cable/dp/B00GE55L22/ref=sr_1_201?qid=1672909134&s=electronics&sr=1-201,1,63.493359641338174,4,0.24975616846359414,0.553528458942012,barato com alto desconto
B08FD2VSD9,TCL 108 cm (43 inches) 4K Ultra HD Certified Android Smart LED TV 43P615 (Black),"Electronics|HomeTheater,TV&Video|Televisions|SmartTelevisions",Electronics,"HomeTheater,TV&Video",24990.0,51990.0,52.0,4.2,2951.0,27000.0,luxury,high,high,https://m.media-amazon.com/images/I/51UuhCYmBnL._SY300_SX300_QL70_FMwebp_.jpg,https://www.amazon.in/TCL-inches-Certified-Android-43P615/dp/B08FD2VSD9/ref=sr_1_490?qid=1672909149&s=electronics&sr=1-490,1,63.490916627521344,3,-0.028490560837786057,-1.7593003557788214,premium bem avaliado
B09RZS1NQT,"Sounce 65W OnePlus Dash Warp Charge Cable, 6.5A Type-C to USB C PD Data Sync Fast Charging Cable Compatible with One Plus 8T/ 9/ 9R/ 9 pro/ 9RT/ 10R/ Nord & for All Type C Devices – Red, 1 Meter",Computers&Accessories|Accessories&Peripherals|Cables&Accessories|Cables|USBCables,Computers&Accessories,Accessories&Peripherals,199.0,999.0,80.0,4.0,576.0,800.0,budget,high,medium,https://m.media-amazon.com/images/W/WEBP_402378-T1/images/I/41P2EdQI1ZL._SY445_SX342_QL70_FMwebp_.jpg,https://www.amazon.in/Sounce-Type-C-Compatible-Smartphone-Charging/dp/B09RZS1NQT/ref=sr_1_41?qid=1672909125&s=electronics&sr=1-41,2,63.45608275591417,4,0.48760142552929253,1.3891850500246565,barato com alto desconto
B0B2X35B1K,"Noise ColorFit Ultra 2 Buzz 1.78"" AMOLED Bluetooth Calling Watch with 368*448px Always On Display, Premium Metallic Finish, 100+ Watch Faces, 100+ Sports Modes, Health Suite (Jet Black)",Electronics|WearableTechnology|SmartWatches,Electronics,WearableTechnology,3999.0,6999.0,43.0,4.1,10229.0,3000.0,premium,medium,high,https://m.media-amazon.com/images/I/41wlZ0cZChL._SX300_SY300_QL70_ML2_.jpg,https://www.amazon.in/Noise-ColorFit-Bluetooth-Calling-Metallic/dp/B0B2X35B1K/ref=sr_1_379?qid=1672895857&s=electronics&sr=1-379,1,63.429898296177534,4,0.026595824632893065,-0.15592509666100152,barato com alto desconto
B07RX14W1Q,"Amazon Basics 10.2 Gbps High-Speed 4K HDMI Cable with Braided Cord, 1.8 Meter, Dark Grey","Electronics|HomeTheater,TV&Video|Accessories|Cables|HDMICables",Electronics,"HomeTheater,TV&Video",499.0,900.0,45.0,4.4,2165.0,401.0,budget,medium,high,https://m.media-amazon.com/images/W/WEBP_402378-T2/images/I/41m1oMmTMCL._SX300_SY300_QL70_FMwebp_.jpg,https://www.amazon.in/AmazonBasics-High-Speed-Braided-6-Foot-1-Pack/dp/B07RX14W1Q/ref=sr_1_472?qid=1672909147&s=electronics&sr=1-472,1,63.382671255551806,4,0.4290662748546175,-0.3350214709663303,barato com alto desconto
B07MSLTW8Z,"Gizga Essentials Multi-Purpose Portable & Foldable Wooden Desk for Bed Tray, Laptop Table, Study Table (Black)",Computers&Accessories|Accessories&Peripherals|LaptopAccessories|Lapdesks,Computers&Accessories,Accessories&Peripherals,549.0,1999.0,73.0,3.6,6422.0,1450.0,mid,high,high,https://m.media-amazon.com/images/W/WEBP_402378-T1/images/I/51X5mRykgbL._SX300_SY300_QL70_FMwebp_.jpg,https://www.amazon.in/Essentials-Multi-Purpose-Portable-Wooden-Laptop/dp/B07MSLTW8Z/ref=sr_1_217?qid=1672903006&s=computers&sr=1-217,1,63.369078017824464,1,-0.1290287911299091,1.8703746603228972,segmento misto
B0949FPSFY,"Bulfyss Stainless Steel Digital Kitchen Weighing Scale & Food Weight Machine for Diet, Nutrition, Health, Fitness, Baking & Cooking (5Kgs, Stainless Steel, 2 Years Warranty)",Home&Kitchen|Kitchen&HomeAppliances|SmallKitchenAppliances|DigitalKitchenScales,Home&Kitchen,Kitchen&HomeAppliances,799.0,1999.0,60.0,4.1,2162.0,1200.0,mid,high,high,https://m.media-amazon.com/images/W/WEBP_402378-T1/images/I/51o1OVswrGS._SY445_SX342_QL70_FMwebp_.jpg,https://www.amazon.in/Bulfyss-Stainless-Weighing-Nutrition-Warranty/dp/B0949FPSFY/ref=sr_1_93?qid=1672923595&s=kitchen&sr=1-93,1,63.36794475578853,4,0.2771660280417848,0.5992372483809103,barato com alto desconto
B0B5RP43VN,"iBELL SM1515NEW Sandwich Maker with Floating Hinges, 1000Watt, Panini / Grill / Toast (Black)",Home&Kitchen|Kitchen&HomeAppliances|SmallKitchenAppliances|SandwichMakers,Home&Kitchen,Kitchen&HomeAppliances,1474.0,4650.0,68.0,4.1,1045.0,3176.0,mid,high,high,https://m.media-amazon.com/images/I/51SvK5l5JRL._SX300_SY300_QL70_FMwebp_.jpg,https://www.amazon.in/SM1515NEW-Sandwich-Floating-Hinges-1000Watt/dp/B0B5RP43VN/ref=sr_1_345?qid=1672923610&s=kitchen&sr=1-345,1,63.35262571352611,4,0.3945878965295728,0.7707344333388129,barato com alto desconto
B08PZ6HZLT,VW 80 cm (32 inches) HD Ready Android Smart LED TV VW32PRO (Black),"Electronics|HomeTheater,TV&Video|Televisions|SmartTelevisions",Electronics,"HomeTheater,TV&Video",8999.0,18999.0,53.0,4.0,6347.0,10000.0,premium,high,high,https://m.media-amazon.com/images/W/WEBP_402378-T2/images/I/51HNUsgY29L._SY300_SX300_QL70_FMwebp_.jpg,https://www.amazon.in/inches-Ready-Smart-VW32PRO-Black/dp/B08PZ6HZLT/ref=sr_1_404?qid=1672909144&s=electronics&sr=1-404,1,63.348617464292,4,-0.047661670523084426,-0.08947939858653153,barato com alto desconto
B08FTFXNNB,"HP w100 480P 30 FPS Digital Webcam with Built-in Mic, Plug and Play Setup, Wide-Angle View for Video Calling on Skype, Zoom, Microsoft Teams and Other Apps (Black)",Electronics|Cameras&Photography|VideoCameras,Electronics,Cameras&Photography,499.0,1999.0,75.0,3.7,3369.0,1500.0,budget,high,high,https://m.media-amazon.com/images/W/WEBP_402378-T1/images/I/31XFxTn1DCL._SX300_SY300_QL70_FMwebp_.jpg,https://www.amazon.in/HP-Webcam-Wide-Angle-Calling-Microsoft/dp/B08FTFXNNB/ref=sr_1_45?qid=1672902996&s=computers&sr=1-45,1,63.331891211859045,1,0.008079045322950115,1.7587461057526175,segmento misto
B07MDRGHWQ,VW 60 cm (24 inches) Premium Series HD Ready LED TV VW24A (Black),"Electronics|HomeTheater,TV&Video|Televisions|StandardTelevisions",Electronics,"HomeTheater,TV&Video",5699.0,11000.0,48.0,4.2,4003.0,5301.0,premium,medium,high,https://m.media-amazon.com/images/W/WEBP_402378-T2/images/I/41UPNmnPgeL._SY300_SX300_QL70_FMwebp_.jpg,https://www.amazon.in/Visio-World-inches-VW24A-Ready/dp/B07MDRGHWQ/ref=sr_1_210?qid=1672909134&s=electronics&sr=1-210,1,63.326168568880526,4,0.1550377093081087,-0.31597395572431264,barato com alto desconto
B09GFN8WZL,"Portronics Ruffpad 8.5M Multicolor LCD Writing Pad with Screen 21.5cm (8.5-inch) for Drawing, Playing, Handwriting Gifts for Kids & Adults, India's first notepad to save and share your child's first creatives via Ruffpad app on your Smartphone(Black)","Computers&Accessories|Accessories&Peripherals|Keyboards,Mice&InputDevices|GraphicTablets",Computers&Accessories,Accessories&Peripherals,378.0,999.0,62.0,4.1,1779.0,621.0,budget,high,high,https://m.media-amazon.com/images/I/31NR4qCjJyL._SX300_SY300_QL70_FMwebp_.jpg,https://www.amazon.in/Portronics-Ruffpad-Multicolor-8-5-inch-Handwriting/dp/B09GFN8WZL/ref=sr_1_244?qid=1672903007&s=computers&sr=1-244,1,63.32502614554669,4,0.3101619200833443,0.690102032779648,barato com alto desconto
B0BP7XLX48,"Syncwire LTG to USB Cable for Fast Charging Compatible with Phone 5/ 5C/ 5S/ 6/ 6S/ 7/8/ X/XR/XS Max/ 11/12/ 13 Series and Pad Air/Mini, Pod & Other Devices (1.1 Meter, White)",Computers&Accessories|Accessories&Peripherals|Cables&Accessories|Cables|USBCables,Computers&Accessories,Accessories&Peripherals,399.0,1999.0,80.0,5.0,5.0,1600.0,budget,high,low,https://m.media-amazon.com/images/I/317OoQfs1gL._SX300_SY300_QL70_FMwebp_.jpg,https://www.amazon.in/Syncwire-Cable-Charging-Compatible-Devices/dp/B0BP7XLX48/ref=sr_1_194?qid=1672909134&s=electronics&sr=1-194,1,63.32112844807587,4,1.8259269966231744,-0.42784623212837936,barato com alto desconto
B07VNFP3C2,"Prestige 1.5 Litre Kettle 1500-watts, Red",Home&Kitchen|Kitchen&HomeAppliances|SmallKitchenAppliances|Kettles&HotWaterDispensers|ElectricKettles,Home&Kitchen,Kitchen&HomeAppliances,749.0,1245.0,40.0,3.9,31783.0,496.0,mid,medium,high,https://m.media-amazon.com/images/W/WEBP_402378-T1/images/I/41JCf4kTKgL._SX300_SY300_QL70_FMwebp_.jpg,https://www.amazon.in/Prestige-1-5-Kettle-1500-watts-Red/dp/B07VNFP3C2/ref=sr_1_16?qid=1672923591&s=kitchen&sr=1-16,1,63.30918138984936,0,-0.04413880192608634,0.32116801670174155,segmento misto
B08SBH499M,"ZEBRONICS Zeb-Warrior II 10 watts 2.0 Multimedia Speaker with RGB Lights, USB Powered, AUX Input, Volume Control Pod for PC, Laptops, Desktop",Computers&Accessories|Accessories&Peripherals|Audio&VideoAccessories|PCSpeakers,Computers&Accessories,Accessories&Peripherals,649.0,1300.0,50.0,4.1,5195.0,651.0,mid,medium,high,https://m.media-amazon.com/images/I/41cUmIYRfVL._SX300_SY300_QL70_FMwebp_.jpg,https://www.amazon.in/ZEBRONICS-Zeb-Warrior-Speaker-Laptops-Desktop/dp/B08SBH499M/ref=sr_1_394?qid=1672903014&s=computers&sr=1-394,1,63.29341153335783,4,0.1304120273667239,0.3242912185392354,barato com alto desconto
B09ZQK9X8G,"Noise ColorFit Pro 4 Advanced Bluetooth Calling Smart Watch with 1.72"" TruView Display, Fully-Functional Digital Crown, 311 PPI, 60Hz Refresh Rate, 500 NITS Brightness (Charcoal Black)",Electronics|WearableTechnology|SmartWatches,Electronics,WearableTechnology,2998.0,5999.0,50.0,4.1,5179.0,3001.0,premium,medium,high,https://m.media-amazon.com/images/I/413x7j3Z30L._SX300_SY300_QL70_ML2_.jpg,https://www.amazon.in/Noise-ColorFit-Bluetooth-Fully-Functional-Brightness/dp/B09ZQK9X8G/ref=sr_1_45?qid=1672895755&s=electronics&sr=1-45,2,63.28431472678873,4,0.09842516184395149,0.13471454772087224,barato com alto desconto
B07NCKMXVZ,"StyleHouse Lint Remover for Woolen Clothes, Electric Lint Remover, Best Lint Shaver for Clothes","Home&Kitchen|Kitchen&HomeAppliances|Vacuum,Cleaning&Ironing|Irons,Steamers&Accessories|LintShavers",Home&Kitchen,Kitchen&HomeAppliances,455.0,999.0,54.0,4.1,3578.0,544.0,budget,high,high,https://m.media-amazon.com/images/I/415CYtympZL._SX300_SY300_QL70_FMwebp_.jpg,https://www.amazon.in/StyleHouse-Remover-Woolen-Clothes-Electric/dp/B07NCKMXVZ/ref=sr_1_8?qid=1672923591&s=kitchen&sr=1-8,1,63.25759985970218,4,0.1831416602421852,0.4560775442990072,barato com alto desconto
B086JTMRYL,"ESR USB C to Lightning Cable, 10 ft (3 m), MFi-Certified, Braided Nylon Power Delivery Fast Charging for iPhone 14/14 Plus/14 Pro/14 Pro Max, iPhone 13/12/11/X/8 Series, Use with Type-C Chargers, Black",Computers&Accessories|Accessories&Peripherals|Cables&Accessories|Cables|USBCables,Computers&Accessories,Accessories&Peripherals,1519.0,1899.0,20.0,4.4,19763.0,380.0,mid,medium,high,https://m.media-amazon.com/images/I/41I2mS67DyL._SY300_SX300_QL70_FMwebp_.jpg,https://www.amazon.in/ESR-Lightning-MFi-Certified-Delivery-Charging/dp/B086JTMRYL/ref=sr_1_498?qid=1672909149&s=electronics&sr=1-498,1,63.25532378399098,0,0.15038230657541446,-1.1641989790980465,segmento misto
B092JHPL72,"SWAPKART Flexible Mobile Tabletop Stand, Metal Built, Heavy Duty Foldable Lazy Bracket Clip Mount Multi Angle Clamp for All Smartphones (Pack of 1), Multi Color",Electronics|Mobiles&Accessories|MobileAccessories|Mounts|Bedstand&DeskMounts,Electronics,Mobiles&Accessories,251.0,999.0,75.0,3.7,3234.0,748.0,budget,high,high,https://m.media-amazon.com/images/I/41pQWwAzVyL._SY300_SX300_QL70_ML2_.jpg,https://www.amazon.in/SWAPKART-Flexible-Desktop-Foldable-Smartphones/dp/B092JHPL72/ref=sr_1_142?qid=1672895784&s=electronics&sr=1-142,1,63.21129878641602,1,0.0003893404926777637,1.7793979041060262,segmento misto
B0148NPH9I,"Logitech K380 Wireless Multi-Device Keyboard for Windows, Apple iOS, Apple TV Android or Chrome, Bluetooth, Compact Space-Saving Design, PC/Mac/Laptop/Smartphone/Tablet (Dark Grey)","Computers&Accessories|Accessories&Peripherals|Keyboards,Mice&InputDevices|Keyboards",Computers&Accessories,Accessories&Peripherals,2640.0,3195.0,17.0,4.5,16146.0,555.0,premium,low,high,https://m.media-amazon.com/images/I/41EIVJvXxsL._SX300_SY300_QL70_FMwebp_.jpg,https://www.amazon.in/Logitech-920-007596-Multi-Device-Bluetooth-Keyboard/dp/B0148NPH9I/ref=sr_1_426?qid=1672903016&s=computers&sr=1-426,1,63.19458102056869,0,0.17752473067552646,-1.5078811136191292,segmento misto
B09TBCVJS3,"Amazfit GTS2 Mini (New Version) Smart Watch with Always-on AMOLED Display, Alexa Built-in, SpO2, 14 Days' Battery Life, 68 Sports Modes, GPS, HR, Sleep & Stress Monitoring (Meteor Black)",Electronics|WearableTechnology|SmartWatches,Electronics,WearableTechnology,5998.0,7999.0,25.0,4.2,30355.0,2001.0,premium,medium,high,https://m.media-amazon.com/images/W/WEBP_402378-T1/images/I/41eEK+FeFyL._SY300_SX300_.jpg,https://www.amazon.in/Amazfit-Version-Always-Display-Monitoring/dp/B09TBCVJS3/ref=sr_1_403?qid=1672903014&s=computers&sr=1-403,1,63.18422832601085,0,0.00860679880154301,-1.0566464621865574,segmento misto
B0187F2IOK,"Bajaj HM-01 Powerful 250W Hand Mixer, Black",Home&Kitchen|Kitchen&HomeAppliances|SmallKitchenAppliances|HandMixers,Home&Kitchen,Kitchen&HomeAppliances,1499.0,2199.0,32.0,4.4,6531.0,700.0,mid,medium,high,https://m.media-amazon.com/images/W/WEBP_402378-T1/images/I/31gr8xzOhEL._SX300_SY300_QL70_FMwebp_.jpg,https://www.amazon.in/Bajaj-HM-01-250-Watt-Mixer/dp/B0187F2IOK/ref=sr_1_490?qid=1672923617&s=kitchen&sr=1-490,1,63.18112549671199,0,0.21844275561793408,-0.7899483653566778,segmento misto
B09V2Q4QVQ,"Nokia 105 Single SIM, Keypad Mobile Phone with Wireless FM Radio | Charcoal",Electronics|Mobiles&Accessories|Smartphones&BasicMobiles|BasicMobiles,Electronics,Mobiles&Accessories,1299.0,1599.0,19.0,4.0,128311.0,300.0,mid,low,high,https://m.media-amazon.com/images/I/31-hWNXDxiL._SX300_SY300_QL70_ML2_.jpg,https://www.amazon.in/Nokia-105-Single-Wireless-Charcoal/dp/B09V2Q4QVQ/ref=sr_1_14?qid=1672895748&s=electronics&sr=1-14,1,63.1736322907586,0,0.6916211396309536,-0.7680948505620541,segmento misto
B09V2PZDX8,"Nokia 105 Single SIM, Keypad Mobile Phone with Wireless FM Radio | Blue",Electronics|Mobiles&Accessories|Smartphones&BasicMobiles|BasicMobiles,Electronics,Mobiles&Accessories,1299.0,1599.0,19.0,4.0,128311.0,300.0,mid,low,high,https://m.media-amazon.com/images/I/41w5fk8Vl6L._SX300_SY300_QL70_ML2_.jpg,https://www.amazon.in/Nokia-105-Single-Keypad-Wireless/dp/B09V2PZDX8/ref=sr_1_83?qid=1672895770&s=electronics&sr=1-83,1,63.1736322907586,0,0.6916211396309536,-0.7680948505620541,segmento misto
B08P9RYPLR,"FLiX (Beetel) USB to iPhone Lightning Textured Pattern Data Sync & 2A Fast Charging Cable, Made in India, 480Mbps Data Sync, Tough Cable, 1 Meter Long USB Cable for Apple Devices (Black)(XCD-L102)",Computers&Accessories|Accessories&Peripherals|Cables&Accessories|Cables|USBCables,Computers&Accessories,Accessories&Peripherals,129.0,249.0,48.0,4.0,9378.0,120.0,budget,medium,high,https://m.media-amazon.com/images/I/31s3DOD2d1L._SY445_SX342_QL70_FMwebp_.jpg,https://www.amazon.in/FLiX-Beetel-Durable-Lightning-Charge/dp/B08P9RYPLR/ref=sr_1_216?qid=1672909134&s=electronics&sr=1-216,1,63.17017198158218,4,-0.0004130318761585132,0.4789740334436842,barato com alto desconto
B08J82K4GX,"Samsung 24-inch(60.46cm) FHD Monitor, IPS, 75 Hz, Bezel Less Design, AMD FreeSync, Flicker Free, HDMI, D-sub, (LF24T350FHWXXL, Dark Blue Gray)",Computers&Accessories|Monitors,Computers&Accessories,Monitors,10099.0,19110.0,47.0,4.3,2623.0,9011.0,luxury,medium,high,https://m.media-amazon.com/images/I/417vDmMtbpL._SY300_SX300_QL70_FMwebp_.jpg,https://www.amazon.in/Samsung-inch-Bezel-Flicker-Monitor-LF24T350FHWXXL/dp/B08J82K4GX/ref=sr_1_379?qid=1672903013&s=computers&sr=1-379,1,63.14704550423886,4,0.18685918071674618,-0.8749587490190415,barato com alto desconto
B08VGM3YMF,"Heart Home Waterproof Round Non Wovan Laundry Bag/Hamper|Metalic Printed With Handles|Foldable Bin & 45 Liter Capicity|Size 37 x 37 x 49, Pack of 1 (Grey & Black)-HEARTXY11447",Home&Kitchen|HomeStorage&Organization|LaundryOrganization|LaundryBaskets,Home&Kitchen,HomeStorage&Organization,199.0,499.0,60.0,4.1,1996.0,300.0,budget,high,high,https://m.media-amazon.com/images/I/41VQTjrYaCL._SX300_SY300_QL70_FMwebp_.jpg,https://www.amazon.in/Heart-Home-Foldable-Organiser-HEARTXY11447/dp/B08VGM3YMF/ref=sr_1_196?qid=1672923601&s=kitchen&sr=1-196,1,63.13241595304619,4,0.2646726374368423,0.6486239727016698,barato com alto desconto
B0083T231O,Belkin Essential Series 4-Socket Surge Protector Universal Socket with 5ft Heavy Duty Cable (Grey),Electronics|PowerAccessories|SurgeProtectors,Electronics,PowerAccessories,1289.0,1499.0,14.0,4.5,20668.0,210.0,mid,low,high,https://m.media-amazon.com/images/W/WEBP_402378-T1/images/I/21m+6LxEnOL._SY300_SX300_.jpg,https://www.amazon.in/Belkin-Essential-F9E400zb1-5MGRY-4-Socket-Protector/dp/B0083T231O/ref=sr_1_430?qid=1672903016&s=computers&sr=1-430,1,63.12497622464156,0,0.18380652767930303,-1.4953202121888913,segmento misto
B09HCH3JZG,"Bestor ® 8K Hdmi 2.1 Cable 48Gbps 9.80Ft/Ultra High Speed Hdmi Braided Cord For Roku Tv/Ps5/Hdtv/Blu-Ray Projector, Laptop, Television, Personal Computer, Xbox, Ps4, Ps5, Ps4 Pro (1 M, Grey)","Electronics|HomeTheater,TV&Video|Accessories|Cables|HDMICables",Electronics,"HomeTheater,TV&Video",699.0,1899.0,63.0,4.4,390.0,1200.0,mid,high,medium,https://m.media-amazon.com/images/I/4175g2Idd9L._SY445_SX342_QL70_FMwebp_.jpg,https://www.amazon.in/BESTOR%C2%AE-48Gbps-9-80FT-Braided-Cord-4K/dp/B09HCH3JZG/ref=sr_1_478?qid=1672909147&s=electronics&sr=1-478,1,63.12033329039739,4,0.700104518467004,0.1556204799252043,barato com alto desconto
B0B31FR4Y2,"Boult Audio Omega with 30dB ANC+ ENC, 32H Playtime, 45ms Latency Gaming Mode, Quad Mic Zen ENC, 3 Equalizer Modes, ANC, Type-C Fast Charging, IPX5 True Wireless in Ear Bluetooth Earbuds (Black)","Electronics|Headphones,Earbuds&Accessories|Headphones|In-Ear",Electronics,"Headphones,Earbuds&Accessories",1999.0,9999.0,80.0,3.7,1986.0,8000.0,mid,high,high,https://m.media-amazon.com/images/I/41sEmULXfAL._SX300_SY300_QL70_FMwebp_.jpg,https://www.amazon.in/Boult-Audio-Equalizer-Cancellation-Bluetooth/dp/B0B31FR4Y2/ref=sr_1_206?qid=1672903005&s=computers&sr=1-206,1,63.10342410916279,1,0.04279766587657151,1.7813124000095053,segmento misto
B01NCVJMKX,"SHOPTOSHOP Electric Lint Remover, Best Lint Shaver for Clothes,Lint Remover for Woolen Clothes ,Lint Remover for Sweaters","Home&Kitchen|Kitchen&HomeAppliances|Vacuum,Cleaning&Ironing|Irons,Steamers&Accessories|LintShavers",Home&Kitchen,Kitchen&HomeAppliances,499.0,999.0,50.0,4.1,4859.0,500.0,budget,medium,high,https://m.media-amazon.com/images/W/WEBP_402378-T1/images/I/51MWh9t3Z2L._SX300_SY300_QL70_FMwebp_.jpg,https://www.amazon.in/SHOP-Plastic-Sweaters-Blankets-Multicolour/dp/B01NCVJMKX/ref=sr_1_23?qid=1672923591&s=kitchen&sr=1-23,1,63.09622633766112,4,0.1132818777625546,0.337765984097734,barato com alto desconto
B07GNC2592,Portronics CLAMP X Car-Vent Mobile Holder 360 Degree Rotational(Black),Electronics|Mobiles&Accessories|MobileAccessories|AutomobileAccessories|Cradles,Electronics,Mobiles&Accessories,599.0,999.0,40.0,4.0,18654.0,400.0,mid,medium,high,https://m.media-amazon.com/images/I/31zFmy89TOL._SX300_SY300_QL70_ML2_.jpg,https://www.amazon.in/Portronics-POR-926-Car-Vent-Mobile-Holder/dp/B07GNC2592/ref=sr_1_185?qid=1672895799&s=electronics&sr=1-185,1,63.07080405000314,0,-0.05904991116606508,0.1915798385760639,segmento misto
B07VX71FZP,"Amazon Brand - Solimo 2000/1000 Watts Room Heater with Adjustable Thermostat (ISI certified, White colour, Ideal for small to medium room/area)","Home&Kitchen|Heating,Cooling&AirQuality|RoomHeaters|FanHeaters",Home&Kitchen,"Heating,Cooling&AirQuality",1199.0,2000.0,40.0,4.0,18543.0,801.0,mid,medium,high,https://m.media-amazon.com/images/I/41ITfQhGHfL._SX300_SY300_QL70_FMwebp_.jpg,https://www.amazon.in/Amazon-Brand-Solimo-2000-Watt-certified/dp/B07VX71FZP/ref=sr_1_7?qid=1672923591&s=kitchen&sr=1-7,1,63.05320085098816,0,-0.0695249973234623,0.1434972164145891,segmento misto
B08J4PL1Z3,"RPM Euro Games Laptop/PC Controller Wired for Windows - 7, 8, 8.1, 10 and XP, Ps3(Upgraded with XYAB Buttons)",Computers&Accessories|Accessories&Peripherals|PCGamingPeripherals|Gamepads,Computers&Accessories,Accessories&Peripherals,699.0,1490.0,53.0,4.0,5736.0,791.0,mid,high,high,https://m.media-amazon.com/images/W/WEBP_402378-T2/images/I/41mRWV0YG8L._SX300_SY300_QL70_FMwebp_.jpg,https://www.amazon.in/RPM-Euro-Games-Controller-Wired/dp/B08J4PL1Z3/ref=sr_1_386?qid=1672903014&s=computers&sr=1-386,1,63.05010421939328,4,0.03224595116581151,0.5829652220704445,barato com alto desconto
B08VFF6JQ8,Samsung 25W USB Travel Adapter for Cellular Phones - White,Electronics|Mobiles&Accessories|MobileAccessories|Chargers|WallChargers,Electronics,Mobiles&Accessories,1219.0,1699.0,28.0,4.4,8891.0,480.0,mid,medium,high,https://m.media-amazon.com/images/I/21uXmiH98wL._SX300_SY300_QL70_ML2_.jpg,https://www.amazon.in/Samsung-25W-Travel-Adapter/dp/B08VFF6JQ8/ref=sr_1_27_mod_primary_new?qid=1672895755&s=electronics&sbo=RZvfv%2F%2FHxDF%2BO5021pAnSA%3D%3D&sr=1-27,1,63.02707832737573,0,0.16444186809896674,-0.8852492162671758,segmento misto
B0994GP1CX,"LS LAPSTER Quality Assured Universal Silicone 15.6"" Keyboard Protector Skin|| Keyboard Dust Cover|| Keyboard Skin for 15.6"" Laptop| 15.6"" Keyguard| (3.93 x 11.81 x 0.39 inches)","Computers&Accessories|Accessories&Peripherals|Keyboards,Mice&InputDevices|Keyboard&MiceAccessories|DustCovers",Computers&Accessories,Accessories&Peripherals,115.0,999.0,88.0,3.3,5692.0,884.0,budget,high,high,https://m.media-amazon.com/images/I/51tBwj7I8GL._SX300_SY300_QL70_FMwebp_.jpg,https://www.amazon.in/Universal-Silicone-Keyboard-Protector-Keyguard/dp/B0994GP1CX/ref=sr_1_314?qid=1672903011&s=computers&sr=1-314,1,63.00257204447328,1,-0.30661329434954865,2.8666964276910645,segmento misto
B07DL1KC3H,Isoelite Remote Compatible for Samsung LED/LCD Remote Control Works with All Samsung LED/LCD TV Model No :- BN59-607A (Please Match The Image with Your Old Remote),"Electronics|HomeTheater,TV&Video|Accessories|RemoteControls",Electronics,"HomeTheater,TV&Video",299.0,899.0,67.0,4.0,1588.0,600.0,budget,high,high,https://m.media-amazon.com/images/W/WEBP_402378-T2/images/I/41UJEnTJpVL._SX300_SY300_QL70_FMwebp_.jpg,https://www.amazon.in/Isoelite-Remote-Compatible-Samsung-Control/dp/B07DL1KC3H/ref=sr_1_114?qid=1672909129&s=electronics&sr=1-114,1,62.98667122161458,4,0.233423105812165,1.0171829504276941,barato com alto desconto
B07T5DKR5D,"ZEBRONICS Zeb-Bro in Ear Wired Earphones with Mic, 3.5mm Audio Jack, 10mm Drivers, Phone/Tablet Compatible(Black)","Electronics|Headphones,Earbuds&Accessories|Headphones|In-Ear",Electronics,"Headphones,Earbuds&Accessories",149.0,399.0,63.0,3.5,21764.0,250.0,budget,high,high,https://m.media-amazon.com/images/W/WEBP_402378-T2/images/I/31DYx7AhW6L._SX300_SY300_QL70_FMwebp_.jpg,https://www.amazon.in/Zebronics-Zeb-Bro-Wired-Earphone/dp/B07T5DKR5D/ref=sr_1_14?qid=1672902995&s=computers&sr=1-14,1,62.97596017553687,1,-0.30825645147429254,1.7607903972209233,segmento misto
B097MKZHNV,Racold Pronto Pro 3Litres 3KW Vertical Instant Water Heater (Geyser),"Home&Kitchen|Heating,Cooling&AirQuality|WaterHeaters&Geysers|InstantWaterHeaters",Home&Kitchen,"Heating,Cooling&AirQuality",2949.0,4849.0,39.0,4.2,7968.0,1900.0,premium,medium,high,https://m.media-amazon.com/images/W/WEBP_402378-T1/images/I/314qO8dyvRL._SX300_SY300_QL70_FMwebp_.jpg,https://www.amazon.in/Racold-Pronto-3Litres-Vertical-Instant/dp/B097MKZHNV/ref=sr_1_391?qid=1672923612&s=kitchen&sr=1-391,1,62.96268404082495,0,0.04656583187061686,-0.3553098539484449,segmento misto
B01DJJVFPC,"Duracell Ultra Alkaline AAA Battery, 8 Pcs",Electronics|GeneralPurposeBatteries&BatteryChargers|DisposableBatteries,Electronics,GeneralPurposeBatteries&BatteryChargers,269.0,315.0,15.0,4.5,17810.0,46.0,budget,low,high,https://m.media-amazon.com/images/W/WEBP_402378-T1/images/I/41ZrxS9SpwL._SX300_SY300_QL70_FMwebp_.jpg,https://www.amazon.in/Duracell-Alkaline-Battery-Duralock-Technology/dp/B01DJJVFPC/ref=sr_1_133?qid=1672903001&s=computers&sr=1-133,1,62.951972353709,0,0.17181006921572212,-1.3764948309212552,segmento misto
B08PV1X771,Samsung 80 cm (32 inches) Wondertainment Series HD Ready LED Smart TV UA32TE40AAKBXL (Titan Gray),"Electronics|HomeTheater,TV&Video|Televisions|SmartTelevisions",Electronics,"HomeTheater,TV&Video",15490.0,20900.0,26.0,4.3,16299.0,5410.0,luxury,medium,high,https://m.media-amazon.com/images/W/WEBP_402378-T1/images/I/41+b6inZEkL._SX300_SY300_.jpg,https://www.amazon.in/Samsung-inches-Wondertainment-Ready-UA32TE40AAKBXL/dp/B08PV1X771/ref=sr_1_171?qid=1672909133&s=electronics&sr=1-171,1,62.94934891364181,3,-0.12575203096078988,-1.934135289867707,premium bem avaliado
B081NHWT6Z,LOHAYA Television Remote Compatible with Samsung Smart LED/LCD/HD TV Remote Control [ Compatible for All Samsung Tv Remote Control ],"Electronics|HomeTheater,TV&Video|Accessories|RemoteControls",Electronics,"HomeTheater,TV&Video",299.0,1199.0,75.0,3.9,1193.0,900.0,budget,high,high,https://m.media-amazon.com/images/I/31vPhcWqqWL._SX300_SY300_QL70_FMwebp_.jpg,https://www.amazon.in/LOHAYA-Television-Compatible-Samsung-Control/dp/B081NHWT6Z/ref=sr_1_185?qid=1672909133&s=electronics&sr=1-185,1,62.93800332761974,4,0.22872563556645636,1.4214255780566363,barato com alto desconto
B07TC9F7PN,Racold Eterno Pro 25L Vertical 5 Star Storage Water Heater (Geyser) with free Standard Installation and free Installation Pipes,"Home&Kitchen|Heating,Cooling&AirQuality|WaterHeaters&Geysers|StorageWaterHeaters",Home&Kitchen,"Heating,Cooling&AirQuality",8699.0,16899.0,49.0,4.2,3195.0,8200.0,premium,medium,high,https://m.media-amazon.com/images/I/31Ex4oSr8RL._SX300_SY300_QL70_FMwebp_.jpg,https://www.amazon.in/Racold-Eterno-Pro-Vertical-Metallic/dp/B07TC9F7PN/ref=sr_1_380?qid=1672923611&s=kitchen&sr=1-380,1,62.92729598137783,4,0.09271242476698269,-0.527198740647042,barato com alto desconto
B07JGCGNDG,Crompton Amica 15-L 5 Star Rated Storage Water Heater (Geyser) with Free Installation (White),"Home&Kitchen|Heating,Cooling&AirQuality|WaterHeaters&Geysers|StorageWaterHeaters",Home&Kitchen,"Heating,Cooling&AirQuality",6800.0,11500.0,41.0,4.1,10308.0,4700.0,premium,medium,high,https://m.media-amazon.com/images/W/WEBP_402378-T2/images/I/31RWtNDo6EL._SX300_SY300_QL70_FMwebp_.jpg,https://www.amazon.in/Crompton-Greaves-ASWH-2015-15-Litre-Storage/dp/B07JGCGNDG/ref=sr_1_294_mod_primary_new?qid=1672923607&s=kitchen&sbo=RZvfv%2F%2FHxDF%2BO5021pAnSA%3D%3D&sr=1-294,1,62.920674136025646,0,-0.08495364206615613,-0.43696057342481837,segmento misto
B08L879JSN,"Acer EK220Q 21.5 Inch (54.61 cm) Full HD (1920x1080) VA Panel LCD Monitor with LED Back Light I 250 Nits I HDMI, VGA Ports I Eye Care Features Like Bluelight Shield, Flickerless & Comfy View (Black)",Computers&Accessories|Monitors,Computers&Accessories,Monitors,6299.0,13750.0,54.0,4.2,2014.0,7451.0,premium,high,high,https://m.media-amazon.com/images/W/WEBP_402378-T2/images/I/41m4oS2gbcL._SY300_SX300_QL70_FMwebp_.jpg,https://www.amazon.in/Acer-Features-Bluelight-Flickerless-Comfyview/dp/B08L879JSN/ref=sr_1_135?qid=1672903001&s=computers&sr=1-135,1,62.8964721158489,4,0.19685380488309837,-0.19075174151360827,barato com alto desconto
B07B275VN9,"Airtel DigitalTV DTH Television, Setup Box Remote Compatible for SD and HD Recording (Black)","Electronics|HomeTheater,TV&Video|Accessories|RemoteControls",Electronics,"HomeTheater,TV&Video",179.0,799.0,78.0,3.7,2201.0,620.0,budget,high,high,https://m.media-amazon.com/images/W/WEBP_402378-T2/images/I/41v00lhhdbL._SX300_SY300_QL70_FMwebp_.jpg,https://www.amazon.in/Airtel-Digital-Remote-Compatible-Recording/dp/B07B275VN9/ref=sr_1_66_mod_primary_new?qid=1672909126&s=electronics&sbo=RZvfv%2F%2FHxDF%2BO5021pAnSA%3D%3D&sr=1-66,1,62.87455516109328,1,0.016128226206651212,1.8723941085069338,segmento misto
B003B00484,Duracell Plus AAA Rechargeable Batteries (750 mAh) Pack of 4,Electronics|GeneralPurposeBatteries&BatteryChargers|RechargeableBatteries,Electronics,GeneralPurposeBatteries&BatteryChargers,399.0,499.0,20.0,4.3,27201.0,100.0,budget,medium,high,https://m.media-amazon.com/images/I/418YrbHVLCL._SX300_SY300_QL70_FMwebp_.jpg,https://www.amazon.in/Duracell-AAA-750mAh-Rechargeable-Batteries/dp/B003B00484/ref=sr_1_148?qid=1672903002&s=computers&sr=1-148,1,62.864188336648255,0,0.07405710166615416,-0.9143165248175452,segmento misto
B0141EZMAI,"Gizga Essentials USB WiFi Adapter for PC, 150 Mbps Wireless Network Adapter for Desktop - Nano Size WiFi Dongle Compatible with Windows, Mac OS & Linux Kernel | WPA/WPA2 Encryption Standards| Black",Computers&Accessories|NetworkingDevices|NetworkAdapters|WirelessUSBAdapters,Computers&Accessories,NetworkingDevices,269.0,800.0,66.0,3.6,10134.0,531.0,budget,high,high,https://m.media-amazon.com/images/I/31mgo4D-kPL._SX300_SY300_QL70_FMwebp_.jpg,https://www.amazon.in/Receiver-300Mbps-802-11b-Wireless-Network/dp/B0141EZMAI/ref=sr_1_99?qid=1672909129&s=electronics&sr=1-99,2,62.85273338085582,1,-0.2502077553724978,1.6883451329372667,segmento misto
B078G6ZF5Z,"Oraimo 18W USB & Type-C Dual Output Super Fast Charger Wall Adapter PE2.0&Quick Charge 3.0 & Power Delivery 3.0 Compatible for iPhone 13/13 Mini/13 Pro Max/12/12 Pro Max, iPad Mini/Pro, Pixel, Galaxy, Airpods Pro",Electronics|Mobiles&Accessories|MobileAccessories|Chargers|WallChargers,Electronics,Mobiles&Accessories,699.0,1199.0,42.0,4.0,14404.0,500.0,mid,medium,high,https://m.media-amazon.com/images/I/31gNcDrEskL._SX300_SY300_QL70_ML2_.jpg,https://www.amazon.in/ORAIMO-SUPER-FAST-CHARGER/dp/B078G6ZF5Z/ref=sr_1_402?qid=1672895864&s=electronics&sr=1-402,2,62.840123171044006,0,-0.08726970764637774,0.2519792200627449,segmento misto
B09GFWJDY1,"ZEBRONICS Zeb-Evolve Wireless in Ear Neckband Earphone with Supporting Bluetooth v5.0, Voice Assistant, Rapid Charge, Call Function & Magnetic Earpiece, with mic (Metallic Blue)","Electronics|Headphones,Earbuds&Accessories|Headphones|In-Ear",Electronics,"Headphones,Earbuds&Accessories",499.0,1499.0,67.0,3.6,9169.0,1000.0,budget,high,high,https://m.media-amazon.com/images/I/31gZM-XkOtL._SX300_SY300_QL70_FMwebp_.jpg,https://www.amazon.in/ZEBRONICS-Zeb-Evolve-Supporting-Metallic-Blue/dp/B09GFWJDY1/ref=sr_1_250?qid=1672903007&s=computers&sr=1-250,1,62.82355752308616,1,-0.24803165412197728,1.700475397741293,segmento misto
B008QS9J6Y,"Logitech C270 Digital HD Webcam with Widescreen HD Video Calling, HD Light Correction, Noise-Reducing Mic, for Skype, FaceTime, Hangouts, WebEx, PC/Mac/Laptop/MacBook/Tablet - (Black, HD 720p/30fps)",Computers&Accessories|Accessories&Peripherals|Audio&VideoAccessories|Webcams&VoIPEquipment|Webcams,Computers&Accessories,Accessories&Peripherals,1990.0,2595.0,23.0,4.3,20398.0,605.0,mid,medium,high,https://m.media-amazon.com/images/W/WEBP_402378-T1/images/I/316Q0fvU+2L._SY300_SX300_.jpg,https://www.amazon.in/Logitech-C270-HD-Webcam-Black/dp/B008QS9J6Y/ref=sr_1_230?qid=1672903006&s=computers&sr=1-230,1,62.81314146594615,0,0.031769903903498056,-0.9393934768982307,segmento misto
B0756KCV5K,Prestige PIC 15.0+ 1900-Watt Induction Cooktop (Black),Home&Kitchen|Kitchen&HomeAppliances|SmallKitchenAppliances|InductionCooktop,Home&Kitchen,Kitchen&HomeAppliances,3180.0,5295.0,40.0,4.2,6919.0,2115.0,premium,medium,high,https://m.media-amazon.com/images/I/41jv4fqU1EL._SY300_SX300_QL70_FMwebp_.jpg,https://www.amazon.in/Prestige-PIC-15-0-1900-Watt-Induction/dp/B0756KCV5K/ref=sr_1_452?qid=1672923614&s=kitchen&sr=1-452,1,62.81232012339563,0,0.0382274197480302,-0.3427771007324502,segmento misto
B0B14MR9L1,"Samsung Galaxy M33 5G (Emerald Brown, 6GB, 128GB Storage) | 6000mAh Battery | Upto 12GB RAM with RAM Plus | Travel Adapter to be Purchased Separately",Electronics|Mobiles&Accessories|Smartphones&BasicMobiles|Smartphones,Electronics,Mobiles&Accessories,16999.0,24999.0,32.0,4.1,22318.0,8000.0,luxury,medium,high,https://m.media-amazon.com/images/I/419KF2t1nML._SX300_SY300_QL70_ML2_.jpg,https://www.amazon.in/Samsung-Emerald-Storage-Purchased-Separately/dp/B0B14MR9L1/ref=sr_1_80?qid=1672895770&s=electronics&sr=1-80,1,62.80541892322097,3,-0.26319540742729974,-1.5455480665850785,premium bem avaliado
B09TWH8YHM,"Samsung Galaxy M33 5G (Emerald Brown, 6GB, 128GB Storage) | 6000mAh Battery | Upto 12GB RAM with RAM Plus | Travel Adapter to be Purchased Separately",Electronics|Mobiles&Accessories|Smartphones&BasicMobiles|Smartphones,Electronics,Mobiles&Accessories,16999.0,24999.0,32.0,4.1,22318.0,8000.0,luxury,medium,high,https://m.media-amazon.com/images/I/419KF2t1nML._SX300_SY300_QL70_ML2_.jpg,https://www.amazon.in/Samsung-Storage-6000mAh-Purchased-Separately/dp/B09TWH8YHM/ref=sr_1_35?qid=1672895755&s=electronics&sr=1-35,1,62.80541892322097,3,-0.26319540742729974,-1.5455480665850785,premium bem avaliado
B09ZPL5VYM,"Ambrane Mobile Holding Stand, 180° Perfect View, Height Adjustment, Wide Compatibility, Multipurpose, Anti-Skid Design (Twistand, Black)",Electronics|Mobiles&Accessories|MobileAccessories|Stands,Electronics,Mobiles&Accessories,199.0,499.0,60.0,4.1,1786.0,300.0,budget,high,high,https://m.media-amazon.com/images/I/41-oxsVh7nL._SX300_SY300_QL70_ML2_.jpg,https://www.amazon.in/Ambrane-Adjustment-Compatibility-Multipurpose-Anti-Skid/dp/B09ZPL5VYM/ref=sr_1_81?qid=1672895770&s=electronics&sr=1-81,1,62.80468819998146,4,0.23644886282717087,0.6498809283696564,barato com alto desconto
B09Q5P2MT3,OnePlus 108 cm (43 inches) Y Series Full HD Smart Android LED TV 43 Y1S (Black),"Electronics|HomeTheater,TV&Video|Televisions|SmartTelevisions",Electronics,"HomeTheater,TV&Video",24999.0,31999.0,22.0,4.2,34899.0,7000.0,luxury,medium,high,https://m.media-amazon.com/images/I/51F6FClq10L._SX300_SY300_QL70_FMwebp_.jpg,https://www.amazon.in/OnePlus-inches-Smart-Android-Black/dp/B09Q5P2MT3/ref=sr_1_100?qid=1672909129&s=electronics&sr=1-100,1,62.79780865767444,3,-0.27955737404759096,-2.686595308575541,premium bem avaliado
B08RZ5K9YH,MI 33W SonicCharge 2.0 USB Charger for Cellular Phones - White,Electronics|Mobiles&Accessories|MobileAccessories|Chargers|WallChargers,Electronics,Mobiles&Accessories,999.0,1999.0,50.0,4.3,1777.0,1000.0,mid,medium,high,https://m.media-amazon.com/images/I/21Z1HsPvyTL._SX300_SY300_QL70_ML2_.jpg,https://www.amazon.in/33W-SonicCharge-2-0-Charger-Combo/dp/B08RZ5K9YH/ref=sr_1_121?qid=1672895784&s=electronics&sr=1-121,1,62.79688738811349,4,0.322961714422988,-0.05362417355019188,barato com alto desconto
B09RWZRCP1,"boAt Type C A750 Stress Resistant, Tangle-free, Sturdy Flat Cable with 6.5A Fast Charging & 480Mbps Data Transmission, 10000+ Bends Lifespan and Extended 1.5m Length(Rebellious Black)",Computers&Accessories|Accessories&Peripherals|Cables&Accessories|Cables|USBCables,Computers&Accessories,Accessories&Peripherals,399.0,999.0,60.0,4.1,1780.0,600.0,budget,high,high,https://m.media-amazon.com/images/I/41jlh3c7UbL._SX300_SY300_QL70_FMwebp_.jpg,https://www.amazon.in/boAt-A750-Tangle-free-Transmission-Rebellious/dp/B09RWZRCP1/ref=sr_1_83?qid=1672909128&s=electronics&sr=1-83,2,62.79476788617266,4,0.23295023515909583,0.633771403224464,barato com alto desconto
B09RX1FK54,"boAt Type C A750 Stress Resistant, Tangle-free, Sturdy Flat Cable with 6.5A Fast Charging & 480Mbps Data Transmission, 10000+ Bends Lifespan and Extended 1.5m Length(Radiant Red)",Computers&Accessories|Accessories&Peripherals|Cables&Accessories|Cables|USBCables,Computers&Accessories,Accessories&Peripherals,399.0,999.0,60.0,4.1,1780.0,600.0,budget,high,high,https://m.media-amazon.com/images/W/WEBP_402378-T1/images/I/41+3EsgcpzL._SY300_SX300_.jpg,https://www.amazon.in/boAt-A750-Resistant-Tangle-free-Transmission/dp/B09RX1FK54/ref=sr_1_126?qid=1672909130&s=electronics&sr=1-126,1,62.79476788617266,4,0.23295023515909583,0.633771403224464,barato com alto desconto
B07MKFNHKG,VW 80 cm (32 inches) Frameless Series HD Ready LED TV VW32A (Black),"Electronics|HomeTheater,TV&Video|Televisions|StandardTelevisions",Electronics,"HomeTheater,TV&Video",6999.0,12999.0,46.0,4.2,4003.0,6000.0,premium,medium,high,https://m.media-amazon.com/images/I/418GxB04szL._SY300_SX300_QL70_FMwebp_.jpg,https://www.amazon.in/Visio-World-inches-VW32A-Ready/dp/B07MKFNHKG/ref=sr_1_58?qid=1672909126&s=electronics&sr=1-58,1,62.79425367526351,4,0.0607504937985472,-0.4755555188483425,barato com alto desconto
B09MT94QLL,"Havells Glaze 74W Pearl Ivory Gold Ceiling Fan, Sweep: 1200 Mm","Home&Kitchen|Heating,Cooling&AirQuality|Fans|CeilingFans",Home&Kitchen,"Heating,Cooling&AirQuality",1999.0,4775.0,58.0,4.2,1353.0,2776.0,mid,high,high,https://m.media-amazon.com/images/W/WEBP_402378-T2/images/I/21SHZOWOynL._SX300_SY300_QL70_FMwebp_.jpg,https://www.amazon.in/Havells-Glaze-Pearl-Ivory-Ceiling/dp/B09MT94QLL/ref=sr_1_217?qid=1672923601&s=kitchen&sr=1-217,1,62.7876558778585,4,0.30786829498685353,0.26989205160188057,barato com alto desconto
B09CMM3VGK,"Ambrane 60W / 3A Type C Fast Charging Unbreakable 1.5m L Shaped Braided Cable, PD Technology, 480Mbps Data Transfer for Smartphones, Tablet, Laptops & other type c devices (ABLC10, Black)",Computers&Accessories|Accessories&Peripherals|Cables&Accessories|Cables|USBCables,Computers&Accessories,Accessories&Peripherals,179.0,499.0,64.0,4.0,1934.0,320.0,budget,high,high,https://m.media-amazon.com/images/W/WEBP_402378-T1/images/I/41cCZ5EPnvL._SX300_SY300_QL70_FMwebp_.jpg,https://www.amazon.in/Ambrane-Charging-Unbreakable-Braided-Connector/dp/B09CMM3VGK/ref=sr_1_35?qid=1672909125&s=electronics&sr=1-35,2,62.76988460198761,4,0.16917292948992518,0.9427750734651836,barato com alto desconto
B0B25LQQPC,"Crucial P3 500GB PCIe 3.0 3D NAND NVMe M.2 SSD, up to 3500MB/s - CT500P3SSD8",Computers&Accessories|Components|InternalSolidStateDrives,Computers&Accessories,Components,3307.0,6100.0,46.0,4.3,2515.0,2793.0,premium,medium,high,https://m.media-amazon.com/images/W/WEBP_402378-T2/images/I/318lV0rfJoL._SY300_SX300_QL70_FMwebp_.jpg,https://www.amazon.in/Crucial-500GB-PCIe-NAND-3500MB/dp/B0B25LQQPC/ref=sr_1_486?qid=1672903019&s=computers&sr=1-486,1,62.75711618595694,4,0.227277694873558,-0.3533784727893073,barato com alto desconto
B0B9XLX8VR,VU 139 cm (55 inches) The GloLED Series 4K Smart LED Google TV 55GloLED (Grey),"Electronics|HomeTheater,TV&Video|Televisions|SmartTelevisions",Electronics,"HomeTheater,TV&Video",37999.0,65000.0,42.0,4.3,3587.0,27001.0,luxury,medium,high,https://m.media-amazon.com/images/I/41pdZIhY+gL._SY300_SX300_.jpg,https://www.amazon.in/VU-inches-GloLED-Google-55GloLED/dp/B0B9XLX8VR/ref=sr_1_121?qid=1672909130&s=electronics&sr=1-121,1,62.74018521508757,3,-0.291939863383677,-3.268594838773184,premium bem avaliado
B01LYU3BZF,Havells Ambrose 1200mm Ceiling Fan (Gold Mist Wood),"Home&Kitchen|Heating,Cooling&AirQuality|Fans|CeilingFans",Home&Kitchen,"Heating,Cooling&AirQuality",2199.0,3190.0,31.0,4.3,9650.0,991.0,premium,medium,high,https://m.media-amazon.com/images/W/WEBP_402378-T2/images/I/31CM9HiuvRL._SX300_SY300_QL70_FMwebp_.jpg,https://www.amazon.in/Havells-Ambrose-1200mm-Ceiling-Gold/dp/B01LYU3BZF/ref=sr_1_187?qid=1672923600&s=kitchen&sr=1-187,1,62.73322076246932,0,0.052158991658422325,-0.7021895912378173,segmento misto
B09JKNF147,Electvision Remote Control Compatible with Kodak/Thomson Smart led tv (Without Voice) Before Placing Order for verification Contact Our coustmer Care 7738090464,"Electronics|HomeTheater,TV&Video|Accessories|RemoteControls",Electronics,"HomeTheater,TV&Video",339.0,1999.0,83.0,4.0,343.0,1660.0,budget,high,medium,https://m.media-amazon.com/images/W/WEBP_402378-T2/images/I/311wFoZMekL._SX300_SY300_QL70_FMwebp_.jpg,https://www.amazon.in/Electvision-Compatible-verification-coustmer-7738090464/dp/B09JKNF147/ref=sr_1_187?qid=1672909133&s=electronics&sr=1-187,1,62.72840094384715,4,0.4775620477981692,1.4635158262767949,barato com alto desconto
B09NS5TKPN,"LG 1.5 Ton 5 Star AI DUAL Inverter Split AC (Copper, Super Convertible 6-in-1 Cooling, HD Filter with Anti-Virus Protection, 2022 Model, PS-Q19YNZE, White)","Home&Kitchen|Heating,Cooling&AirQuality|AirConditioners|Split-SystemAirConditioners",Home&Kitchen,"Heating,Cooling&AirQuality",42990.0,75990.0,43.0,4.3,3231.0,33000.0,luxury,medium,high,https://m.media-amazon.com/images/I/21ywp-zfTjL._SY445_SX342_QL70_FMwebp_.jpg,https://www.amazon.in/LG-Convertible-Anti-Virus-Protection-PS-Q19YNZE/dp/B09NS5TKPN/ref=sr_1_381?qid=1672923611&s=kitchen&sr=1-381,1,62.69792385263487,3,-0.3476385049973512,-3.642574912612,premium bem avaliado
B09XXZXQC1,"Xiaomi Pad 5| Qualcomm Snapdragon 860| 120Hz Refresh Rate| 6GB, 128GB| 2.5K+ Display (10.95-inch/27.81cm)|1 Billion Colours| Dolby Vision Atmos| Quad Speakers| Wi-Fi| Gray",Computers&Accessories|Tablets,Computers&Accessories,Tablets,26999.0,37999.0,29.0,4.6,2886.0,11000.0,luxury,medium,high,https://m.media-amazon.com/images/I/31jUKdJdjHL._SX300_SY300_QL70_FMwebp_.jpg,https://www.amazon.in/Snapdragon-Resolution-Refresh-27-81Cm-Display/dp/B09XXZXQC1/ref=sr_1_437?qid=1672903017&s=computers&sr=1-437,1,62.64155499430908,3,0.02017155684272717,-3.2810665078706807,premium bem avaliado
B07DGD4Z4C,"Butterfly Jet Elite Mixer Grinder, 750W, 4 Jars (Grey)",Home&Kitchen|Kitchen&HomeAppliances|SmallKitchenAppliances|MixerGrinders,Home&Kitchen,Kitchen&HomeAppliances,3499.0,5795.0,40.0,3.9,25340.0,2296.0,premium,medium,high,https://m.media-amazon.com/images/I/41vK2c5b-lL._SX300_SY300_QL70_FMwebp_.jpg,https://www.amazon.in/Butterfly-Jet-Elite-750-Watt-Grinder/dp/B07DGD4Z4C/ref=sr_1_59?qid=1672923593&s=kitchen&sr=1-59,1,62.64097240587966,0,-0.19933514918933604,0.11917628767612082,segmento misto
B092BL5DCX,Samsung 138 cm (55 inches) Crystal 4K Series Ultra HD Smart LED TV UA55AUE60AKLXL (Black),"Electronics|HomeTheater,TV&Video|Televisions|SmartTelevisions",Electronics,"HomeTheater,TV&Video",45999.0,69900.0,34.0,4.3,7109.0,23901.0,luxury,medium,high,https://m.media-amazon.com/images/W/WEBP_402378-T1/images/I/41Y9XnzBHTL._SY300_SX300_QL70_FMwebp_.jpg,https://www.amazon.in/Samsung-inches-Crystal-Ultra-UA55AUE60AKLXL/dp/B092BL5DCX/ref=sr_1_411?qid=1672909145&s=electronics&sr=1-411,1,62.62980404753914,3,-0.5097335718233207,-4.147181238481219,premium bem avaliado
B07BRKK9JQ,"Zebronics Zeb-Transformer Gaming Keyboard and Mouse Combo (USB, Braided Cable)","Computers&Accessories|Accessories&Peripherals|Keyboards,Mice&InputDevices|Keyboard&MouseSets",Computers&Accessories,Accessories&Peripherals,1299.0,1599.0,19.0,4.3,27223.0,300.0,mid,low,high,https://m.media-amazon.com/images/W/WEBP_402378-T2/images/I/41KB80oxxfL._SX300_SY300_QL70_FMwebp_.jpg,https://www.amazon.in/Zebronics-Transformer-Gaming-Multimedia-Keyboard/dp/B07BRKK9JQ/ref=sr_1_195?qid=1672903005&s=computers&sr=1-195,1,62.60061548623708,0,0.024017387430902096,-1.014359052170483,segmento misto
B08CHZ3ZQ7,"Redgear A-15 Wired Gaming Mouse with Upto 6400 DPI, RGB & Driver Customization for PC(Black)",Computers&Accessories|Accessories&Peripherals|PCGamingPeripherals|GamingMice,Computers&Accessories,Accessories&Peripherals,599.0,799.0,25.0,4.3,15790.0,200.0,mid,medium,high,https://m.media-amazon.com/images/I/31luFfya0kL._SX300_SY300_QL70_FMwebp_.jpg,https://www.amazon.in/Redgear-Gaming-Semi-Honeycomb-Windows-Gamers/dp/B08CHZ3ZQ7/ref=sr_1_177?qid=1672903004&s=computers&sr=1-177,1,62.58981437342695,0,0.020230657602536103,-0.7575969504122502,segmento misto
B06Y36JKC3,Abode Kitchen Essential Measuring Cup & Spoon for Spices | for Cooking and Baking Cake | Multipurpose Tablespoon Cups with Ring Holder | (Black),"Home&Kitchen|Kitchen&HomeAppliances|Coffee,Tea&Espresso|CoffeeMakerAccessories|MeasuringSpoons",Home&Kitchen,Kitchen&HomeAppliances,149.0,300.0,50.0,4.1,4074.0,151.0,budget,medium,high,https://m.media-amazon.com/images/I/31Y+l9J1nYL._SY300_SX300_.jpg,https://www.amazon.in/Measuring-Cups-Spoons-Set-Essential/dp/B06Y36JKC3/ref=sr_1_443?qid=1672923614&s=kitchen&sr=1-443,1,62.57659556358936,4,0.06856287756642851,0.3693275982730412,barato com alto desconto
B01892MIPA,AO Smith HSE-VAS-X-015 Storage 15 Litre Vertical Water Heater (Geyser) White 4 Star,"Home&Kitchen|Heating,Cooling&AirQuality|WaterHeaters&Geysers|StorageWaterHeaters",Home&Kitchen,"Heating,Cooling&AirQuality",7349.0,10900.0,33.0,4.2,11957.0,3551.0,premium,medium,high,https://m.media-amazon.com/images/I/316y4IIKD6L._SX300_SY300_QL70_FMwebp_.jpg,https://www.amazon.in/AO-Smith-HSE-VAS-15-Litre-Storage/dp/B01892MIPA/ref=sr_1_341?qid=1672923610&s=kitchen&sr=1-341,1,62.56402453080959,0,-0.10701820192331854,-0.8883650509582602,segmento misto
B07WDKLDRX,"iQOO Neo 6 5G (Dark Nova, 8GB RAM, 128GB Storage) | Snapdragon® 870 5G | 80W FlashCharge",Electronics|Mobiles&Accessories|Smartphones&BasicMobiles|Smartphones,Electronics,Mobiles&Accessories,28999.0,34999.0,17.0,4.4,20311.0,6000.0,luxury,low,high,https://m.media-amazon.com/images/I/51DLLa8HNWL._SX300_SY300_QL70_ML2_.jpg,https://www.amazon.in/iQOO-128GB-Storage-Snapdragon%C2%AE-FlashCharge/dp/B07WDKLDRX/ref=sr_1_63?qid=1672895762&s=electronics&sr=1-63,1,62.53812326394878,3,-0.317055601583981,-3.4664269924986217,premium bem avaliado
B09MZ6WZ6V,"INOVERA World Map Extended Anti Slip Rubber Gaming Stitched Mouse Pad Desk Mat for Computer Laptop (Black, 900L x 400B x 2H mm)","Computers&Accessories|Accessories&Peripherals|Keyboards,Mice&InputDevices|Keyboard&MiceAccessories|MousePads",Computers&Accessories,Accessories&Peripherals,499.0,999.0,50.0,4.4,1030.0,500.0,budget,medium,high,https://m.media-amazon.com/images/W/WEBP_402378-T2/images/I/41ep+i03RsL._SX300_SY300_.jpg,https://www.amazon.in/INOVERA-Extended-Rubber-Stitched-Computer/dp/B09MZ6WZ6V/ref=sr_1_251?qid=1672903007&s=computers&sr=1-251,1,62.522786637634844,4,0.4359115161192148,-0.19082883949301047,barato com alto desconto
B075K76YW1,"Inalsa Hand Blender| Hand Mixer|Beater - Easy Mix, Powerful 250 Watt Motor | Variable 7 Speed Control | 1 Year Warranty | (White/Red)",Home&Kitchen|Kitchen&HomeAppliances|SmallKitchenAppliances|HandMixers,Home&Kitchen,Kitchen&HomeAppliances,979.0,1395.0,30.0,4.2,15252.0,416.0,mid,medium,high,https://m.media-amazon.com/images/W/WEBP_402378-T1/images/I/413XAuyrxWL._SX300_SY300_QL70_FMwebp_.jpg,https://www.amazon.in/Inalsa-Easy-Mix-200-Watt-Mixer/dp/B075K76YW1/ref=sr_1_367?qid=1672923611&s=kitchen&sr=1-367,1,62.484022190714384,0,-0.04760730171866022,-0.4670244104550482,segmento misto
B084BR3QX8,LAPSTER Accessories Power Cable Cord 2 Pin Laptop Adapter and Tape Recorder 1.5M,Computers&Accessories|Accessories&Peripherals|LaptopAccessories|LaptopChargers&PowerSupplies,Computers&Accessories,Accessories&Peripherals,149.0,999.0,85.0,3.5,2523.0,850.0,budget,high,high,https://m.media-amazon.com/images/I/41Cdc4mU7RL._SX300_SY300_QL70_FMwebp_.jpg,https://www.amazon.in/LS-LAPSTER-Accessories-Adapter-Recorder/dp/B084BR3QX8/ref=sr_1_282?qid=1672903008&s=computers&sr=1-282,1,62.47215388028046,1,-0.1621490445072063,2.4301170832169463,segmento misto
B09W9V2PXG,Themisto TH-WS20 Digital Kitchen Weighing Scale Stainless Steel (5Kg),Home&Kitchen|Kitchen&HomeAppliances|SmallKitchenAppliances|DigitalKitchenScales,Home&Kitchen,Kitchen&HomeAppliances,759.0,1999.0,62.0,4.3,532.0,1240.0,mid,high,medium,https://m.media-amazon.com/images/W/WEBP_402378-T2/images/I/41HoeX-PcDL._SY445_SX342_QL70_FMwebp_.jpg,https://www.amazon.in/Themisto-TH-WS20-Digital-Weighing-Stainless/dp/B09W9V2PXG/ref=sr_1_420?qid=1672923613&s=kitchen&sr=1-420,1,62.43488100667771,4,0.4930753604586826,0.30415927642255064,barato com alto desconto
B01M5B0TPW,Borosil Chef Delite BCH20DBB21 300-Watt Chopper (Black),Home&Kitchen|Kitchen&HomeAppliances|SmallKitchenAppliances|MiniFoodProcessors&Choppers,Home&Kitchen,Kitchen&HomeAppliances,1819.0,2490.0,27.0,4.4,7946.0,671.0,mid,medium,high,https://m.media-amazon.com/images/W/WEBP_402378-T2/images/I/31HSz-a5H3L._SX300_SY300_QL70_FMwebp_.jpg,https://www.amazon.in/Borosil-Plastic-Chefdelite-BCH20DBB21-Technology/dp/B01M5B0TPW/ref=sr_1_80?qid=1672923595&s=kitchen&sr=1-80,1,62.42970702817766,0,0.08195948294650535,-0.9576055079941387,segmento misto
B07WHSJXLF,"iQOO Z6 Pro 5G by vivo (Phantom Dusk, 8GB RAM, 128GB Storage) | Snapdragon 778G 5G | 66W FlashCharge | 1300 nits Peak Brightness | HDR10+",Electronics|Mobiles&Accessories|Smartphones&BasicMobiles|Smartphones,Electronics,Mobiles&Accessories,20999.0,29990.0,30.0,4.3,9499.0,8991.0,luxury,medium,high,https://m.media-amazon.com/images/I/41XUW74HLlL._SX300_SY300_QL70_ML2_.jpg,https://www.amazon.in/iQOO-Phantom-Snapdragon-FlashCharge-Brightness/dp/B07WHSJXLF/ref=sr_1_192?qid=1672895799&s=electronics&sr=1-192,1,62.4207483090065,3,-0.24052374738250784,-2.2467484564090014,premium bem avaliado
B07WDK3ZS2,"iQOO Z6 Pro 5G by vivo (Legion Sky, 8GB RAM, 128GB Storage) | Snapdragon 778G 5G | 66W FlashCharge | 1300 nits Peak Brightness | HDR10+",Electronics|Mobiles&Accessories|Smartphones&BasicMobiles|Smartphones,Electronics,Mobiles&Accessories,20999.0,29990.0,30.0,4.3,9499.0,8991.0,luxury,medium,high,https://m.media-amazon.com/images/I/41XtHlbmOHL._SX300_SY300_QL70_ML2_.jpg,https://www.amazon.in/iQOO-Storage-Snapdragon-FlashCharge-Brightness/dp/B07WDK3ZS2/ref=sr_1_126?qid=1672895777&s=electronics&sr=1-126,1,62.4207483090065,3,-0.24052374738250784,-2.2467484564090014,premium bem avaliado
B09KNMLH4Y,"R B Nova Lint/Fabric Shaver for Cloths, Lint Remover for Woolen Sweaters, Blankets, Jackets/Burr Remover Pill Remover from Carpets, Pack of 1","Home&Kitchen|Kitchen&HomeAppliances|Vacuum,Cleaning&Ironing|Irons,Steamers&Accessories|LintShavers",Home&Kitchen,Kitchen&HomeAppliances,398.0,1999.0,80.0,4.1,257.0,1601.0,budget,high,medium,https://m.media-amazon.com/images/I/51oPN7WqUwL._SY300_SX300_QL70_FMwebp_.jpg,https://www.amazon.in/Remover-Sweaters-Blankets-Jackets-Carpets/dp/B09KNMLH4Y/ref=sr_1_37_mod_primary_new?qid=1672923592&s=kitchen&sbo=RZvfv%2F%2FHxDF%2BO5021pAnSA%3D%3D&sr=1-37,1,62.41530419634407,4,0.5346305230981343,1.1958201955559917,barato com alto desconto
B00ABMASXG,"Bajaj Immersion Rod Water Heater 1500 Watts, Silver","Home&Kitchen|Heating,Cooling&AirQuality|WaterHeaters&Geysers|ImmersionRods",Home&Kitchen,"Heating,Cooling&AirQuality",539.0,720.0,25.0,4.1,36017.0,181.0,mid,medium,high,https://m.media-amazon.com/images/W/WEBP_402378-T2/images/I/31Q16tE2voL._SX300_SY300_QL70_FMwebp_.jpg,https://www.amazon.in/Bajaj-1500-Watt-Immersion-Heater-Plug/dp/B00ABMASXG/ref=sr_1_38?qid=1672923592&s=kitchen&sr=1-38,1,62.35535557836802,0,-0.0631962935265764,-0.4504447037752205,segmento misto
B075JJ5NQC,"Butterfly Smart Mixer Grinder, 750W, 4 Jars (Grey)",Home&Kitchen|Kitchen&HomeAppliances|SmallKitchenAppliances|MixerGrinders,Home&Kitchen,Kitchen&HomeAppliances,3199.0,4999.0,36.0,4.0,20869.0,1800.0,premium,medium,high,https://m.media-amazon.com/images/W/WEBP_402378-T1/images/I/41opVWa6H1L._SX300_SY300_QL70_FMwebp_.jpg,https://www.amazon.in/Butterfly-Smart-750-Watt-Mixer-Grinder/dp/B075JJ5NQC/ref=sr_1_135?qid=1672923597&s=kitchen&sr=1-135,1,62.33791917379148,0,-0.19873008330144293,-0.13466687767344462,segmento misto
B08JW1GVS7,"URBN 20000 mAh Lithium_Polymer 22.5W Super Fast Charging Ultra Compact Power Bank with Quick Charge & Power Delivery, Type C Input/Output, Made in India, Type C Cable Included (Camo)",Electronics|Mobiles&Accessories|MobileAccessories|Chargers|PowerBanks,Electronics,Mobiles&Accessories,2179.0,3999.0,46.0,4.0,8380.0,1820.0,premium,medium,high,https://m.media-amazon.com/images/I/312X0wyfvmL._SX300_SY300_QL70_ML2_.jpg,https://www.amazon.in/URBN-20000-22-5W-Charging-Output/dp/B08JW1GVS7/ref=sr_1_295?qid=1672895835&s=electronics&sr=1-295,1,62.30640547618531,4,-0.14120520631804814,0.2623955267255708,barato com alto desconto
B0B9BXKBC7,"WeCool S5 Long Selfie Stick, with Large Reinforced Tripod Stand up to 61 Inch / 156 Cms, Ultra Long Multi Function Bluetooth Selfie Stick with 1/4 Screw Compatible with Gopro, Camera, and Ring Light",Electronics|Mobiles&Accessories|MobileAccessories|Photo&VideoAccessories|SelfieSticks,Electronics,Mobiles&Accessories,1799.0,3999.0,55.0,4.6,245.0,2200.0,mid,high,medium,https://m.media-amazon.com/images/I/41fDM4QUfvL._SX300_SY300_QL70_ML2_.jpg,https://www.amazon.in/WeCool-Reinforced-Function-Bluetooth-Compatible/dp/B0B9BXKBC7/ref=sr_1_445?qid=1672895879&s=electronics&sr=1-445,2,62.29254922811099,4,0.7507316454139955,-0.5144102067427861,barato com alto desconto
B01C8P29T4,"Bajaj Majesty DX-11 1000W Dry Iron with Advance Soleplate and Anti-bacterial German Coating Technology, White and Blue","Home&Kitchen|Kitchen&HomeAppliances|Vacuum,Cleaning&Ironing|Irons,Steamers&Accessories|Irons|DryIrons",Home&Kitchen,Kitchen&HomeAppliances,599.0,785.0,24.0,4.2,24247.0,186.0,mid,medium,high,https://m.media-amazon.com/images/W/WEBP_402378-T1/images/I/41jBJfPQFwL._SY300_SX300_QL70_FMwebp_.jpg,https://www.amazon.in/Bajaj-Majesty-1000-Watt-Iron-White/dp/B01C8P29T4/ref=sr_1_33?qid=1672923592&s=kitchen&sr=1-33,1,62.25560523486951,0,-0.07338552921665227,-0.629045460829828,segmento misto
B07YR26BJ3,KENT 16052 Elegant Electric Glass Kettle 1.8L 2000 W | Blue LED Illumination | Borosilicate Glass Body | Boil Drying Protection | Used as Boiler | Milk | Tea | Water & Soup | 1 Year Warranty,Home&Kitchen|Kitchen&HomeAppliances|SmallKitchenAppliances|Kettles&HotWaterDispensers|Kettle&ToasterSets,Home&Kitchen,Kitchen&HomeAppliances,1199.0,2000.0,40.0,4.0,14030.0,801.0,mid,medium,high,https://m.media-amazon.com/images/I/4150hW2kHwL._SX300_SY300_QL70_FMwebp_.jpg,https://www.amazon.in/KENT-Elegant-Electric-Kettle-Silver/dp/B07YR26BJ3/ref=sr_1_29?qid=1672923592&s=kitchen&sr=1-29,1,62.23061452820631,0,-0.1809492954456443,0.15822275441680456,segmento misto
B07Y9PY6Y1,"Sujata Powermatic Plus, Juicer Mixer Grinder with Chutney Jar, 900 Watts, 3 Jars (White)",Home&Kitchen|Kitchen&HomeAppliances|SmallKitchenAppliances|JuicerMixerGrinders,Home&Kitchen,Kitchen&HomeAppliances,6525.0,8820.0,26.0,4.5,5137.0,2295.0,premium,medium,high,https://m.media-amazon.com/images/I/41yPeG8kXxL._SX300_SY300_QL70_FMwebp_.jpg,https://www.amazon.in/Plastic-Powermatic-Jar-Juicer-Grinder-Chutney/dp/B07Y9PY6Y1/ref=sr_1_307?qid=1672923607&s=kitchen&sr=1-307,1,62.21065587552198,0,0.09200181276557864,-1.537067416097159,segmento misto
B09RFB2SJQ,"10WeRun Id-116 Bluetooth Smartwatch Wireless Fitness Band for Boys, Girls, Men, Women & Kids | Sports Gym Watch for All Smart Phones I Heart Rate and spo2 Monitor",Electronics|WearableTechnology|SmartWatches,Electronics,WearableTechnology,499.0,1899.0,74.0,4.1,412.0,1400.0,budget,high,medium,https://m.media-amazon.com/images/I/41YwW+O-SKL._SY300_SX300_.jpg,https://www.amazon.in/10WERUN-Bluetooth-Smartwatch-Wireless-Fitness/dp/B09RFB2SJQ/ref=sr_1_367?qid=1672895857&s=electronics&sr=1-367,1,62.20732844245407,4,0.4141043669453767,1.0205878271396327,barato com alto desconto
B08K36NZSV,KONVIO NEER 10 Inch Spun Filter (PP SPUN) Cartridge Compatible for 10 Inch Pre-Filter Housing of Water Purifier | Pack of 4 Spun,Home&Kitchen|Kitchen&HomeAppliances|WaterPurifiers&Accessories|WaterPurifierAccessories,Home&Kitchen,Kitchen&HomeAppliances,499.0,999.0,50.0,4.3,1436.0,500.0,budget,medium,high,https://m.media-amazon.com/images/W/WEBP_402378-T2/images/I/410GwzE+TrL._SX342_SY445_.jpg,https://www.amazon.in/KONVIO-NEER-Cartridge-Compatible-Pre-Filter/dp/B08K36NZSV/ref=sr_1_395?qid=1672923612&s=kitchen&sr=1-395,1,62.16881662786504,4,0.27611803784360534,-0.011027337854283926,barato com alto desconto
B012MQS060,"Logitech MK215 Wireless Keyboard and Mouse Combo for Windows, 2.4 GHz Wireless, Compact Design, 2-Year Battery Life(Keyboard),5 Month Battery Life(Mouse) PC/Laptop- Black","Computers&Accessories|Accessories&Peripherals|Keyboards,Mice&InputDevices|Keyboard&MouseSets",Computers&Accessories,Accessories&Peripherals,1295.0,1795.0,28.0,4.1,25771.0,500.0,mid,medium,high,https://m.media-amazon.com/images/W/WEBP_402378-T2/images/I/31SAqKSRWyL._SX300_SY300_QL70_FMwebp_.jpg,https://www.amazon.in/Logitech-MK215-Wireless-Keyboard-Mouse/dp/B012MQS060/ref=sr_1_190?qid=1672903004&s=computers&sr=1-190,1,62.16589532398722,0,-0.14050123477494617,-0.3978418325118119,segmento misto
B071113J7M,Sujata Powermatic Plus 900 Watts Juicer Mixer Grinder,Home&Kitchen|Kitchen&HomeAppliances|SmallKitchenAppliances|JuicerMixerGrinders,Home&Kitchen,Kitchen&HomeAppliances,5890.0,7506.0,22.0,4.5,7241.0,1616.0,premium,medium,high,https://m.media-amazon.com/images/W/WEBP_402378-T1/images/I/413KQ6Ch61L._SX300_SY300_QL70_FMwebp_.jpg,https://www.amazon.in/Sujata-Powermatic-Watts-Juicer-Grinder/dp/B071113J7M/ref=sr_1_262?qid=1672923605&s=kitchen&sr=1-262,1,62.1592404228005,0,0.048263473607372175,-1.603167749807305,segmento misto
B07WFPMGQQ,"iQOO Z6 Pro 5G by vivo (Legion Sky, 6GB RAM, 128GB Storage) | Snapdragon 778G 5G | 66W FlashCharge | 1300 nits Peak Brightness | HDR10+",Electronics|Mobiles&Accessories|Smartphones&BasicMobiles|Smartphones,Electronics,Mobiles&Accessories,19999.0,27990.0,29.0,4.3,9499.0,7991.0,luxury,medium,high,https://m.media-amazon.com/images/I/41XtHlbmOHL._SX300_SY300_QL70_ML2_.jpg,https://www.amazon.in/iQOO-Storage-Snapdragon-FlashCharge-Brightness/dp/B07WFPMGQQ/ref=sr_1_198?qid=1672895806&s=electronics&sr=1-198,1,62.154790862198,3,-0.26582196347840464,-2.193330301742885,premium bem avaliado
B095244Q22,"MYVN LTG to USB for Fast Charging & Data Sync USB Cable Compatible for iPhone 5/5s/6/6S/7/7+/8/8+/10/11, iPad Air/Mini, iPod and iOS Devices (1 M)",Computers&Accessories|Accessories&Peripherals|Cables&Accessories|Cables|USBCables,Computers&Accessories,Accessories&Peripherals,252.0,999.0,75.0,3.7,2249.0,747.0,budget,high,high,https://m.media-amazon.com/images/W/WEBP_402378-T2/images/I/31xucq3GGyL._SX300_SY300_QL70_FMwebp_.jpg,https://www.amazon.in/MYVN-Fast-Charging-Compatible-iPhone-Devices/dp/B095244Q22/ref=sr_1_229?qid=1672909135&s=electronics&sr=1-229,1,62.14028932186588,1,-0.09490030298097853,1.7842920420806958,segmento misto
B09Q3M3WLJ,Robustrion [Anti-Scratch] & [Smudge Proof] [Bubble Free] Premium Tempered Glass Screen Protector Guard for Samsung Galaxy Tab A8 10.5 inch [SM-X200/X205/X207] 2022,Computers&Accessories|Accessories&Peripherals|TabletAccessories|ScreenProtectors,Computers&Accessories,Accessories&Peripherals,399.0,1499.0,73.0,4.0,691.0,1100.0,budget,high,medium,https://m.media-amazon.com/images/I/51m3+9D6ZwL._SY300_SX300_.jpg,https://www.amazon.in/Robustrion-Samsung-10-5-inch-2022/dp/B09Q3M3WLJ/ref=sr_1_452?qid=1672903017&s=computers&sr=1-452,1,62.13045857308587,4,0.259028782905824,1.1804440451964564,barato com alto desconto
B09NKZXMWJ,"Flix (Beetel) Usb To Type C Pvc Data Sync And 2A 480Mbps Data Sync, Tough Fast Charging Long Cable For Usb Type C Devices, Charging Adapter (White, 1 Meter) - Xcd-C12",Computers&Accessories|Accessories&Peripherals|Cables&Accessories|Cables|USBCables,Computers&Accessories,Accessories&Peripherals,139.0,249.0,44.0,4.0,9378.0,110.0,budget,medium,high,https://m.media-amazon.com/images/W/WEBP_402378-T2/images/I/31DDGpem3OL._SY445_SX342_QL70_FMwebp_.jpg,https://www.amazon.in/FLiX-Charging-480Mbps-Devices-XCD-C12/dp/B09NKZXMWJ/ref=sr_1_90?qid=1672909128&s=electronics&sr=1-90,1,62.106342194348144,4,-0.15469681780648936,0.36890857072947925,barato com alto desconto
B09NL4DJ2Z,"FLiX (Beetel) USB to Type C PVC Data Sync & 2A Smartphone Fast Charging Cable, Made in India, 480Mbps Data Sync, Tough Cable, 1 Meter Long USB Cable for USB Type C Devices Black XCD-C12",Computers&Accessories|Accessories&Peripherals|Cables&Accessories|Cables|USBCables,Computers&Accessories,Accessories&Peripherals,139.0,249.0,44.0,4.0,9377.0,110.0,budget,medium,high,https://m.media-amazon.com/images/I/31tWzHMz6vL._SY445_SX342_QL70_ML2_.jpg,https://www.amazon.in/Beetel-Smartphone-Charging-480Mbps-Xcd-C12/dp/B09NL4DJ2Z/ref=sr_1_170?qid=1672895799&s=electronics&sr=1-170,1,62.10602768379795,4,-0.15473203313750455,0.36891209485486404,barato com alto desconto
B08KDBLMQP,"Croma 500W Mixer Grinder with 3 Stainless Steel Leak-proof Jars, 3 speed & Pulse function, 2 years warranty (CRAK4184, White & Purple)",Home&Kitchen|Kitchen&HomeAppliances|SmallKitchenAppliances|MixerGrinders,Home&Kitchen,Kitchen&HomeAppliances,1290.0,2500.0,48.0,4.0,6530.0,1210.0,mid,medium,high,https://m.media-amazon.com/images/I/41i1uzCEyWL._SX300_SY300_QL70_FMwebp_.jpg,https://www.amazon.in/Croma-500-Watt-Grinder-CRAK4184-Purple/dp/B08KDBLMQP/ref=sr_1_27?qid=1672923591&s=kitchen&sr=1-27,1,62.102659710508526,4,-0.12975089192775527,0.3956194149747136,barato com alto desconto
B09C6HXFC1,"Duracell USB Lightning Apple Certified (Mfi) Braided Sync & Charge Cable For Iphone, Ipad And Ipod. Fast Charging Lightning Cable, 3.9 Feet (1.2M) - Black",Computers&Accessories|Accessories&Peripherals|Cables&Accessories|Cables|USBCables,Computers&Accessories,Accessories&Peripherals,970.0,1799.0,46.0,4.5,815.0,829.0,mid,medium,medium,https://m.media-amazon.com/images/W/WEBP_402378-T1/images/I/41TZJiPRRwL._SX300_SY300_QL70_FMwebp_.jpg,https://www.amazon.in/DURACELL-Lightning-Certified-braided-Devices/dp/B09C6HXFC1/ref=sr_1_22?qid=1672909124&s=electronics&sr=1-22,3,62.10245815295317,4,0.4603077989574728,-0.5190399259331675,barato com alto desconto
B0B4HKH19N,"pTron Solero 331 3.4Amps Multifunction Fast Charging Cable, 3-in-1 USB Cable Micro USB/Type-C/iOS, Made in India, Durable & Strong & Tangle-free 118cm in Length (Black)",Computers&Accessories|Accessories&Peripherals|Cables&Accessories|Cables|USBCables,Computers&Accessories,Accessories&Peripherals,249.0,931.0,73.0,3.9,1075.0,682.0,budget,high,high,https://m.media-amazon.com/images/I/41gUqtvpULL._SX300_SY300_QL70_FMwebp_.jpg,https://www.amazon.in/pTron-3-4Amps-Multifunction-Charging-Tangle-free/dp/B0B4HKH19N/ref=sr_1_155?qid=1672909131&s=electronics&sr=1-155,1,62.09915345523456,4,0.12667987716601536,1.3717819637307542,barato com alto desconto
B0B15GSPQW,Samsung 138 cm (55 inches) Crystal 4K Neo Series Ultra HD Smart LED TV UA55AUE65AKXXL (Black),"Electronics|HomeTheater,TV&Video|Televisions|SmartTelevisions",Electronics,"HomeTheater,TV&Video",47990.0,70900.0,32.0,4.3,7109.0,22910.0,luxury,medium,high,https://m.media-amazon.com/images/W/WEBP_402378-T1/images/I/41IAkUhz1NL._SY300_SX300_QL70_FMwebp_.jpg,https://www.amazon.in/Samsung-inches-Crystal-Ultra-UA55AUE65AKXXL/dp/B0B15GSPQW/ref=sr_1_212?qid=1672909134&s=electronics&sr=1-212,1,62.09788915392211,3,-0.6131693725669976,-4.362549089443817,premium bem avaliado
B07XJWTYM2,"realme Buds Wireless in Ear Bluetooth Earphones with mic, 11.2mm Bass Boost Driver, Magnetic Fast Pair, Fast Charging and 12 Hrs Playtime (Yellow)","Electronics|Headphones,Earbuds&Accessories|Headphones|In-Ear",Electronics,"Headphones,Earbuds&Accessories",1679.0,1999.0,16.0,4.1,72563.0,320.0,mid,low,high,https://m.media-amazon.com/images/I/41ZCYvl4noL._SX300_SY300_QL70_FMwebp_.jpg,https://www.amazon.in/realme-RMA108-Realme-Buds-Wireless/dp/B07XJWTYM2/ref=sr_1_387?qid=1672903014&s=computers&sr=1-387,1,62.02781227513642,0,0.11142209083921922,-0.8984805718096505,segmento misto
B09BW2GP18,"Croma 3A Fast charge 1m Type-C to All Type-C Phones sync and charge cable, Made in India, 480Mbps Data transfer rate, Tested Durability with 8000+ bends (12 months warranty) - CRCMA0106sTC10, Black",Computers&Accessories|Accessories&Peripherals|Cables&Accessories|Cables|USBCables,Computers&Accessories,Accessories&Peripherals,129.0,1000.0,87.0,3.9,295.0,871.0,budget,high,medium,https://m.media-amazon.com/images/I/31qs7auuBKL._SY445_SX342_QL70_FMwebp_.jpg,https://www.amazon.in/Croma-transfer-Durability-warranty-CRCMA0106sTC10/dp/B09BW2GP18/ref=sr_1_289?qid=1672909138&s=electronics&sr=1-289,1,62.0156194223193,4,0.35684212792197434,1.773657335670571,barato com alto desconto
B09TWHTBKQ,"Samsung Galaxy M33 5G (Mystique Green, 8GB, 128GB Storage) | 6000mAh Battery | Upto 16GB RAM with RAM Plus | Travel Adapter to be Purchased Separately",Electronics|Mobiles&Accessories|Smartphones&BasicMobiles|Smartphones,Electronics,Mobiles&Accessories,18499.0,25999.0,29.0,4.1,22318.0,7500.0,luxury,medium,high,https://m.media-amazon.com/images/I/41t61osAZHL._SX300_SY300_QL70_ML2_.jpg,https://www.amazon.in/Samsung-Mystique-Storage-Purchased-Separately/dp/B09TWHTBKQ/ref=sr_1_30?qid=1672895755&s=electronics&sr=1-30,1,62.00754658279544,3,-0.3986683966028562,-1.7485907013907236,premium bem avaliado
B09SB6SJB4,"Amazon Brand - Solimo Fast Charging Braided Type C Data Cable Seam, Suitable For All Supported Mobile Phones (1 Meter, Black)",Computers&Accessories|Accessories&Peripherals|Cables&Accessories|Cables|USBCables,Computers&Accessories,Accessories&Peripherals,129.0,599.0,78.0,4.1,265.0,470.0,budget,high,medium,https://m.media-amazon.com/images/W/WEBP_402378-T2/images/I/311Rq7jXvgL._SY445_SX342_QL70_FMwebp_.jpg,https://www.amazon.in/Amazon-Brand-Charging-Suitable-Supported/dp/B09SB6SJB4/ref=sr_1_480?qid=1672909147&s=electronics&sr=1-480,1,61.97346155915034,4,0.46836707629244856,1.162707080925166,barato com alto desconto
B07NTKGW45,"SaleOn™ Portable Storage Organizer Bag for Earphone USB Cable Power Bank Mobile Charger Digital Gadget Hard Disk, Water Resistance Material - Dark Grey",Computers&Accessories|Accessories&Peripherals|HardDiskBags,Computers&Accessories,Accessories&Peripherals,397.0,899.0,56.0,4.0,3025.0,502.0,budget,high,high,https://m.media-amazon.com/images/W/WEBP_402378-T2/images/I/51cqrmW48+L._SY300_SX300_.jpg,https://www.amazon.in/SaleOnTM-Portable-Organizer-Earphone-Assorted/dp/B07NTKGW45/ref=sr_1_384?qid=1672903013&s=computers&sr=1-384,1,61.96110895588662,4,-0.02593076401076196,0.7008868808381896,barato com alto desconto
B08498D67S,"HP K500F Backlit Membrane Wired Gaming Keyboard with Mixed Color Lighting, Metal Panel with Logo Lighting, 26 Anti-Ghosting Keys, and Windows Lock Key / 3 Years Warranty(7ZZ97AA)",Computers&Accessories|Accessories&Peripherals|PCGamingPeripherals|GamingKeyboards,Computers&Accessories,Accessories&Peripherals,1149.0,1800.0,36.0,4.3,4723.0,651.0,mid,medium,high,https://m.media-amazon.com/images/I/41LWT2NmHXL._SX300_SY300_QL70_FMwebp_.jpg,https://www.amazon.in/HP-K500F-Gaming-Keyboard-7ZZ97AA/dp/B08498D67S/ref=sr_1_459?qid=1672903018&s=computers&sr=1-459,1,61.95577055466456,0,0.04085803699333483,-0.46238273604682434,segmento misto
B06XFTHCNY,"CableCreation RCA to 3.5mm Male Audio Cable, 3.5mm to 2RCA Cable Male RCA Cable,Y Splitter Stereo Jack Cable for Home Theater,Subwoofer, Receiver, Speakers and More (3Feet/0.9Meter,Black)","Electronics|HomeTheater,TV&Video|Accessories|Cables|RCACables",Electronics,"HomeTheater,TV&Video",439.0,758.0,42.0,4.2,4296.0,319.0,budget,medium,high,https://m.media-amazon.com/images/I/41Bh7qwDUmL._SY445_SX342_QL70_FMwebp_.jpg,https://www.amazon.in/Cablecreation-Audio-Cable-3-5mm-2-Male/dp/B06XFTHCNY/ref=sr_1_305?qid=1672909139&s=electronics&sr=1-305,1,61.93873683321316,0,0.01301508167713433,-0.05646923591624867,segmento misto
B07966M8XH,"Model-P4 6 Way Swivel Tilt Wall Mount 32-55-inch Full Motion Cantilever for LED,LCD and Plasma TV's","Electronics|HomeTheater,TV&Video|Accessories|TVMounts,Stands&Turntables|TVWall&CeilingMounts",Electronics,"HomeTheater,TV&Video",1599.0,2999.0,47.0,4.2,2727.0,1400.0,mid,medium,high,https://m.media-amazon.com/images/I/41+mgWz7knL._SX300_SY300_.jpg,https://www.amazon.in/Model-P4-Swivel-32-55-inch-Motion-Cantilever/dp/B07966M8XH/ref=sr_1_76?qid=1672909128&s=electronics&sr=1-76,1,61.92836123222689,4,0.06770044128743272,-0.0063446806521386245,barato com alto desconto
B0B61GCHC1,"LS LAPSTER Quality Assured USB 2.0 morpho cable, morpho device cable for Mso 1300 E3/E2/E Biometric Finger Print Scanner morpho USB cable (Black)",Computers&Accessories|Accessories&Peripherals|Cables&Accessories|Cables|USBCables,Computers&Accessories,Accessories&Peripherals,199.0,999.0,80.0,4.3,87.0,800.0,budget,high,low,https://m.media-amazon.com/images/I/31JbtMrUYpL._SX300_SY300_QL70_FMwebp_.jpg,https://www.amazon.in/LS-LAPSTER-Quality-Assured-Biometric/dp/B0B61GCHC1/ref=sr_1_471?qid=1672909147&s=electronics&sr=1-471,1,61.90927393461615,4,0.7667624566415049,0.8528172640182089,barato com alto desconto
B08G43CCLC,"NK STAR 950 Mbps USB WiFi Adapter Wireless Network Receiver Dongle for Desktop Laptop, (Support- Windows XP/7/8/10 & MAC OS) NOt Support to DVR and HDTV",Computers&Accessories|NetworkingDevices|NetworkAdapters|WirelessUSBAdapters,Computers&Accessories,NetworkingDevices,218.0,999.0,78.0,4.2,163.0,781.0,budget,high,medium,https://m.media-amazon.com/images/I/31+EyQ3FtIL._SY300_SX300_.jpg,https://www.amazon.in/NK-STAR-USB-Wireless-Receiver/dp/B08G43CCLC/ref=sr_1_470?qid=1672909147&s=electronics&sr=1-470,1,61.88026220838927,4,0.5944848764120277,0.9757211732697535,barato com alto desconto
B07L5L4GTB,Epson 003 65 ml for EcoTank L1110/L3100/L3101/L3110/L3115/L3116/L3150/L3151/L3152/L3156/L5190 Black Ink Bottle,"Computers&Accessories|Printers,Inks&Accessories|Inks,Toners&Cartridges|InkjetInkCartridges",Computers&Accessories,"Printers,Inks&Accessories",309.0,404.0,24.0,4.4,8614.0,95.0,budget,medium,high,https://m.media-amazon.com/images/W/WEBP_402378-T1/images/I/41PcrlfQ2iL._SX300_SY300_QL70_FMwebp_.jpg,https://www.amazon.in/Epson-003-Black-Ink-Bottle/dp/B07L5L4GTB/ref=sr_1_102?qid=1672903000&s=computers&sr=1-102,1,61.86990099990823,0,0.012088167035993384,-0.920052120511236,segmento misto
B09H3BXWTK,"Venus Digital Kitchen Weighing Scale & Food Weight Machine for Health, Fitness, Home Baking & Cooking Scale, 2 Year Warranty & Battery Included (Weighing Scale Without Bowl) Capacity 10 Kg, 1 Gm",Home&Kitchen|Kitchen&HomeAppliances|SmallKitchenAppliances|DigitalKitchenScales,Home&Kitchen,Kitchen&HomeAppliances,599.0,2799.0,79.0,3.9,578.0,2200.0,mid,high,medium,https://m.media-amazon.com/images/W/WEBP_402378-T1/images/I/31hgpO4BxQL._SY445_SX342_QL70_FMwebp_.jpg,https://www.amazon.in/Venus-Weighing-Warranty-Included-Capacity/dp/B09H3BXWTK/ref=sr_1_193?qid=1672923600&s=kitchen&sr=1-193,1,61.86699834302194,4,0.20272042807360088,1.5124660520819206,barato com alto desconto
B07WGPKTS4,"iQOO Z6 44W by vivo (Raven Black, 4GB RAM, 128GB Storage) | 6.44"" FHD+ AMOLED Display | 50% Charge in just 27 mins | in-Display Fingerprint Scanning",Electronics|Mobiles&Accessories|Smartphones&BasicMobiles|Smartphones,Electronics,Mobiles&Accessories,13999.0,19999.0,30.0,4.1,19252.0,6000.0,luxury,medium,high,https://m.media-amazon.com/images/I/41Lif4YWC2L._SX300_SY300_QL70_ML2_.jpg,https://www.amazon.in/iQOO-Raven-Black-128GB-Storage/dp/B07WGPKTS4/ref=sr_1_118?qid=1672895777&s=electronics&sr=1-118,1,61.83763189160685,0,-0.3664628582441813,-1.3482178660966357,segmento misto
B07WDKLRM4,"iQOO Z6 44W by vivo (Lumina Blue, 4GB RAM, 128GB Storage) | 6.44"" FHD+ AMOLED Display | 50% Charge in just 27 mins | in-Display Fingerprint Scanning",Electronics|Mobiles&Accessories|Smartphones&BasicMobiles|Smartphones,Electronics,Mobiles&Accessories,13999.0,19999.0,30.0,4.1,19252.0,6000.0,luxury,medium,high,https://m.media-amazon.com/images/I/41iVkyHeTUL._SX300_SY300_QL70_ML2_.jpg,https://www.amazon.in/iQOO-Lumina-Blue-128GB-Storage/dp/B07WDKLRM4/ref=sr_1_70?qid=1672895762&s=electronics&sr=1-70,1,61.83763189160685,0,-0.3664628582441813,-1.3482178660966357,segmento misto
B094DQWV9B,"Kanget [2 Pack] Type C Female to USB A Male Charger | Charging Cable Adapter Converter compatible for iPhone 14, 13, 12,11 Pro Max/Mini/XR/XS/X/SE, Samsung S20 ultra/S21/S10/S8/S9/MacBook Pro iPad (Grey)",Computers&Accessories|Accessories&Peripherals|Adapters|USBtoUSBAdapters,Computers&Accessories,Accessories&Peripherals,149.0,399.0,63.0,4.0,1540.0,250.0,budget,high,high,https://m.media-amazon.com/images/W/WEBP_402378-T2/images/I/51JIngdPfEL._SX300_SY300_QL70_FMwebp_.jpg,https://www.amazon.in/Kanget-Female-Adapter-Standard-Interface/dp/B094DQWV9B/ref=sr_1_171?qid=1672903004&s=computers&sr=1-171,1,61.83236623581774,4,0.07356753129415244,0.9203527690719715,barato com alto desconto
B0B15CPR37,Samsung 108 cm (43 inches) Crystal 4K Neo Series Ultra HD Smart LED TV UA43AUE65AKXXL (Black),"Electronics|HomeTheater,TV&Video|Televisions|SmartTelevisions",Electronics,"HomeTheater,TV&Video",32990.0,47900.0,31.0,4.3,7109.0,14910.0,luxury,medium,high,https://m.media-amazon.com/images/I/41Tz1YnJkoL._SY300_SX300_QL70_FMwebp_.jpg,https://www.amazon.in/Samsung-inches-Crystal-Ultra-UA43AUE65AKXXL/dp/B0B15CPR37/ref=sr_1_67?qid=1672909126&s=electronics&sr=1-67,1,61.83193170711361,3,-0.453112750345096,-3.1788732940541613,premium bem avaliado
B07FJNNZCJ,"V-Guard Zenora RO+UF+MB Water Purifier | Suitable for water with TDS up to 2000 ppm | 8 Stage Purification with World-class RO Membrane and Advanced UF Membrane | Free PAN India Installation & 1-Year Comprehensive Warranty | 7 Litre, Black",Home&Kitchen|Kitchen&HomeAppliances|WaterPurifiers&Accessories|WaterFilters&Purifiers,Home&Kitchen,Kitchen&HomeAppliances,8699.0,13049.0,33.0,4.3,5891.0,4350.0,premium,medium,high,https://m.media-amazon.com/images/W/WEBP_402378-T2/images/I/31B7DwG79FL._SY445_SX342_QL70_FMwebp_.jpg,https://www.amazon.in/V-Guard-Zenora-Litre-Purifier-Purification/dp/B07FJNNZCJ/ref=sr_1_446?qid=1672923614&s=kitchen&sr=1-446,1,61.80958987639431,0,-0.11095080612127149,-1.1585359699290367,segmento misto
B098LCVYPW,Dealfreez Case Compatible for Fire TV Stick 4K All Alexa Voice Remote Shockproof Silicone Anti-Lost Cover with Loop (C-Black),"Electronics|HomeTheater,TV&Video|Accessories|RemoteControls",Electronics,"HomeTheater,TV&Video",349.0,999.0,65.0,4.2,513.0,650.0,budget,high,medium,https://m.media-amazon.com/images/W/WEBP_402378-T1/images/I/41Zc-phmoEL._SX300_SY300_QL70_FMwebp_.jpg,https://www.amazon.in/Dealfreez-Compatible-Shockproof-Silicone-Anti-Lost/dp/B098LCVYPW/ref=sr_1_395?qid=1672909144&s=electronics&sr=1-395,1,61.7923536148313,4,0.36352166980686107,0.6023844978341791,barato com alto desconto
B0B694PXQJ,"Gadgetronics Digital Kitchen Weighing Scale & Food Weight Machine for Health, Fitness, Home Baking & Cooking (10 KGs,1 Year Warranty & Batteries Included)",Home&Kitchen|Kitchen&HomeAppliances|SmallKitchenAppliances|DigitalKitchenScales,Home&Kitchen,Kitchen&HomeAppliances,799.0,2999.0,73.0,4.5,63.0,2200.0,mid,high,low,https://m.media-amazon.com/images/W/WEBP_402378-T1/images/I/61Vt5Egqf4L._SY445_SX342_QL70_FMwebp_.jpg,https://www.amazon.in/Gadgetronics-Weighing-Warranty-Batteries-Included/dp/B0B694PXQJ/ref=sr_1_286?qid=1672923606&s=kitchen&sr=1-286,1,61.77491550434559,4,0.8978037203322174,0.24927184236156727,barato com alto desconto
B07WKBD37W,"ESnipe Mart Worldwide Travel Adapter with Build in Dual USB Charger Ports with 125V 6A, 250V Protected Electrical Plug for Laptops, Cameras (White)",HomeImprovement|Electrical|Adapters&Multi-Outlets,HomeImprovement,Electrical,425.0,999.0,57.0,4.0,2581.0,574.0,budget,high,high,https://m.media-amazon.com/images/I/31w-19-3fSL._SY300_SX300_QL70_FMwebp_.jpg,https://www.amazon.in/ESnipe-Mart-Worldwide-Protected-Electrical/dp/B07WKBD37W/ref=sr_1_242?qid=1672903007&s=computers&sr=1-242,1,61.7590258693997,4,-0.029538176395583433,0.7281542851291974,barato com alto desconto
B09P18XVW6,"Noise Pulse Buzz 1.69"" Bluetooth Calling Smart Watch with Call Function, 150 Watch Faces, 60 Sports Modes, Spo2 & Heart Rate Monitoring, Calling Smart Watch for Men & Women - Jet Black",Electronics|WearableTechnology|SmartWatches,Electronics,WearableTechnology,2499.0,4999.0,50.0,3.9,7571.0,2500.0,premium,medium,high,https://m.media-amazon.com/images/W/WEBP_402378-T1/images/I/317lVfwVu8L._SX300_SY300_QL70_FMwebp_.jpg,https://www.amazon.in/Noise-ColorFit-Bluetooth-Monitoring-SmartWatch/dp/B09P18XVW6/ref=sr_1_152?qid=1672903002&s=computers&sr=1-152,1,61.737484241695086,4,-0.26523983380444915,0.5316736420948504,barato com alto desconto
B07BKSSDR2,Dr Trust Electronic Kitchen Digital Scale Weighing Machine (Blue),Health&PersonalCare|HomeMedicalSupplies&Equipment|HealthMonitors|WeighingScales|DigitalBathroomScales,Health&PersonalCare,HomeMedicalSupplies&Equipment,899.0,1900.0,53.0,4.0,3663.0,1001.0,mid,high,high,https://m.media-amazon.com/images/I/41csvHnDvES._SX300_SY300_QL70_FMwebp_.jpg,https://www.amazon.in/Dr-Trust-Electronic-Kitchen-Weighing/dp/B07BKSSDR2/ref=sr_1_265?qid=1672923605&s=kitchen&sr=1-265,1,61.72754300806098,4,-0.09677847589566,0.5754487735167072,barato com alto desconto
B08S6RKT4L,"Balzano High Speed Nutri Blender/Mixer/Smoothie Maker - 500 Watt - Silver, 2 Jar",Home&Kitchen|Kitchen&HomeAppliances|SmallKitchenAppliances,Home&Kitchen,Kitchen&HomeAppliances,2599.0,4290.0,39.0,4.4,2116.0,1691.0,premium,medium,high,https://m.media-amazon.com/images/W/WEBP_402378-T2/images/I/41+pYgFJpBL._SY300_SX300_.jpg,https://www.amazon.in/Balzano-Speed-Nutri-Blender-Smoothie/dp/B08S6RKT4L/ref=sr_1_241?qid=1672923603&s=kitchen&sr=1-241,1,61.71943251507043,0,0.1641648452271595,-0.6681717606765403,segmento misto
B08CFJBZRK,Prestige IRIS Plus 750 watt mixer grinder,Home&Kitchen|Kitchen&HomeAppliances|SmallKitchenAppliances|MixerGrinders,Home&Kitchen,Kitchen&HomeAppliances,3249.0,6295.0,48.0,3.8,14062.0,3046.0,premium,medium,high,https://m.media-amazon.com/images/W/WEBP_402378-T2/images/I/41QNSlZeKiL._SX300_SY300_QL70_FMwebp_.jpg,https://www.amazon.in/Prestige-IRIS-mixer-grinder-Black/dp/B08CFJBZRK/ref=sr_1_82?qid=1672923595&s=kitchen&sr=1-82,1,61.69832690856183,1,-0.38268718641982624,0.576960004479739,segmento misto
B08XXF5V6G,Kodak 139 cm (55 inches) 4K Ultra HD Smart LED TV 55CA0909 (Black),"Electronics|HomeTheater,TV&Video|Televisions|SmartTelevisions",Electronics,"HomeTheater,TV&Video",29999.0,50999.0,41.0,4.4,1712.0,21000.0,luxury,medium,high,https://m.media-amazon.com/images/I/512qfz0MI0L._SX300_SY300_QL70_FMwebp_.jpg,https://www.amazon.in/Kodak-inches-55CA0909-Digital-Surround/dp/B08XXF5V6G/ref=sr_1_462?qid=1672909147&s=electronics&sr=1-462,1,61.626750604832445,3,-0.17535378965598508,-2.823211850045397,premium bem avaliado
B09ZK6THRR,"Croma 1100 W Dry Iron with Weilburger Dual Soleplate Coating (CRSHAH702SIR11, White)","Home&Kitchen|Kitchen&HomeAppliances|Vacuum,Cleaning&Ironing|Irons,Steamers&Accessories|Irons|DryIrons",Home&Kitchen,Kitchen&HomeAppliances,479.0,1000.0,52.0,4.2,1559.0,521.0,budget,high,high,https://m.media-amazon.com/images/I/31k9FfzMGzL._SX300_SY300_QL70_FMwebp_.jpg,https://www.amazon.in/Croma-Weilburger-Soleplate-Coating-CRSHAH702SIR11/dp/B09ZK6THRR/ref=sr_1_154?qid=1672923598&s=kitchen&sr=1-154,1,61.60964662317119,4,0.13211269037973206,0.22729540110303217,barato com alto desconto
B0BNDRK886,IONIX Activated Carbon Faucet Water Filters Universal Interface Home Kitchen Faucet Tap Water | Tap filter Multilayer | Clean Purifier Filter Cartridge Five Layer Water Filter-Pack of 1,Home&Kitchen|Kitchen&HomeAppliances|WaterPurifiers&Accessories|WaterPurifierAccessories,Home&Kitchen,Kitchen&HomeAppliances,185.0,599.0,69.0,3.9,1306.0,414.0,budget,high,high,https://m.media-amazon.com/images/I/41asnfU59KL._SY445_SX342_QL70_FMwebp_.jpg,https://www.amazon.in/IONIX-Tap-filter-Multilayer-Filter-Pack/dp/B0BNDRK886/ref=sr_1_399?qid=1672923612&s=kitchen&sr=1-399,1,61.6089808277456,4,0.021388253617850825,1.2658870271486642,barato com alto desconto
B09YLYB9PB,"Ambrane 60W / 3A Fast Charging Output Cable with Micro to USB for Mobile, Neckband, True Wireless Earphone Charging, 480mbps Data Sync Speed, 1m Length (ACM - AZ1, Black)",Computers&Accessories|Accessories&Peripherals|Cables&Accessories|Cables|USBCables,Computers&Accessories,Accessories&Peripherals,149.0,399.0,63.0,4.0,1423.0,250.0,budget,high,high,https://m.media-amazon.com/images/W/WEBP_402378-T2/images/I/414P4JCZY-L._SX300_SY300_QL70_FMwebp_.jpg,https://www.amazon.in/Ambrane-Charging-Neckband-Wireless-ACM/dp/B09YLYB9PB/ref=sr_1_192?qid=1672909133&s=electronics&sr=1-192,1,61.59945774088301,4,0.05383783209725227,0.921152463160594,barato com alto desconto
B08G8H8DPL,"Bajaj Rex 750W Mixer Grinder with Nutri Pro Feature, 4 Jars, White",Home&Kitchen|Kitchen&HomeAppliances|SmallKitchenAppliances|MixerGrinders,Home&Kitchen,Kitchen&HomeAppliances,3249.0,6375.0,49.0,4.0,4978.0,3126.0,premium,medium,high,https://m.media-amazon.com/images/W/WEBP_402378-T2/images/I/316VkpDJItL._SX300_SY300_QL70_FMwebp_.jpg,https://www.amazon.in/Bajaj-Rex-Mixer-Grinder-White/dp/B08G8H8DPL/ref=sr_1_198?qid=1672923600&s=kitchen&sr=1-198,1,61.568289138723806,4,-0.19665395408490027,0.27086474845932623,barato com alto desconto
B07WJXCTG9,"Pigeon by Stovekraft Amaze Plus Electric Kettle (14313) with Stainless Steel Body, 1.8 litre, used for boiling Water, making tea and coffee, instant noodles, soup etc. 1500 Watt (Silver)",Home&Kitchen|Kitchen&HomeAppliances|SmallKitchenAppliances|Kettles&HotWaterDispensers|ElectricKettles,Home&Kitchen,Kitchen&HomeAppliances,699.0,1345.0,48.0,3.9,8446.0,646.0,mid,medium,high,https://m.media-amazon.com/images/W/WEBP_402378-T2/images/I/31na34LxwmL._SX300_SY300_QL70_FMwebp_.jpg,https://www.amazon.in/Pigeon-stovekraft-Amaze-Plus-1-8/dp/B07WJXCTG9/ref=sr_1_159?qid=1672923598&s=kitchen&sr=1-159,1,61.52812431396858,4,-0.28390128216835536,0.6191862587594329,barato com alto desconto
B07LDN9Q2P,"Havells D'zire 1000 watt Dry Iron With American Heritage Sole Plate, Aerodynamic Design, Easy Grip Temperature Knob & 2 years Warranty. (Mint)","Home&Kitchen|Kitchen&HomeAppliances|Vacuum,Cleaning&Ironing|Irons,Steamers&Accessories|Irons|DryIrons",Home&Kitchen,Kitchen&HomeAppliances,889.0,1295.0,31.0,4.3,6400.0,406.0,mid,medium,high,https://m.media-amazon.com/images/W/WEBP_402378-T2/images/I/41lYqkaeadL._SX300_SY300_QL70_FMwebp_.jpg,https://www.amazon.in/Havells-Dzire-1000-Watt-Iron-Mint/dp/B07LDN9Q2P/ref=sr_1_406?qid=1672923612&s=kitchen&sr=1-406,1,61.52207817317803,0,-0.05998910993790057,-0.5846030688688979,segmento misto
B09PDZNSBG,"Goodscity Garment Steamer for Clothes, Steam Iron Press - Vertical & Horizontal Steaming up to 22g/min, 1200 Watt, 230 ml Water tank & 30 sec Fast Heating (GC 111)","Home&Kitchen|Kitchen&HomeAppliances|Vacuum,Cleaning&Ironing|Irons,Steamers&Accessories|Irons|SteamIrons",Home&Kitchen,Kitchen&HomeAppliances,2575.0,6700.0,62.0,4.2,611.0,4125.0,premium,high,medium,https://m.media-amazon.com/images/W/WEBP_402378-T1/images/I/21df9THeM-L._SX300_SY300_QL70_FMwebp_.jpg,https://www.amazon.in/Goodscity-Garment-Steamer-Clothes-Steam/dp/B09PDZNSBG/ref=sr_1_351?qid=1672923610&s=kitchen&sr=1-351,1,61.509219561478446,4,0.26040529636012444,0.3394287022424152,barato com alto desconto
B08D6RCM3Q,"PrettyKrafts Folding Laundry Basket for Clothes with Lid & Handle, Toys Organiser, 75 Litre, (Pack of 1), Mushroom Print",Home&Kitchen|HomeStorage&Organization|LaundryOrganization|LaundryBaskets,Home&Kitchen,HomeStorage&Organization,355.0,899.0,61.0,4.1,1051.0,544.0,budget,high,high,https://m.media-amazon.com/images/W/WEBP_402378-T2/images/I/41ZFwhFMMwL._SX300_SY300_QL70_FMwebp_.jpg,https://www.amazon.in/PrettyKrafts-Laundry-Clothes-Storage-Mushroom/dp/B08D6RCM3Q/ref=sr_1_96?qid=1672923595&s=kitchen&sr=1-96,1,61.50779476928139,4,0.14104207046885514,0.6698218317955275,barato com alto desconto
B00O2R38C4,"Luminous Vento Deluxe 150 mm Exhaust Fan for Kitchen, Bathroom with Strong Air Suction, Rust Proof Body and Dust Protection Shutters (2-Year Warranty, White)","Home&Kitchen|Heating,Cooling&AirQuality|Fans|ExhaustFans",Home&Kitchen,"Heating,Cooling&AirQuality",999.0,1490.0,33.0,4.1,12999.0,491.0,mid,medium,high,https://m.media-amazon.com/images/W/WEBP_402378-T2/images/I/21c-ZYPFJ5L._SX300_SY300_QL70_FMwebp_.jpg,https://www.amazon.in/Luminous-Vento-Deluxe-30-Watt-Ventilator/dp/B00O2R38C4/ref=sr_1_126?qid=1672923597&s=kitchen&sr=1-126,1,61.47712998395479,0,-0.23460181510207426,-0.19630948709553409,segmento misto
B00LVMTA2A,Panasonic CR-2032/5BE Lithium Coin Battery - Pack of 5,Electronics|GeneralPurposeBatteries&BatteryChargers,Electronics,GeneralPurposeBatteries&BatteryChargers,225.0,250.0,10.0,4.4,26556.0,25.0,budget,low,high,https://m.media-amazon.com/images/W/WEBP_402378-T1/images/I/5145vqMSaTL._SY300_SX300_QL70_FMwebp_.jpg,https://www.amazon.in/Panasonic-Lithium-CR2032-5BE-Battery/dp/B00LVMTA2A/ref=sr_1_97?qid=1672903000&s=computers&sr=1-97,1,61.46716436415775,0,-0.07933885138805072,-1.3543167797312174,segmento misto
B07Y5FDPKV,KENT 16051 Hand Blender 300 W | 5 Variable Speed Control | Multiple Beaters & Dough Hooks | Turbo Function,Home&Kitchen|Kitchen&HomeAppliances|SmallKitchenAppliances|HandBlenders,Home&Kitchen,Kitchen&HomeAppliances,1745.0,2400.0,27.0,4.2,14160.0,655.0,mid,medium,high,https://m.media-amazon.com/images/W/WEBP_402378-T1/images/I/41XtCfScreS._SX300_SY300_QL70_FMwebp_.jpg,https://www.amazon.in/Kent-Hand-Blender-300-White/dp/B07Y5FDPKV/ref=sr_1_451?qid=1672923614&s=kitchen&sr=1-451,1,61.46703753284798,0,-0.2019211976090775,-0.6072064983581147,segmento misto
B0B9959XF3,Acer 80 cm (32 inches) S Series HD Ready Android Smart LED TV AR32AR2841HDSB (Black),"Electronics|HomeTheater,TV&Video|Televisions|SmartTelevisions",Electronics,"HomeTheater,TV&Video",12499.0,22990.0,46.0,4.3,1611.0,10491.0,luxury,medium,high,https://m.media-amazon.com/images/I/51sUInS8MiL._SY300_SX300_QL70_FMwebp_.jpg,https://www.amazon.in/Acer-inches-Ready-Android-AR32AR2841HDSB/dp/B0B9959XF3/ref=sr_1_188?qid=1672909133&s=electronics&sr=1-188,1,61.443953356575264,0,-0.008146960883683012,-1.0902552915120076,segmento misto
B09M869Z5V,Portronics MPORT 31C 4-in-1 USB Hub (Type C to 4 USB-A Ports) with Fast Data Transfer,Computers&Accessories|Accessories&Peripherals|USBHubs,Computers&Accessories,Accessories&Peripherals,570.0,999.0,43.0,4.2,3201.0,429.0,mid,medium,high,https://m.media-amazon.com/images/I/21qdAZyu9xL._SX300_SY300_QL70_FMwebp_.jpg,https://www.amazon.in/Portronics-MPORT-Type-Ports-Transfer/dp/B09M869Z5V/ref=sr_1_183?qid=1672903004&s=computers&sr=1-183,1,61.33708360072711,0,-0.030388260844217634,-0.03483826364587223,segmento misto
B0BBMPH39N,"Amazon Basics Magic Slate 8.5-inch LCD Writing Tablet with Stylus Pen, for Drawing, Playing, Noting by Kids & Adults, Black","Computers&Accessories|Accessories&Peripherals|Keyboards,Mice&InputDevices|GraphicTablets",Computers&Accessories,Accessories&Peripherals,289.0,999.0,71.0,4.1,401.0,710.0,budget,high,medium,https://m.media-amazon.com/images/W/WEBP_402378-T1/images/I/31GrCGz9drL._SX300_SY300_QL70_FMwebp_.jpg,https://www.amazon.in/Amazon-Basics-8-5-inch-Writing-Drawing/dp/B0BBMPH39N/ref=sr_1_173?qid=1672903004&s=computers&sr=1-173,1,61.32982915840122,4,0.294821213241932,0.9557873061858042,barato com alto desconto
B08XXVXP3J,"Storite Super Speed USB 3.0 Male to Male Cable for Hard Drive Enclosures, Laptop Cooling Pad, DVD Players(60cm,Black)",Computers&Accessories|Accessories&Peripherals|Cables&Accessories|Cables|USBCables,Computers&Accessories,Accessories&Peripherals,249.0,999.0,75.0,4.3,112.0,750.0,budget,high,medium,https://m.media-amazon.com/images/I/41XgWuRRNFL._SX300_SY300_QL70_FMwebp_.jpg,https://www.amazon.in/Storite-USB-3-0-Transfer-Enclosures/dp/B08XXVXP3J/ref=sr_1_450?qid=1672909146&s=electronics&sr=1-450,1,61.317046442590375,4,0.6323721108432385,0.7106785091717389,barato com alto desconto
B0B4F1YC3J,"Samsung Galaxy M13 5G (Aqua Green, 6GB, 128GB Storage) | 5000mAh Battery | Upto 12GB RAM with RAM Plus",Electronics|Mobiles&Accessories|Smartphones&BasicMobiles|Smartphones,Electronics,Mobiles&Accessories,13999.0,19499.0,28.0,4.1,18998.0,5500.0,luxury,medium,high,https://m.media-amazon.com/images/I/413sCRKobNL._SX300_SY300_QL70_ML2_.jpg,https://www.amazon.in/Samsung-Midnight-Storage-5000mAh-Battery/dp/B0B4F1YC3J/ref=sr_1_162?qid=1672895791&s=electronics&sr=1-162,1,61.26654420396957,0,-0.44924269056658583,-1.4020322250458515,segmento misto
B0B4F5L738,"Samsung Galaxy M13 5G (Aqua Green, 6GB, 128GB Storage) | 5000mAh Battery | Upto 12GB RAM with RAM Plus",Electronics|Mobiles&Accessories|Smartphones&BasicMobiles|Smartphones,Electronics,Mobiles&Accessories,13999.0,19499.0,28.0,4.1,18998.0,5500.0,luxury,medium,high,https://m.media-amazon.com/images/I/413sCRKobNL._SX300_SY300_QL70_ML2_.jpg,https://www.amazon.in/Samsung-Midnight-Storage-5000mAh-Battery/dp/B0B4F5L738/ref=sr_1_94?qid=1672895770&s=electronics&sr=1-94,1,61.26654420396957,0,-0.44924269056658583,-1.4020322250458515,segmento misto
B0B4F4QZ1H,"Samsung Galaxy M13 5G (Stardust Brown, 6GB, 128GB Storage) | 5000mAh Battery | Upto 12GB RAM with RAM Plus",Electronics|Mobiles&Accessories|Smartphones&BasicMobiles|Smartphones,Electronics,Mobiles&Accessories,13999.0,19499.0,28.0,4.1,18998.0,5500.0,luxury,medium,high,https://m.media-amazon.com/images/I/41Ims-JX0kL._SX300_SY300_QL70_ML2_.jpg,https://www.amazon.in/Samsung-Stardust-Storage-5000mAh-Battery/dp/B0B4F4QZ1H/ref=sr_1_496?qid=1672895894&s=electronics&sr=1-496,1,61.26654420396957,0,-0.44924269056658583,-1.4020322250458515,segmento misto
B0B4F2ZWL3,"Samsung Galaxy M13 (Stardust Brown, 6GB, 128GB Storage) | 6000mAh Battery | Upto 12GB RAM with RAM Plus",Electronics|Mobiles&Accessories|Smartphones&BasicMobiles|Smartphones,Electronics,Mobiles&Accessories,12999.0,17999.0,28.0,4.1,18998.0,5000.0,luxury,medium,high,https://m.media-amazon.com/images/I/41fNkwj-vnL._SX300_SY300_QL70_ML2_.jpg,https://www.amazon.in/Samsung-Stardust-Storage-6000mAh-Battery/dp/B0B4F2ZWL3/ref=sr_1_121?qid=1672895777&s=electronics&sr=1-121,1,61.26654420396957,0,-0.4360030592581716,-1.3212995364227413,segmento misto
B0B4F3QNDM,"Samsung Galaxy M13 5G (Aqua Green, 6GB, 128GB Storage) | 5000mAh Battery | Upto 12GB RAM with RAM Plus",Electronics|Mobiles&Accessories|Smartphones&BasicMobiles|Smartphones,Electronics,Mobiles&Accessories,13999.0,19499.0,28.0,4.1,18998.0,5500.0,luxury,medium,high,https://m.media-amazon.com/images/I/413sCRKobNL._SX300_SY300_QL70_ML2_.jpg,https://www.amazon.in/Samsung-Galaxy-Storage-5000mAh-Battery/dp/B0B4F3QNDM/ref=sr_1_68?qid=1672895762&s=electronics&sr=1-68,1,61.26654420396957,0,-0.44924269056658583,-1.4020322250458515,segmento misto
B0B4F2XCK3,"Samsung Galaxy M13 (Aqua Green, 6GB, 128GB Storage) | 6000mAh Battery | Upto 12GB RAM with RAM Plus",Electronics|Mobiles&Accessories|Smartphones&BasicMobiles|Smartphones,Electronics,Mobiles&Accessories,12999.0,17999.0,28.0,4.1,18998.0,5000.0,luxury,medium,high,https://m.media-amazon.com/images/I/41op1vdp-UL._SX300_SY300_QL70_ML2_.jpg,https://www.amazon.in/Samsung-Galaxy-Storage-6000mAh-Battery/dp/B0B4F2XCK3/ref=sr_1_32?qid=1672895755&s=electronics&sr=1-32,1,61.26654420396957,0,-0.4360030592581716,-1.3212995364227413,segmento misto
B083342NKJ,MI Braided USB Type-C Cable for Charging Adapter (Red),Computers&Accessories|Accessories&Peripherals|Cables&Accessories|Cables|USBCables,Computers&Accessories,Accessories&Peripherals,349.0,399.0,13.0,4.4,18757.0,50.0,budget,low,high,https://m.media-amazon.com/images/W/WEBP_402378-T1/images/I/31gaP7qpBNL._SX300_SY300_QL70_FMwebp_.jpg,https://www.amazon.in/Mi-Braided-USB-Type-C-Cable/dp/B083342NKJ/ref=sr_1_17?qid=1672909124&s=electronics&sr=1-17,3,61.23952738001266,0,-0.12640028799897463,-1.2577187936491645,segmento misto
B07S9M8YTY,"Usha Aurora 1000 W Dry Iron with Innovative Tail Light Indicator, Weilburger Soleplate (White & Grey)","Home&Kitchen|Kitchen&HomeAppliances|Vacuum,Cleaning&Ironing|Irons,Steamers&Accessories|Irons|DryIrons",Home&Kitchen,Kitchen&HomeAppliances,717.0,1390.0,48.0,4.0,4867.0,673.0,mid,medium,high,https://m.media-amazon.com/images/I/31W1xfnsOPL._SY300_SX300_QL70_FMwebp_.jpg,https://www.amazon.in/Usha-Aurora-Iron-1000-Light/dp/B07S9M8YTY/ref=sr_1_322?qid=1672923609&s=kitchen&sr=1-322,1,61.235829488765134,4,-0.20809249594750834,0.44841896177366997,barato com alto desconto
B07RD611Z8,"Ambrane 20000mAh Power Bank with 20W Fast Charging, Triple Output, Power Delivery, Type C Input, Made in India, Multi-Layer Protection, Li-Polymer + Type C Cable (Stylo-20k, Black)",Electronics|Mobiles&Accessories|MobileAccessories|Chargers|PowerBanks,Electronics,Mobiles&Accessories,1799.0,2499.0,28.0,4.1,18678.0,700.0,mid,medium,high,https://m.media-amazon.com/images/I/31RktQKvhoL._SX300_SY300_QL70_ML2_.jpg,https://www.amazon.in/Ambrane-20000mAh-Lithium-Polymer-Stylo-20K/dp/B07RD611Z8/ref=sr_1_86?qid=1672895770&s=electronics&sr=1-86,2,61.21644034511227,0,-0.294965383750851,-0.4160655328398981,segmento misto
B07B5XJ572,iBELL MPK120L Premium Stainless Steel Multi Purpose Kettle/Cooker with Inner Pot 1.2 Litre (Silver),Home&Kitchen|Kitchen&HomeAppliances|SmallKitchenAppliances|Kettles&HotWaterDispensers|ElectricKettles,Home&Kitchen,Kitchen&HomeAppliances,1456.0,3190.0,54.0,4.1,1776.0,1734.0,mid,high,high,https://m.media-amazon.com/images/I/41hBHbn0KFL._SX300_SY300_QL70_FMwebp_.jpg,https://www.amazon.in/iBELL-MPK120L-Stainless-Purpose-Kettle/dp/B07B5XJ572/ref=sr_1_437?qid=1672923614&s=kitchen&sr=1-437,1,61.19239107843055,4,-0.012839753058765863,0.3845744593699148,barato com alto desconto
B078JT7LTD,"Sujata Dynamix, Mixer Grinder, 900 Watts, 3 Jars (White)",Home&Kitchen|Kitchen&HomeAppliances|SmallKitchenAppliances|MixerGrinders,Home&Kitchen,Kitchen&HomeAppliances,6120.0,8073.0,24.0,4.6,2751.0,1953.0,premium,medium,high,https://m.media-amazon.com/images/I/415634DtKfL._SX300_SY300_QL70_FMwebp_.jpg,https://www.amazon.in/Sujata-Dynamix-900W-900-Watt-Mixer-Grinder/dp/B078JT7LTD/ref=sr_1_462?qid=1672923615&s=kitchen&sr=1-462,1,61.170509692330086,0,0.09129455937877401,-1.7313504601250742,segmento misto
B0832W3B7Q,Pigeon By Stovekraft ABS Plastic Acer Plus Induction Cooktop 1800 Watts With Feather Touch Control - Black,Home&Kitchen|Kitchen&HomeAppliances|SmallKitchenAppliances|InductionCooktop,Home&Kitchen,Kitchen&HomeAppliances,1799.0,3595.0,50.0,3.8,9791.0,1796.0,mid,medium,high,https://m.media-amazon.com/images/W/WEBP_402378-T2/images/I/41xXipZ7vjL._SX300_SY300_QL70_FMwebp_.jpg,https://www.amazon.in/Pigeon-Stovekraft-Acer-Plus-Induction/dp/B0832W3B7Q/ref=sr_1_55?qid=1672923593&s=kitchen&sr=1-55,1,61.16252768002307,1,-0.4148853743082321,0.763158704547953,segmento misto
B08K9PX15C,Zebronics Zeb Wonderbar 10 USB Powered 2.0 Computer Speaker with RGB Lights,Computers&Accessories|Accessories&Peripherals|Audio&VideoAccessories|PCSpeakers,Computers&Accessories,Accessories&Peripherals,849.0,1499.0,43.0,4.0,7352.0,650.0,mid,medium,high,https://m.media-amazon.com/images/W/WEBP_402378-T1/images/I/31ikDjsSOML._SX300_SY300_QL70_FMwebp_.jpg,https://www.amazon.in/Zebronics-Wonderbar-Powered-Computer-Speaker/dp/B08K9PX15C/ref=sr_1_285?qid=1672903008&s=computers&sr=1-285,1,61.12254701696689,0,-0.2803995821774153,0.2915729902635546,segmento misto
B06XPYRWV5,Pigeon by Stovekraft 2 Slice Auto Pop up Toaster. A Smart Bread Toaster for Your Home (750 Watt) (black),Home&Kitchen|Kitchen&HomeAppliances|SmallKitchenAppliances|Pop-upToasters,Home&Kitchen,Kitchen&HomeAppliances,1099.0,1795.0,39.0,4.2,4244.0,696.0,mid,medium,high,https://m.media-amazon.com/images/W/WEBP_402378-T1/images/I/31Sgt4ZRNXL._SX300_SY300_QL70_FMwebp_.jpg,https://www.amazon.in/Pigeon-2-Slice-Pop-up-Toaster-Black/dp/B06XPYRWV5/ref=sr_1_124?qid=1672923597&s=kitchen&sr=1-124,1,61.10495181923977,0,-0.11472455029591348,-0.19147452520929273,segmento misto
B01M5F614J,"Morphy Richards OFR Room Heater, 09 Fin 2000 Watts Oil Filled Room Heater , ISI Approved (OFR 9 Grey)","Home&Kitchen|Heating,Cooling&AirQuality|RoomHeaters",Home&Kitchen,"Heating,Cooling&AirQuality",6549.0,13999.0,53.0,4.0,2961.0,7450.0,premium,high,high,https://m.media-amazon.com/images/W/WEBP_402378-T1/images/I/31HzCDKv6ZL._SX300_SY300_QL70_FMwebp_.jpg,https://www.amazon.in/Morphy-Richards-OFR-09-2000-Watt/dp/B01M5F614J/ref=sr_1_29?qid=1672923591&s=kitchen&sr=1-29,1,61.100182517582965,4,-0.2286649634433904,0.12258611182005653,barato com alto desconto
B0B86CDHL1,"oraimo 65W Type C to C Fast Charging Cable USB C to USB C Cable High Speed Syncing, Nylon Braided 1M length with LED Indicator Compatible For Laptop, Macbook, Samsung Galaxy S22 S20 S10 S20Fe S21 S21 Ultra A70 A51 A71 A50S M31 M51 M31S M53 5G",Computers&Accessories|Accessories&Peripherals|Cables&Accessories|Cables|USBCables,Computers&Accessories,Accessories&Peripherals,349.0,899.0,61.0,4.5,149.0,550.0,budget,high,medium,https://m.media-amazon.com/images/I/41gztmbiIgL._SX300_SY300_QL70_FMwebp_.jpg,https://www.amazon.in/oraimo-Charging-Syncing-Indicator-Compatible/dp/B0B86CDHL1/ref=sr_1_79?qid=1672909128&s=electronics&sr=1-79,2,61.09578614190533,4,0.6421552005305841,-0.04738508884924636,barato com alto desconto
B076VQS87V,Syska SDI-07 1000 W Stellar with Golden American Heritage Soleplate Dry Iron (Blue),"Home&Kitchen|Kitchen&HomeAppliances|Vacuum,Cleaning&Ironing|Irons,Steamers&Accessories|Irons|DryIrons",Home&Kitchen,Kitchen&HomeAppliances,457.0,799.0,43.0,4.3,1868.0,342.0,budget,medium,high,https://m.media-amazon.com/images/W/WEBP_402378-T2/images/I/310sR2giQrL._SX300_SY300_QL70_FMwebp_.jpg,https://www.amazon.in/Syska-SDI-07-Stellar-Dry-Iron/dp/B076VQS87V/ref=sr_1_486_mod_primary_new?qid=1672923617&s=kitchen&sbo=RZvfv%2F%2FHxDF%2BO5021pAnSA%3D%3D&sr=1-486,1,61.082414605695625,0,0.07301797412238274,-0.2016237738266436,segmento misto
B0BLC2BYPX,"Zuvexa USB Rechargeable Electric Foam Maker - Handheld Milk Wand Mixer Frother for Hot Milk, Hand Blender Coffee, Egg Beater (Black)",Home&Kitchen|Kitchen&HomeAppliances|SmallKitchenAppliances|HandBlenders,Home&Kitchen,Kitchen&HomeAppliances,499.0,1299.0,62.0,4.7,54.0,800.0,budget,high,low,https://m.media-amazon.com/images/I/41714O1hnmS._SY300_SX300_QL70_FMwebp_.jpg,https://www.amazon.in/Zuvexa-Rechargeable-Electric-Foam-Maker/dp/B0BLC2BYPX/ref=sr_1_243?qid=1672923603&s=kitchen&sr=1-243,1,61.06903304014014,4,0.9259472397241044,-0.39188827467488363,barato com alto desconto
B0883KDSXC,USHA Armor AR1100WB 1100 W Dry Iron with Black Weilburger Soleplate (Purple),"Home&Kitchen|Kitchen&HomeAppliances|Vacuum,Cleaning&Ironing|Irons,Steamers&Accessories|Irons|DryIrons",Home&Kitchen,Kitchen&HomeAppliances,599.0,990.0,39.0,3.9,16166.0,391.0,mid,medium,high,https://m.media-amazon.com/images/W/WEBP_402378-T2/images/I/31WXnM9XIYL._SX300_SY300_QL70_FMwebp_.jpg,https://www.amazon.in/Armour-AR1100WB-1100-Watt-Soleplate-Purple/dp/B0883KDSXC/ref=sr_1_77?qid=1672923595&s=kitchen&sr=1-77,1,61.04929606972679,0,-0.39840652648288644,0.35523624639373863,segmento misto
B08ZHYNTM1,Havells Festiva 1200mm Dust Resistant Ceiling Fan (Gold Mist),"Home&Kitchen|Heating,Cooling&AirQuality|Fans|CeilingFans",Home&Kitchen,"Heating,Cooling&AirQuality",2899.0,4005.0,28.0,4.3,7140.0,1106.0,premium,medium,high,https://m.media-amazon.com/images/I/21954ou6hSL._SX300_SY300_QL70_FMwebp_.jpg,https://www.amazon.in/Havells-Festiva-1200mm-Resistant-Ceiling/dp/B08ZHYNTM1/ref=sr_1_342?qid=1672923610&s=kitchen&sr=1-342,1,61.04689199558171,0,-0.16899549489058946,-0.8316048998155982,segmento misto
B0B4F52B5X,"Samsung Galaxy M13 (Midnight Blue, 4GB, 64GB Storage) | 6000mAh Battery | Upto 8GB RAM with RAM Plus",Electronics|Mobiles&Accessories|Smartphones&BasicMobiles|Smartphones,Electronics,Mobiles&Accessories,10999.0,14999.0,27.0,4.1,18998.0,4000.0,luxury,medium,high,https://m.media-amazon.com/images/I/41Vj+8XWIQL._SY300_SX300_.jpg,https://www.amazon.in/Samsung-Midnight-Storage-6000mAh-Battery/dp/B0B4F52B5X/ref=sr_1_88?qid=1672895770&s=electronics&sr=1-88,1,61.00058675716107,0,-0.44806164404565485,-1.1871486931335151,segmento misto
B0B4F2TTTS,"Samsung Galaxy M13 (Aqua Green, 4GB, 64GB Storage) | 6000mAh Battery | Upto 8GB RAM with RAM Plus",Electronics|Mobiles&Accessories|Smartphones&BasicMobiles|Smartphones,Electronics,Mobiles&Accessories,10999.0,14999.0,27.0,4.1,18998.0,4000.0,luxury,medium,high,https://m.media-amazon.com/images/I/41op1vdp-UL._SX300_SY300_QL70_ML2_.jpg,https://www.amazon.in/Samsung-Galaxy-Storage-6000mAh-Battery/dp/B0B4F2TTTS/ref=sr_1_78?qid=1672895770&s=electronics&sr=1-78,1,61.00058675716107,0,-0.44806164404565485,-1.1871486931335151,segmento misto
B07NPBG1B4,"AmazonBasics High Speed 55 Watt Oscillating Pedestal Fan, 400mm Sweep Length, White (Without Remote)","Home&Kitchen|Heating,Cooling&AirQuality|Fans|PedestalFans",Home&Kitchen,"Heating,Cooling&AirQuality",1982.84,3300.0,40.0,4.1,5873.0,1317.16,mid,medium,high,https://m.media-amazon.com/images/I/418vOzm6DZL._SX300_SY300_QL70_FMwebp_.jpg,https://www.amazon.in/AmazonBasics-400mm-Pedestal-Remote-White/dp/B07NPBG1B4/ref=sr_1_477?qid=1672923615&s=kitchen&sr=1-477,1,60.99560043327742,0,-0.23692808496505005,-0.05922134462135419,segmento misto
B07TXCY3YK,"Butterfly Hero Mixer Grinder, 500W, 3 Jars (Grey)",Home&Kitchen|Kitchen&HomeAppliances|SmallKitchenAppliances|MixerGrinders,Home&Kitchen,Kitchen&HomeAppliances,2237.81,3899.0,43.0,3.9,11004.0,1661.19,premium,medium,high,https://m.media-amazon.com/images/W/WEBP_402378-T1/images/I/41buv8eJQtL._SX300_SY300_QL70_FMwebp_.jpg,https://www.amazon.in/Butterfly-Hero-500-Mixer-Grinder/dp/B07TXCY3YK/ref=sr_1_379?qid=1672923611&s=kitchen&sr=1-379,1,60.97862928371062,0,-0.4088112393371375,0.34941446008870536,segmento misto
B09MTLG4TP,"SAIELLIN Electric Lint Remover for Clothes Fabric Shaver Lint Shaver for Woolen Clothes Blanket Jackets Stainless Steel Blades, Clothes and Furniture Lint Roller for Fabrics Portable Lint Shavers (White Orange)","Home&Kitchen|Kitchen&HomeAppliances|Vacuum,Cleaning&Ironing|Irons,Steamers&Accessories|LintShavers",Home&Kitchen,Kitchen&HomeAppliances,453.0,999.0,55.0,4.3,610.0,546.0,budget,high,medium,https://m.media-amazon.com/images/I/41J7JQ+P7WL._SX300_SY300_.jpg,https://www.amazon.in/SAIELLIN-Clothes-Sweater-Defuzzer-Trimmer/dp/B09MTLG4TP/ref=sr_1_147?qid=1672923597&s=kitchen&sr=1-147,1,60.97602715660524,4,0.26022078387358816,0.1366395830655618,barato com alto desconto
B097R4D42G,"Bajaj New Shakti Neo 10L Vertical Storage Water Heater (Geyser 10 Litres) 4 Star BEE Rated Heater For Water Heating with Titanium Armour, Swirl Flow Technology, Glasslined Tank(White), 1 Yr Warranty","Home&Kitchen|Heating,Cooling&AirQuality|WaterHeaters&Geysers|StorageWaterHeaters",Home&Kitchen,"Heating,Cooling&AirQuality",4999.0,9650.0,48.0,4.2,1772.0,4651.0,premium,medium,high,https://m.media-amazon.com/images/I/31IR1G0S9cL._SX300_SY300_QL70_FMwebp_.jpg,https://www.amazon.in/Bajaj-Shakti-Heater-Multiple-Safety/dp/B097R4D42G/ref=sr_1_91?qid=1672923595&s=kitchen&sr=1-91,1,60.92333265837109,4,-0.049664613863701496,-0.24823849642497117,barato com alto desconto
B00SMJPA9C,"Bajaj DX-2 600W Dry Iron with Advance Soleplate and Anti-Bacterial German Coating Technology, Grey","Home&Kitchen|Kitchen&HomeAppliances|Vacuum,Cleaning&Ironing|Irons,Steamers&Accessories|Irons|DryIrons",Home&Kitchen,Kitchen&HomeAppliances,499.0,940.0,47.0,4.1,3036.0,441.0,budget,medium,high,https://m.media-amazon.com/images/W/WEBP_402378-T2/images/I/41+82+4rUCL._SX300_SY300_.jpg,https://www.amazon.in/Bajaj-DX-600-Watt-Light-Weight/dp/B00SMJPA9C/ref=sr_1_170?qid=1672923598&s=kitchen&sr=1-170,1,60.91152823502679,4,-0.13127788686023278,0.2638536904979774,barato com alto desconto
B0B1YZX72F,Acer 127 cm (50 inches) I Series 4K Ultra HD Android Smart LED TV AR50AR2851UDFL (Black),"Electronics|HomeTheater,TV&Video|Televisions|SmartTelevisions",Electronics,"HomeTheater,TV&Video",27999.0,40990.0,32.0,4.3,4703.0,12991.0,luxury,medium,high,https://m.media-amazon.com/images/W/WEBP_402378-T1/images/I/41imW51RweL._SY300_SX300_QL70_FMwebp_.jpg,https://www.amazon.in/Acer-inches-Ultra-Android-AR50AR2851UDFL/dp/B0B1YZX72F/ref=sr_1_95?qid=1672909128&s=electronics&sr=1-95,1,60.879426377881614,3,-0.4699771755716229,-2.739230784473446,premium bem avaliado
B0BC8BQ432,VU 164 cm (65 inches) The GloLED Series 4K Smart LED Google TV 65GloLED (Grey),"Electronics|HomeTheater,TV&Video|Televisions|SmartTelevisions",Electronics,"HomeTheater,TV&Video",54990.0,85000.0,35.0,4.3,3587.0,30010.0,luxury,medium,high,https://m.media-amazon.com/images/W/WEBP_402378-T2/images/I/41pdZIhY+gL._SY300_SX300_.jpg,https://www.amazon.in/VU-inches-GloLED-Google-65GloLED/dp/B0BC8BQ432/ref=sr_1_302?qid=1672909139&s=electronics&sr=1-302,1,60.878483087428,3,-0.7866593707751246,-4.8315256888674,premium bem avaliado
B0BMM7R92G,Noise_Colorfit Smart Watch Charger 2 Pin USB Fast Charger Magnetic Charging Cable Adapter (Smart Watch Charger 2 pin),Electronics|WearableTechnology|SmartWatches,Electronics,WearableTechnology,249.0,999.0,75.0,4.5,38.0,750.0,budget,high,low,https://m.media-amazon.com/images/I/21yMfxVmNuL._SX300_SY300_QL70_ML2_.jpg,https://www.amazon.in/Noise_Colorfit-Charger-Magnetic-Charging-Adapter/dp/B0BMM7R92G/ref=sr_1_354?qid=1672895850&s=electronics&sr=1-354,1,60.845811864652944,4,0.8656163807603784,0.351262365049781,barato com alto desconto
B08J7VCT12,"KENT 16068 Zoom Vacuum Cleaner for Home and Car 130 W | Cordless, Hoseless, Rechargeable HEPA Filters Vacuum Cleaner with Cyclonic Technology | Bagless Design and Multi Nozzle Operation | Blue","Home&Kitchen|Kitchen&HomeAppliances|Vacuum,Cleaning&Ironing|Vacuums&FloorCare|Vacuums|HandheldVacuums",Home&Kitchen,Kitchen&HomeAppliances,6999.0,14999.0,53.0,4.1,1728.0,8000.0,premium,high,high,https://m.media-amazon.com/images/I/31B24fjfiTL._SX300_SY300_QL70_FMwebp_.jpg,https://www.amazon.in/Kent-Zoom-Vacuum-Cleaner-16068/dp/B08J7VCT12/ref=sr_1_225?qid=1672923603&s=kitchen&sr=1-225,1,60.84566270622387,4,-0.13168259134192317,-0.0899424849918222,barato com alto desconto
B09JN37WBX,Lint Remover Woolen Clothes Lint Extractor Battery Lint Removing Machine Bhur Remover,"Home&Kitchen|Kitchen&HomeAppliances|Vacuum,Cleaning&Ironing|Irons,Steamers&Accessories|LintShavers",Home&Kitchen,Kitchen&HomeAppliances,319.0,749.0,57.0,4.6,124.0,430.0,budget,high,medium,https://m.media-amazon.com/images/W/WEBP_402378-T1/images/I/31g2BiAmVjL._SY300_SX300_QL70_FMwebp_.jpg,https://www.amazon.in/Remover-Clothes-Extractor-Battery-Removing/dp/B09JN37WBX/ref=sr_1_121?qid=1672923596&s=kitchen&sr=1-121,1,60.82750724315935,4,0.6872215122625063,-0.33600098474621287,barato com alto desconto
B0B217Z5VK,"Noise Buds VS402 Truly Wireless in Ear Earbuds, 35-Hours of Playtime, Instacharge, Quad Mic with ENC, Hyper Sync, Low Latency, 10mm Driver, Bluetooth v5.3 and Breathing LED Lights (Neon Black)","Electronics|Headphones,Earbuds&Accessories|Headphones|In-Ear",Electronics,"Headphones,Earbuds&Accessories",1799.0,3999.0,55.0,3.9,3517.0,2200.0,mid,high,high,https://m.media-amazon.com/images/W/WEBP_402378-T2/images/I/31ylgpMYDwL._SX300_SY300_QL70_FMwebp_.jpg,https://www.amazon.in/Noise-Wireless-Instacharge-Bluetooth-Breathing/dp/B0B217Z5VK/ref=sr_1_157?qid=1672903002&s=computers&sr=1-157,1,60.80618405966427,1,-0.284531732839448,0.7409937347874824,segmento misto
B0BK1K598K,"AGARO LR2007 Lint Remover, Rechargeable, for Woolen Sweaters, Blankets, Jackets, Burr Remover, Pill Remover From Carpets, Curtains","Home&Kitchen|Kitchen&HomeAppliances|Vacuum,Cleaning&Ironing|Irons,Steamers&Accessories|LintShavers",Home&Kitchen,Kitchen&HomeAppliances,678.0,1499.0,55.0,4.2,900.0,821.0,mid,high,medium,https://m.media-amazon.com/images/W/WEBP_402378-T1/images/I/4171TGwCHvL._SX300_SY300_QL70_FMwebp_.jpg,https://www.amazon.in/AGARO-Rechargeable-Sweaters-Blankets-Curtains/dp/B0BK1K598K/ref=sr_1_49_mod_primary_new?qid=1672923592&s=kitchen&sbo=RZvfv%2F%2FHxDF%2BO5021pAnSA%3D%3D&sr=1-49,1,60.788357386070246,4,0.10950403174323531,0.29828447651069884,barato com alto desconto
B07WGPKMP5,"iQOO Z6 44W by vivo (Raven Black, 6GB RAM, 128GB Storage) | 6.44"" FHD+ AMOLED Display | 50% Charge in just 27 mins | in-Display Fingerprint Scanning",Electronics|Mobiles&Accessories|Smartphones&BasicMobiles|Smartphones,Electronics,Mobiles&Accessories,15499.0,20999.0,26.0,4.1,19253.0,5500.0,luxury,medium,high,https://m.media-amazon.com/images/I/41Lif4YWC2L._SX300_SY300_QL70_ML2_.jpg,https://www.amazon.in/iQOO-Raven-Black-128GB-Storage/dp/B07WGPKMP5/ref=sr_1_175?qid=1672895799&s=electronics&sr=1-175,1,60.773955304424376,3,-0.5404513190593243,-1.578578240353104,premium bem avaliado
B07WHQWXL7,"iQOO Z6 44W by vivo (Lumina Blue, 6GB RAM, 128GB Storage) | 6.44"" FHD+ AMOLED Display | 50% Charge in just 27 mins | in-Display Fingerprint Scanning",Electronics|Mobiles&Accessories|Smartphones&BasicMobiles|Smartphones,Electronics,Mobiles&Accessories,15499.0,20999.0,26.0,4.1,19252.0,5500.0,luxury,medium,high,https://m.media-amazon.com/images/I/41iVkyHeTUL._SX300_SY300_QL70_ML2_.jpg,https://www.amazon.in/iQOO-Lumina-Blue-128GB-Storage/dp/B07WHQWXL7/ref=sr_1_107?qid=1672895777&s=electronics&sr=1-107,1,60.77380210437281,3,-0.5404736948240492,-1.5785750348592749,premium bem avaliado
B07T4D9FNY,"iBELL SEK15L Premium 1.5 Litre Stainless Steel Electric Kettle,1500W Auto Cut-Off Feature,Silver with Black",Home&Kitchen|Kitchen&HomeAppliances|SmallKitchenAppliances|Kettles&HotWaterDispensers|ElectricKettles,Home&Kitchen,Kitchen&HomeAppliances,664.0,1490.0,55.0,4.0,2198.0,826.0,mid,high,high,https://m.media-amazon.com/images/W/WEBP_402378-T1/images/I/415pqPUbDVL._SX300_SY300_QL70_FMwebp_.jpg,https://www.amazon.in/Premium-Stainless-Electric-Cut-Off-Feature/dp/B07T4D9FNY/ref=sr_1_199?qid=1672923601&s=kitchen&sr=1-199,1,60.75351256527601,4,-0.1513739875122872,0.6562773927121631,barato com alto desconto
B08WRKSF9D,"V-Guard Divino 5 Star Rated 15 Litre Storage Water Heater (Geyser) with Advanced Safety Features, White","Home&Kitchen|Heating,Cooling&AirQuality|WaterHeaters&Geysers|StorageWaterHeaters",Home&Kitchen,"Heating,Cooling&AirQuality",6499.0,8500.0,24.0,4.4,5865.0,2001.0,premium,medium,high,https://m.media-amazon.com/images/W/WEBP_402378-T1/images/I/31DXRMiRYLL._SX300_SY300_QL70_FMwebp_.jpg,https://www.amazon.in/V-Guard-Divino-Storage-15-Vertical/dp/B08WRKSF9D/ref=sr_1_201?qid=1672923601&s=kitchen&sr=1-201,1,60.73626133524596,0,-0.18808723870506022,-1.4095681960805517,segmento misto
B09XRBJ94N,"iBELL SM1301 3-in-1 Sandwich Maker with Detachable Plates for Toast / Waffle / Grill , 750 Watt (Black)",Home&Kitchen|Kitchen&HomeAppliances|SmallKitchenAppliances|SandwichMakers,Home&Kitchen,Kitchen&HomeAppliances,2092.0,4600.0,55.0,4.3,562.0,2508.0,premium,high,medium,https://m.media-amazon.com/images/I/41iHB-nmy8L._SX300_SY300_QL70_FMwebp_.jpg,https://www.amazon.in/SM1301-Sandwich-Detachable-Plates-Waffle/dp/B09XRBJ94N/ref=sr_1_300?qid=1672923607&s=kitchen&sr=1-300,1,60.73469571403326,4,0.21882344237242357,0.004934739186163142,barato com alto desconto
B008YW8M0G,"Bajaj DX-7 1000W Dry Iron with Advance Soleplate and Anti-bacterial German Coating Technology, White","Home&Kitchen|Kitchen&HomeAppliances|Vacuum,Cleaning&Ironing|Irons,Steamers&Accessories|Irons|DryIrons",Home&Kitchen,Kitchen&HomeAppliances,775.0,875.0,11.0,4.2,46647.0,100.0,mid,low,high,https://m.media-amazon.com/images/I/31DA6bcvbfL._SY300_SX300_QL70_FMwebp_.jpg,https://www.amazon.in/Bajaj-DX-1000-Watt-Dry-Iron/dp/B008YW8M0G/ref=sr_1_75?qid=1672923593&s=kitchen&sr=1-75,1,60.72809398943237,0,-0.19502256320121056,-1.0671800663984239,segmento misto
B07WHS7MZ1,"iQOO 9 SE 5G (Sunset Sierra, 8GB RAM, 128GB Storage) | Qualcomm Snapdragon 888 | 66W Flash Charge",Electronics|Mobiles&Accessories|Smartphones&BasicMobiles|Smartphones,Electronics,Mobiles&Accessories,29990.0,39990.0,25.0,4.3,8399.0,10000.0,luxury,medium,high,https://m.media-amazon.com/images/I/41UwKwpK40L._SX300_SY300_QL70_ML2_.jpg,https://www.amazon.in/iQOO-Sunset-Storage-Qualcomm-Snapdragon/dp/B07WHS7MZ1/ref=sr_1_336?qid=1672895842&s=electronics&sr=1-336,1,60.72797844850109,3,-0.5923421678312477,-3.105278570593069,premium bem avaliado
B08TTRVWKY,"MILTON Smart Egg Boiler 360-Watts (Transparent and Silver Grey), Boil Up to 7 Eggs",Home&Kitchen|Kitchen&HomeAppliances|SmallKitchenAppliances|EggBoilers,Home&Kitchen,Kitchen&HomeAppliances,1099.0,1899.0,42.0,4.3,1811.0,800.0,mid,medium,high,https://m.media-amazon.com/images/I/41yrqUum9EL._SY300_SX300_QL70_FMwebp_.jpg,https://www.amazon.in/MILTON-Smart-Egg-Boiler-Transparent/dp/B08TTRVWKY/ref=sr_1_197?qid=1672923601&s=kitchen&sr=1-197,1,60.72510004937378,0,0.018128322035394228,-0.2804227747466569,segmento misto
B09PL79D2X,"boAt Airdopes 181 in-Ear True Wireless Earbuds with ENx  Tech, Beast  Mode(Low Latency Upto 60ms) for Gaming, with Mic, ASAP  Charge, 20H Playtime, Bluetooth v5.2, IPX4 & IWP (Cool Grey)","Electronics|Headphones,Earbuds&Accessories|Headphones|In-Ear",Electronics,"Headphones,Earbuds&Accessories",1598.0,2990.0,47.0,3.8,11015.0,1392.0,mid,medium,high,https://m.media-amazon.com/images/I/314g1W9h2rL._SX300_SY300_QL70_FMwebp_.jpg,https://www.amazon.in/Airdopes-181-Playtime-Bluetooth-Wireless/dp/B09PL79D2X/ref=sr_1_116?qid=1672903000&s=computers&sr=1-116,1,60.7120725621708,1,-0.487722488841833,0.6932030024912681,segmento misto
B09T37CKQ5,"FLiX Usb Charger,Flix (Beetel) Bolt 2.4 Dual Poart,5V/2.4A/12W Usb Wall Charger Fast Charging,Adapter For Android/Iphone 11/Xs/Xs Max/Xr/X/8/7/6/Plus,Ipad Pro/Air 2/Mini 3/4,Samsung S4/S5 & More-Black",Electronics|Mobiles&Accessories|MobileAccessories|Chargers|WallChargers,Electronics,Mobiles&Accessories,239.0,599.0,60.0,3.9,2147.0,360.0,budget,high,high,https://m.media-amazon.com/images/I/31Iuz7jlfqL._SX300_SY300_QL70_ML2_.jpg,https://www.amazon.in/FLiX-Charger-Charging-Adapter-More-Black/dp/B09T37CKQ5/ref=sr_1_431?qid=1672895872&s=electronics&sr=1-431,1,60.68075165143443,4,-0.20096639469081237,1.0103607975654467,barato com alto desconto
B008QTK47Q,Philips GC1905 1440-Watt Steam Iron with Spray (Blue),"Home&Kitchen|Kitchen&HomeAppliances|Vacuum,Cleaning&Ironing|Irons,Steamers&Accessories|Irons|SteamIrons",Home&Kitchen,Kitchen&HomeAppliances,1614.0,1745.0,8.0,4.3,37974.0,131.0,mid,low,high,https://m.media-amazon.com/images/W/WEBP_402378-T1/images/I/41Xp77o+-YL._SX300_SY300_.jpg,https://www.amazon.in/Philips-GC1905-1440-Watt-Steam-Spray/dp/B008QTK47Q/ref=sr_1_47?qid=1672923592&s=kitchen&sr=1-47,1,60.65680869660584,0,-0.2164646392786516,-1.3733977840522487,segmento misto
B07KNM95JK,"Foxin FTC 12A / Q2612A Black Laser Toner Cartridge Compatible with Laserjet 1020,M1005,1018,1010,1012,1015,1020 Plus,1022,3015,3020,3030,3050, 3050Z, 3052,3055 (Black)","Computers&Accessories|Printers,Inks&Accessories|Inks,Toners&Cartridges|TonerCartridges",Computers&Accessories,"Printers,Inks&Accessories",598.0,1150.0,48.0,4.1,2535.0,552.0,mid,medium,high,https://m.media-amazon.com/images/I/41p7lk3nj6L._SX300_SY300_QL70_FMwebp_.jpg,https://www.amazon.in/Foxin-Toner-Cartridge-Q2612A-Laserjet/dp/B07KNM95JK/ref=sr_1_451?qid=1672903017&s=computers&sr=1-451,1,60.6457187486277,4,-0.14147799833047695,0.2856804149579378,barato com alto desconto
B09XX51X2G,"STRIFF Laptop Tabletop Stand, Fold-Up, Adjustable, Ventilated, Portable Holder for Desk, Aluminum Foldable Laptop Ergonomic Compatibility with up to 15.6-inch Laptop, All Mac, Tab, and Mobile (Silver)",Computers&Accessories|Accessories&Peripherals|LaptopAccessories|Lapdesks,Computers&Accessories,Accessories&Peripherals,449.0,999.0,55.0,4.0,2102.0,550.0,budget,high,high,https://m.media-amazon.com/images/I/319cuUVHCwL._SY300_SX300_QL70_FMwebp_.jpg,https://www.amazon.in/STRIFF-Adjustable-Ventilated-Ergonomic-Compatibility/dp/B09XX51X2G/ref=sr_1_105?qid=1672903000&s=computers&sr=1-105,1,60.62184720641326,4,-0.1599848658930193,0.6741736719373964,barato com alto desconto
B09HK9JH4F,"Smashtronics® - Case for Firetv Remote, Fire Stick Remote Cover Case, Silicone Cover for TV Firestick 4K/TV 2nd Gen(3rd Gen) Remote Control - Light Weight/Anti Slip/Shockproof (Black)","Electronics|HomeTheater,TV&Video|Accessories|RemoteControls",Electronics,"HomeTheater,TV&Video",199.0,399.0,50.0,4.2,1335.0,200.0,budget,medium,high,https://m.media-amazon.com/images/W/WEBP_402378-T2/images/I/31dENZ1gQVL._SX300_SY300_QL70_FMwebp_.jpg,https://www.amazon.in/Smashtronics%C2%AE-Silicone-Firestick-Control-Shockproof/dp/B09HK9JH4F/ref=sr_1_463?qid=1672909147&s=electronics&sr=1-463,1,60.62052101572617,4,0.020071531057775708,0.1968248456484739,barato com alto desconto
B09L835C3V,"Smashtronics® - Case for Firetv Remote, Fire Stick Remote Cover Case, Silicone Cover for TV Firestick 4K/TV 2nd Gen(3rd Gen) Remote Control - Light Weight/Anti Slip/Shockproof (Black)","Electronics|HomeTheater,TV&Video|Accessories|RemoteControls",Electronics,"HomeTheater,TV&Video",199.0,399.0,50.0,4.2,1335.0,200.0,budget,medium,high,https://m.media-amazon.com/images/W/WEBP_402378-T2/images/I/31dENZ1gQVL._SX300_SY300_QL70_FMwebp_.jpg,https://www.amazon.in/Smashtronics%C2%AE-Silicone-Firestick-Control-Shockproof/dp/B09L835C3V/ref=sr_1_276?qid=1672909138&s=electronics&sr=1-276,1,60.62052101572617,4,0.020071531057775708,0.1968248456484739,barato com alto desconto
B0B1YZ9CB8,Acer 139 cm (55 inches) I Series 4K Ultra HD Android Smart LED TV AR55AR2851UDFL (Black),"Electronics|HomeTheater,TV&Video|Televisions|SmartTelevisions",Electronics,"HomeTheater,TV&Video",32999.0,47990.0,31.0,4.3,4703.0,14991.0,luxury,medium,high,https://m.media-amazon.com/images/W/WEBP_402378-T2/images/I/41ECCMs7tjL._SY300_SX300_QL70_FMwebp_.jpg,https://www.amazon.in/Acer-inches-Ultra-Android-AR55AR2851UDFL/dp/B0B1YZ9CB8/ref=sr_1_191?qid=1672909133&s=electronics&sr=1-191,1,60.61346893107312,3,-0.574713179518004,-3.170208761545989,premium bem avaliado
B0B1YY6JJL,Acer 109 cm (43 inches) I Series 4K Ultra HD Android Smart LED TV AR43AR2851UDFL (Black),"Electronics|HomeTheater,TV&Video|Televisions|SmartTelevisions",Electronics,"HomeTheater,TV&Video",23999.0,34990.0,31.0,4.3,4703.0,10991.0,luxury,medium,high,https://m.media-amazon.com/images/W/WEBP_402378-T1/images/I/417QOjrqyBL._SY300_SX300_QL70_FMwebp_.jpg,https://www.amazon.in/Acer-inches-Ultra-Android-AR43AR2851UDFL/dp/B0B1YY6JJL/ref=sr_1_146?qid=1672909131&s=electronics&sr=1-146,1,60.61346893107312,3,-0.45555649774227663,-2.443614563937999,premium bem avaliado
B08CZHGHKH,BESTOR® LCD Writing Tablet/pad 12 inches | Electronic Writing Scribble Board for Kids | Kids Learning Toy | Portable Ruff for LCD Paperless Memo Digital Tablet Notepad E-Writer/Writing/Drawing Pad Home/School/Office (Black),"Computers&Accessories|Accessories&Peripherals|Keyboards,Mice&InputDevices|GraphicTablets",Computers&Accessories,Accessories&Peripherals,499.0,1399.0,64.0,3.9,1462.0,900.0,budget,high,high,https://m.media-amazon.com/images/W/WEBP_402378-T2/images/I/41sK3J5ZQIL._SX300_SY300_QL70_FMwebp_.jpg,https://www.amazon.in/Bestor-Portable-Paperless-Digital-Writing/dp/B08CZHGHKH/ref=sr_1_491?qid=1672903019&s=computers&sr=1-491,1,60.61177901323224,4,-0.14739761996808132,1.1028544979318158,barato com alto desconto
B09C635BMM,Cotbolt Silicone Case Cover Compatible for Samsung BN59-01312A QLED 8K 4K Smart TV Remote Shockproof Protective Remote Cover (Black),"Electronics|HomeTheater,TV&Video|Accessories|RemoteControls",Electronics,"HomeTheater,TV&Video",349.0,999.0,65.0,4.0,839.0,650.0,budget,high,medium,https://m.media-amazon.com/images/W/WEBP_402378-T1/images/I/413aXXtr4CL._SX300_SY300_QL70_FMwebp_.jpg,https://www.amazon.in/Cotbolt-Compatible-BN59-01312A-Shockproof-Protective/dp/B09C635BMM/ref=sr_1_224?qid=1672909135&s=electronics&sr=1-224,1,60.57448569251758,4,-0.001601510469412511,0.9644055465994298,barato com alto desconto
B08CNLYKW5,"Lifelong Power - Pro 500 Watt 3 Jar Mixer Grinder with 3 Speed Control and 1100 Watt Dry Non-Stick soleplate Iron Super Combo (White and Grey, 1 Year Warranty)",Home&Kitchen|Kitchen&HomeAppliances|SmallKitchenAppliances|MixerGrinders,Home&Kitchen,Kitchen&HomeAppliances,1699.0,3398.0,50.0,3.8,7988.0,1699.0,mid,medium,high,https://m.media-amazon.com/images/W/WEBP_402378-T1/images/I/41q7gsgB+gL._SY300_SX300_.jpg,https://www.amazon.in/Lifelong-PowerPro-Mixer-Grinder-Super/dp/B08CNLYKW5/ref=sr_1_277?qid=1672923606&s=kitchen&sr=1-277,1,60.56227612717655,1,-0.47969634566625524,0.7776515287279843,segmento misto
B00935MGHS,"Prestige PSMFB 800 Watt Sandwich Toaster with Fixed Plates, Black",Home&Kitchen|Kitchen&HomeAppliances|SmallKitchenAppliances|SandwichMakers,Home&Kitchen,Kitchen&HomeAppliances,1199.0,1795.0,33.0,4.2,5967.0,596.0,mid,medium,high,https://m.media-amazon.com/images/I/4108k4zDdOL._SY300_SX300_QL70_FMwebp_.jpg,https://www.amazon.in/Prestige-PSMFB-Sandwich-Toaster-Plates/dp/B00935MGHS/ref=sr_1_436?qid=1672923614&s=kitchen&sr=1-436,1,60.51406016787124,0,-0.249750805669705,-0.3704215190985454,segmento misto
B0B61HYR92,"Lapster usb 2.0 mantra cable, mantra mfs 100 data cable (black)",Computers&Accessories|Accessories&Peripherals|Cables&Accessories|Cables|USBCables,Computers&Accessories,Accessories&Peripherals,199.0,999.0,80.0,4.2,85.0,800.0,budget,high,low,https://m.media-amazon.com/images/W/WEBP_402378-T2/images/I/41wgqEfJy3L._SX300_SY300_QL70_FMwebp_.jpg,https://www.amazon.in/Lapster-mantra-cable-data-black/dp/B0B61HYR92/ref=sr_1_371?qid=1672909143&s=electronics&sr=1-371,1,60.50812986329825,4,0.5194646329718731,1.035871591746758,barato com alto desconto
B086X18Q71,Usha Janome Dream Stitch Automatic Zig-Zag Electric Sewing Machine with 14 Stitch Function (White and Blue) with Free Sewing KIT Worth RS 500,Home&Kitchen|Kitchen&HomeAppliances|SewingMachines&Accessories|Sewing&EmbroideryMachines,Home&Kitchen,Kitchen&HomeAppliances,9799.0,12150.0,19.0,4.3,13251.0,2351.0,premium,low,high,https://m.media-amazon.com/images/W/WEBP_402378-T1/images/I/417iICYt3IL._SX300_SY300_QL70_FMwebp_.jpg,https://www.amazon.in/Usha-Janome-Dream-Stitch-Automatic/dp/B086X18Q71/ref=sr_1_259?qid=1672923605&s=kitchen&sr=1-259,1,60.47702285428736,0,-0.39980703033932696,-1.655833164242975,segmento misto
B00GGGOYEK,Storite USB 2.0 A to Mini 5 pin B Cable for External HDDS/Camera/Card Readers 35cm,Computers&Accessories|Accessories&Peripherals|Cables&Accessories|Cables|USBCables,Computers&Accessories,Accessories&Peripherals,259.0,699.0,63.0,3.8,2399.0,440.0,budget,high,high,https://m.media-amazon.com/images/W/WEBP_402378-T2/images/I/41oK+rXtssS._SY300_SX300_.jpg,https://www.amazon.in/Storite%C2%AE-USB-2-0-Mini-0-88feet/dp/B00GGGOYEK/ref=sr_1_222?qid=1672909135&s=electronics&sr=1-222,1,60.472498515769104,1,-0.2988876586381652,1.272226473406245,segmento misto
B07KR5P3YD,Zebronics Wired Keyboard and Mouse Combo with 104 Keys and a USB Mouse with 1200 DPI - JUDWAA 750,"Computers&Accessories|Accessories&Peripherals|Keyboards,Mice&InputDevices|Keyboard&MouseSets",Computers&Accessories,Accessories&Peripherals,448.0,699.0,36.0,3.9,17348.0,251.0,budget,medium,high,https://m.media-amazon.com/images/I/3164hjUSFdL._SX300_SY300_QL70_FMwebp_.jpg,https://www.amazon.in/Zebronics-Zeb-JUDWAA-750-Wired-Keyboard/dp/B07KR5P3YD/ref=sr_1_141?qid=1672903001&s=computers&sr=1-141,1,60.45955821224622,0,-0.4834195151882972,0.28164095179028026,segmento misto
B07YWS9SP9,"Zebronics, ZEB-NC3300 USB Powered Laptop Cooling Pad with Dual Fan, Dual USB Port and Blue LED Lights",Computers&Accessories|Accessories&Peripherals|LaptopAccessories|CoolingPads,Computers&Accessories,Accessories&Peripherals,599.0,999.0,40.0,4.0,7601.0,400.0,mid,medium,high,https://m.media-amazon.com/images/I/31yI+SWuRzL._SY300_SX300_.jpg,https://www.amazon.in/Zebronics-ZEB-NC3300-Powered-Laptop-Cooling/dp/B07YWS9SP9/ref=sr_1_326?qid=1672903011&s=computers&sr=1-326,1,60.42290637715012,0,-0.38234917321694306,0.22889570879543628,segmento misto
B09VC2D2WG,"Portronics Ruffpad 12E Re-Writable LCD Writing Pad with 30.4cm (12 inch) Writing Area, Single Tap Erase, Smart Lock, Long Battery Life, India's first notepad to save and share your child's first creatives via Ruffpad app on your Smartphone(Black)","Computers&Accessories|Accessories&Peripherals|Keyboards,Mice&InputDevices|GraphicTablets",Computers&Accessories,Accessories&Peripherals,469.0,1499.0,69.0,4.1,352.0,1030.0,budget,high,medium,https://m.media-amazon.com/images/W/WEBP_402378-T2/images/I/41t4-FpawsL._SX300_SY300_QL70_FMwebp_.jpg,https://www.amazon.in/Portronics-Ruffpad-Re-Writable-Writing-Battery/dp/B09VC2D2WG/ref=sr_1_283?qid=1672903008&s=computers&sr=1-283,1,60.414508530541845,4,0.18434616367694817,0.8875259248569096,barato com alto desconto
B07VVXJ2P5,SVM Products Unbreakable Set Top Box Stand with Dual Remote Holder (Black),"Electronics|HomeTheater,TV&Video|Accessories|TVMounts,Stands&Turntables|TVWall&CeilingMounts",Electronics,"HomeTheater,TV&Video",96.0,399.0,76.0,3.6,1796.0,303.0,budget,high,high,https://m.media-amazon.com/images/I/41QvckgGiCL._SY300_SX300_QL70_FMwebp_.jpg,https://www.amazon.in/SVM-Products-Premium-Quality-Unbreakable/dp/B07VVXJ2P5/ref=sr_1_300?qid=1672909139&s=electronics&sr=1-300,1,60.40980075393938,1,-0.3535701361679008,2.009740284446658,segmento misto
B08JV91JTK,JM SELLER 180 W 2021 Edition Electric Beater High Speed Hand Mixer Egg Beater for Cake Making and Whipping Cream with 7 Speed Control (White) with Free Spatula and Oil Brush,Home&Kitchen|Kitchen&HomeAppliances|SmallKitchenAppliances|HandMixers,Home&Kitchen,Kitchen&HomeAppliances,474.0,1299.0,64.0,4.1,550.0,825.0,budget,high,medium,https://m.media-amazon.com/images/W/WEBP_402378-T1/images/I/41V4DpKc7sL._SX300_SY300_QL70_FMwebp_.jpg,https://www.amazon.in/JM-SELLER-Electric-Beater-180-Watt/dp/B08JV91JTK/ref=sr_1_215?qid=1672923601&s=kitchen&sr=1-215,1,60.39809666926224,4,0.09814529358111145,0.7473805518025072,barato com alto desconto
B09LHYZ3GJ,"Redmi Note 11T 5G (Matte Black, 6GB RAM, 128GB ROM)| Dimensity 810 5G | 33W Pro Fast Charging | Charger Included | Additional Exchange Offers|Get 2 Months of YouTube Premium Free!",Electronics|Mobiles&Accessories|Smartphones&BasicMobiles|Smartphones,Electronics,Mobiles&Accessories,16999.0,20999.0,19.0,4.1,31822.0,4000.0,luxury,low,high,https://m.media-amazon.com/images/I/41iec5VPMlL._SX300_SY300_QL70_ML2_.jpg,https://www.amazon.in/Redmi-Note-11T-5G-Dimensity/dp/B09LHYZ3GJ/ref=sr_1_196?qid=1672895806&s=electronics&sr=1-196,1,60.39435875545935,3,-0.584132534019897,-1.9302928987395624,premium bem avaliado
B09LHZSMRR,"Redmi Note 11T 5G (Stardust White, 6GB RAM, 128GB ROM)| Dimensity 810 5G | 33W Pro Fast Charging | Charger Included | Additional Exchange Offers|Get 2 Months of YouTube Premium Free!",Electronics|Mobiles&Accessories|Smartphones&BasicMobiles|Smartphones,Electronics,Mobiles&Accessories,16999.0,20999.0,19.0,4.1,31822.0,4000.0,luxury,low,high,https://m.media-amazon.com/images/I/41sJ50FH9OL._SX300_SY300_QL70_ML2_.jpg,https://www.amazon.in/Redmi-Note-11T-5G-Dimensity/dp/B09LHZSMRR/ref=sr_1_297?qid=1672895835&s=electronics&sr=1-297,1,60.39435875545935,3,-0.584132534019897,-1.9302928987395624,premium bem avaliado
B09LJ116B5,"Redmi Note 11T 5G (Aquamarine Blue, 6GB RAM, 128GB ROM)| Dimensity 810 5G | 33W Pro Fast Charging | Charger Included | Additional Exchange Offers| Get 2 Months of YouTube Premium Free!",Electronics|Mobiles&Accessories|Smartphones&BasicMobiles|Smartphones,Electronics,Mobiles&Accessories,16999.0,20999.0,19.0,4.1,31822.0,4000.0,luxury,low,high,https://m.media-amazon.com/images/I/417k0DCw0GL._SX300_SY300_QL70_ML2_.jpg,https://www.amazon.in/Redmi-Note-11T-5G-Aquamarine/dp/B09LJ116B5/ref=sr_1_221?qid=1672895814&s=electronics&sr=1-221,1,60.39435875545935,3,-0.584132534019897,-1.9302928987395624,premium bem avaliado
B08VJFYH6N,"BAJAJ PYGMY MINI 110 MM 10 W HIGH SPEED OPERATION, USB CHARGING, MULTI-CLIP FUNCTION PERSONAL FAN","Home&Kitchen|Heating,Cooling&AirQuality|Fans|TableFans",Home&Kitchen,"Heating,Cooling&AirQuality",948.0,1620.0,41.0,4.1,4370.0,672.0,mid,medium,high,https://m.media-amazon.com/images/I/51OQUmSwngL._SX300_SY300_QL70_FMwebp_.jpg,https://www.amazon.in/OPERATION-CHARGING-MULTI-CLIP-FUNCTION-PERSONAL/dp/B08VJFYH6N/ref=sr_1_279?qid=1672923606&s=kitchen&sr=1-279,1,60.389810255942166,0,-0.26937957226849396,0.05772357302505866,segmento misto
B0758F7KK7,"Caprigo Heavy Duty TV Wall Mount Bracket for 14 to 32 Inch LED/HD/Smart TV’s, Universal Fixed TV Wall Mount Stand (M452)","Electronics|HomeTheater,TV&Video|Accessories|TVMounts,Stands&Turntables|TVWall&CeilingMounts",Electronics,"HomeTheater,TV&Video",399.0,999.0,60.0,4.0,1236.0,600.0,budget,high,high,https://m.media-amazon.com/images/I/41js3ITzVHL._SY300_SX300_QL70_FMwebp_.jpg,https://www.amazon.in/Maxicom-B-28-Universal-Bracket-inches/dp/B0758F7KK7/ref=sr_1_274?qid=1672909138&s=electronics&sr=1-274,1,60.3863333540521,4,-0.1000417393865216,0.8203887624867934,barato com alto desconto
B015ZXUDD0,"Duracell Rechargeable AA 1300mAh Batteries, 4Pcs",Electronics|GeneralPurposeBatteries&BatteryChargers|RechargeableBatteries,Electronics,GeneralPurposeBatteries&BatteryChargers,479.0,599.0,20.0,4.3,11687.0,120.0,budget,medium,high,https://m.media-amazon.com/images/I/51pZRhR1wWL._SX300_SY300_QL70_FMwebp_.jpg,https://www.amazon.in/Duracell-5000174-Rechargeable-Batteries-Green/dp/B015ZXUDD0/ref=sr_1_114?qid=1672903000&s=computers&sr=1-114,1,60.37254772514865,0,-0.28328479192941436,-0.8708181601370186,segmento misto
B09VKWGZD7,"AGARO Supreme High Pressure Washer, 1800 Watts, 120 Bars, 6.5L/Min Flow Rate, 8 Meters Outlet Hose, Portable, for Car,Bike and Home Cleaning Purpose, Black and Orange","Home&Kitchen|Kitchen&HomeAppliances|Vacuum,Cleaning&Ironing|PressureWashers,Steam&WindowCleaners",Home&Kitchen,Kitchen&HomeAppliances,4789.0,8990.0,47.0,4.3,1017.0,4201.0,premium,medium,high,https://m.media-amazon.com/images/W/WEBP_402378-T1/images/I/416t5HILjUL._SX300_SY300_QL70_FMwebp_.jpg,https://www.amazon.in/Supreme-Pressure-Portable-Cleaning-Purpose/dp/B09VKWGZD7/ref=sr_1_102?qid=1672923596&s=kitchen&sr=1-102,1,60.354152171275054,0,0.018508394354789588,-0.4360894286215005,segmento misto
B08498H13H,"HP GK320 Wired Full Size RGB Backlight Mechanical Gaming Keyboard, 4 LED Indicators, Mechanical Switches, Double Injection Key Caps, and Windows Lock Key(4QN01AA)",Computers&Accessories|Accessories&Peripherals|PCGamingPeripherals|GamingKeyboards,Computers&Accessories,Accessories&Peripherals,1519.0,3499.0,57.0,4.3,408.0,1980.0,mid,high,medium,https://m.media-amazon.com/images/W/WEBP_402378-T1/images/I/414js-21FqL._SX300_SY300_QL70_FMwebp_.jpg,https://www.amazon.in/HP-GK320-Gaming-Keyboard-4QN01AA/dp/B08498H13H/ref=sr_1_469?qid=1672903018&s=computers&sr=1-469,1,60.32401135547205,4,0.22689093462393892,0.10813256826190107,barato com alto desconto
B072J83V9W,Philips PowerPro FC9352/01 Compact Bagless Vacuum Cleaner (Blue),"Home&Kitchen|Kitchen&HomeAppliances|Vacuum,Cleaning&Ironing|Vacuums&FloorCare|Vacuums|CanisterVacuums",Home&Kitchen,Kitchen&HomeAppliances,8999.0,9995.0,10.0,4.4,17994.0,996.0,premium,low,high,https://m.media-amazon.com/images/I/41xQDop2T5L._SX300_SY300_QL70_FMwebp_.jpg,https://www.amazon.in/Philips-PowerPro-FC9352-01-Compact/dp/B072J83V9W/ref=sr_1_146?qid=1672923597&s=kitchen&sr=1-146,1,60.319167265347794,0,-0.3740547758544665,-2.03554330644904,segmento misto
B00NM6MO26,Prestige PIC 16.0+ 1900W Induction Cooktop with Soft Touch Push Buttons (Black),Home&Kitchen|Kitchen&HomeAppliances|SmallKitchenAppliances|InductionCooktop,Home&Kitchen,Kitchen&HomeAppliances,2698.0,3945.0,32.0,4.0,15034.0,1247.0,premium,medium,high,https://m.media-amazon.com/images/I/418WkmFOaTL._SX300_SY300_QL70_FMwebp_.jpg,https://www.amazon.in/Prestige-1900-Induction-Cooktop-button/dp/B00NM6MO26/ref=sr_1_173?qid=1672923600&s=kitchen&sr=1-173,1,60.30680924412205,0,-0.4826499481918114,-0.18462897856988444,segmento misto
B088Z1YWBC,"EGate i9 Pro-Max 1080p Native Full HD Projector 4k Support | 3600 L (330 ANSI ) | 150"" (381 cm) Large Screen | VGA, AV, HDMI, SD Card, USB, Audio Out | (E03i31 / E04i32) Black","Electronics|HomeTheater,TV&Video|Projectors",Electronics,"HomeTheater,TV&Video",9490.0,15990.0,41.0,3.9,10480.0,6500.0,premium,medium,high,https://m.media-amazon.com/images/W/WEBP_402378-T1/images/I/51DhRNtyo0L._SX300_SY300_QL70_FMwebp_.jpg,https://www.amazon.in/Support-Display-Projector-Connectivity-E03i31/dp/B088Z1YWBC/ref=sr_1_176?qid=1672909133&s=electronics&sr=1-176,1,60.30281450856945,0,-0.5986922562048125,-0.28889805354546033,segmento misto
B00PVT30YI,"Kitchen Mart Stainless Steel South Indian Filter Coffee Drip Maker, Madras Kappi, Drip Decotion Maker160ml (2 Cup)","Home&Kitchen|Kitchen&HomeAppliances|Coffee,Tea&Espresso|DripCoffeeMachines",Home&Kitchen,Kitchen&HomeAppliances,292.0,499.0,41.0,4.1,4238.0,207.0,budget,medium,high,https://m.media-amazon.com/images/W/WEBP_402378-T1/images/I/31hwosM2Q1L._SX300_SY300_QL70_FMwebp_.jpg,https://www.amazon.in/Kitchen-Stainless-Indian-Filter-Coffee/dp/B00PVT30YI/ref=sr_1_128?qid=1672923597&s=kitchen&sr=1-128,1,60.29936133188005,0,-0.26923767959577655,0.11124605817853134,segmento misto
B07GLS2563,"Cello Quick Boil Popular Electric Kettle 1 Litre 1200 Watts | Stainless Steel body | Boiler for Water, Silver",Home&Kitchen|Kitchen&HomeAppliances|SmallKitchenAppliances|Kettles&HotWaterDispensers|Kettle&ToasterSets,Home&Kitchen,Kitchen&HomeAppliances,1199.0,1899.0,37.0,4.2,3858.0,700.0,mid,medium,high,https://m.media-amazon.com/images/I/41XXDlWCBDL._SX300_SY300_QL70_FMwebp_.jpg,https://www.amazon.in/cello-Stainless-Electric-Kettle-Silver/dp/B07GLS2563/ref=sr_1_440?qid=1672923614&s=kitchen&sr=1-440,1,60.29183698869044,0,-0.2194365732476508,-0.25250090391481245,segmento misto
B01N4EV2TL,"Logitech MK240 Nano Wireless USB Keyboard and Mouse Set, 12 Function Keys 2.4GHz Wireless, 1000DPI, Spill-Resistant Design, PC/Mac, Black/Chartreuse Yellow","Computers&Accessories|Accessories&Peripherals|Keyboards,Mice&InputDevices|Keyboard&MouseSets",Computers&Accessories,Accessories&Peripherals,1495.0,1995.0,25.0,4.3,7241.0,500.0,mid,medium,high,https://m.media-amazon.com/images/I/41tLaG2nSpL._SX300_SY300_QL70_FMwebp_.jpg,https://www.amazon.in/Logitech-MK240-NANO-Mouse-Keyboard/dp/B01N4EV2TL/ref=sr_1_166?qid=1672903002&s=computers&sr=1-166,1,60.29044609655936,0,-0.2616948854792234,-0.8005748263478392,segmento misto
B096NTB9XT,"Aquaguard Aura RO+UV+UF+Taste Adjuster(MTDS) with Active Copper & Zinc 7L water purifier,8 stages of purification,suitable for borewell,tanker,municipal water(Black) from Eureka Forbes",Home&Kitchen|Kitchen&HomeAppliances|WaterPurifiers&Accessories|WaterFilters&Purifiers,Home&Kitchen,Kitchen&HomeAppliances,15999.0,24500.0,35.0,4.0,11206.0,8501.0,luxury,medium,high,https://m.media-amazon.com/images/I/31TnmukIucL._SX300_SY300_QL70_FMwebp_.jpg,https://www.amazon.in/Eureka-Forbes-Aquaguard-boiling-Technology/dp/B096NTB9XT/ref=sr_1_346?qid=1672923610&s=kitchen&sr=1-346,1,60.23795360438108,3,-0.6511000106384325,-1.1636866130154675,premium bem avaliado
B0B8ZM9RVV,"Zuvexa Egg Boiler Poacher Automatic Off Steaming, Cooking, Boiling Double Layer 14 Egg Boiler (Multicolor)…",Home&Kitchen|Kitchen&HomeAppliances|SmallKitchenAppliances|EggBoilers,Home&Kitchen,Kitchen&HomeAppliances,419.0,999.0,58.0,4.4,227.0,580.0,budget,high,medium,https://m.media-amazon.com/images/W/WEBP_402378-T1/images/I/31RZz5dsEVL._SX300_SY300_QL70_FMwebp_.jpg,https://www.amazon.in/Zuvexa-Poacher-Automatic-Steaming-Multicolor/dp/B0B8ZM9RVV/ref=sr_1_340?qid=1672923610&s=kitchen&sr=1-340,1,60.19962404457058,4,0.3828327513950087,0.04526863103912189,barato com alto desconto
B07QZ3CZ48,"boAt BassHeads 122 Wired Earphones with Heavy Bass, Integrated Controls and Mic (Gun Metal)","Electronics|Headphones,Earbuds&Accessories|Headphones|In-Ear",Electronics,"Headphones,Earbuds&Accessories",399.0,1290.0,69.0,4.2,206.0,891.0,budget,high,medium,https://m.media-amazon.com/images/I/41dNRo8Hu8L._SX300_SY300_QL70_FMwebp_.jpg,https://www.amazon.in/BassHeads-122-Earphones-Tangle-Straight/dp/B07QZ3CZ48/ref=sr_1_39?qid=1672902996&s=computers&sr=1-39,1,60.17347518449184,4,0.3003541688395094,0.7137962533685339,barato com alto desconto
B078WB1VWJ,"Usha EI 3710 Heavy Weight 1000-Watt Dry Iron with Golden American Heritage Soleplate, 1.75 Kg(White)","Home&Kitchen|Kitchen&HomeAppliances|Vacuum,Cleaning&Ironing|Irons,Steamers&Accessories|Irons|DryIrons",Home&Kitchen,Kitchen&HomeAppliances,1110.0,1599.0,31.0,4.3,4022.0,489.0,mid,medium,high,https://m.media-amazon.com/images/W/WEBP_402378-T1/images/I/31gRT7Gvw7L._SY300_SX300_QL70_FMwebp_.jpg,https://www.amazon.in/Usha-Electric-EI3710-1000W-Golden/dp/B078WB1VWJ/ref=sr_1_418?qid=1672923613&s=kitchen&sr=1-418,1,60.15218898189354,0,-0.19616409105369503,-0.5928360392247942,segmento misto
B09NL4DCXK,"Flix (Beetel) Bolt 2.4 12W Dual USB Smart Charger, Made in India, Bis Certified, Fast Charging Power Adaptor with 1 Meter USB to Type C Cable for Cellular Phones (White)(Xwc-64D)",Electronics|Mobiles&Accessories|MobileAccessories|Chargers|WallChargers,Electronics,Mobiles&Accessories,249.0,599.0,58.0,3.9,2147.0,350.0,budget,high,high,https://m.media-amazon.com/images/I/31efS1bi1vL._SX300_SY300_QL70_ML2_.jpg,https://www.amazon.in/Charger-Certified-Charging-Adaptor-Cellular/dp/B09NL4DCXK/ref=sr_1_246?qid=1672895821&s=electronics&sr=1-246,1,60.148836757817406,1,-0.27817448581252013,0.9549244027652289,segmento misto
B09M8888DM,Portronics MPORT 31 4 Ports USB Hub (USB A to 4 USB-A Ports 4 in 1 Connector USB HUB(Grey),Computers&Accessories|Accessories&Peripherals|USBHubs,Computers&Accessories,Accessories&Peripherals,499.0,799.0,38.0,4.3,2125.0,300.0,budget,medium,high,https://m.media-amazon.com/images/W/WEBP_402378-T2/images/I/21UKIwf0IVL._SX300_SY300_QL70_FMwebp_.jpg,https://www.amazon.in/Portronics-MPORT-Ports-USB-Connector/dp/B09M8888DM/ref=sr_1_231?qid=1672903006&s=computers&sr=1-231,1,60.13265494470589,0,-0.08736218774280416,-0.34308391387309994,segmento misto
B071R3LHFM,"Wonderchef Nutri-blend Mixer, Grinder & Blender | Powerful 400W 22000 RPM motor | Stainless steel Blades | 3 unbreakable jars | 2 Years warranty | Online recipe book by Chef Sanjeev Kapoor | Black",Home&Kitchen|Kitchen&HomeAppliances|SmallKitchenAppliances|MixerGrinders,Home&Kitchen,Kitchen&HomeAppliances,2899.0,5500.0,47.0,3.8,8958.0,2601.0,premium,medium,high,https://m.media-amazon.com/images/I/51i84+E-LgL._SY300_SX300_.jpg,https://www.amazon.in/Wonderchef-Nutri-Blend-63152293-400-Watt-Grinder/dp/B071R3LHFM/ref=sr_1_255?qid=1672923605&s=kitchen&sr=1-255,1,60.102411614942255,1,-0.5744172928374733,0.5953452481677031,segmento misto
B085CZ3SR1,Mi 10W Wall Charger for Mobile Phones with Micro USB Cable (Black),Electronics|Mobiles&Accessories|MobileAccessories|Chargers|WallChargers,Electronics,Mobiles&Accessories,499.0,599.0,17.0,4.2,21916.0,100.0,budget,low,high,https://m.media-amazon.com/images/I/31H8AoDYAYL._SX300_SY300_QL70_ML2_.jpg,https://www.amazon.in/10W-Charger-Cable-Meter-Black/dp/B085CZ3SR1/ref=sr_1_164?qid=1672895791&s=electronics&sr=1-164,1,60.09577870911384,0,-0.38928947971692696,-0.8048184346123237,segmento misto
B08WD18LJZ,"TVARA LCD Writing Tablet 8.5 Inch E-Note Pad LCD Writing Tablet, Kids Drawing Pad 8.5 Inch Doodle Board, Toddler Boy and Girl Learning Gift for 3 4 5 6 Years Old, Black","Computers&Accessories|Accessories&Peripherals|Keyboards,Mice&InputDevices|GraphicTablets",Computers&Accessories,Accessories&Peripherals,249.0,600.0,59.0,4.0,1208.0,351.0,budget,high,high,https://m.media-amazon.com/images/I/518mUXLlFZS._SX300_SY300_QL70_FMwebp_.jpg,https://www.amazon.in/TVARA-Writing-Tablet-Inch-Note/dp/B08WD18LJZ/ref=sr_1_254?qid=1672903007&s=computers&sr=1-254,1,60.05284242467502,4,-0.142254082632035,0.8053988093001578,barato com alto desconto
B09MKP344P,"Tecno Spark 8T (Turquoise Cyan, 4GB RAM,64GB Storage) | 50MP AI Camera | 7GB Expandable RAM",Electronics|Mobiles&Accessories|Smartphones&BasicMobiles|Smartphones,Electronics,Mobiles&Accessories,8499.0,12999.0,35.0,4.1,6662.0,4500.0,premium,medium,high,https://m.media-amazon.com/images/I/41KVdXIcg0L._SX300_SY300_QL70_ML2_.jpg,https://www.amazon.in/Tecno-Spark-8T-Expandable-64GB/dp/B09MKP344P/ref=sr_1_294?qid=1672895835&s=electronics&sr=1-294,1,60.03756777547835,0,-0.47826553812786365,-0.724885820188663,segmento misto
B01KCSGBU2,"Philips Air Purifier Ac2887/20,Vitashield Intelligent Purification,Long Hepa Filter Life Upto 17000 Hours,Removes 99.9% Airborne Viruses & Bacteria,99.97% Airborne Pollutants,Ideal For Master Bedroom","Home&Kitchen|Heating,Cooling&AirQuality|AirPurifiers|HEPAAirPurifiers",Home&Kitchen,"Heating,Cooling&AirQuality",14499.0,23559.0,38.0,4.3,2026.0,9060.0,luxury,medium,high,https://m.media-amazon.com/images/W/WEBP_402378-T2/images/I/317ja9m3iHL._SX300_SY300_QL70_FMwebp_.jpg,https://www.amazon.in/Philips-AeraSense-AC2887-20-Purifier/dp/B01KCSGBU2/ref=sr_1_249?qid=1672923605&s=kitchen&sr=1-249,1,59.99200027862195,0,-0.28492047752281524,-1.4727763384817367,segmento misto
B07FL3WRX5,"Wonderchef Nutri-blend Complete Kitchen Machine | 22000 RPM Mixer Grinder, Blender, Chopper, Juicer | 400W Powerful motor | SS Blades | 4 Unbreakable Jars | 2 Years Warranty | Online Recipe Book By Chef Sanjeev Kapoor | Black",Home&Kitchen|Kitchen&HomeAppliances|SmallKitchenAppliances|JuicerMixerGrinders,Home&Kitchen,Kitchen&HomeAppliances,3299.0,6500.0,49.0,3.7,11217.0,3201.0,premium,medium,high,https://m.media-amazon.com/images/I/414eE-M+gfL._SY300_SX300_.jpg,https://www.amazon.in/Wonderchef-Nutri-Blend-CKM-Jars-Black/dp/B07FL3WRX5/ref=sr_1_204?qid=1672923601&s=kitchen&sr=1-204,1,59.96425159541623,1,-0.6687246235159021,0.7927280929172134,segmento misto
B07V82W5CN,"HP USB Wireless Spill Resistance Keyboard and Mouse Set with 10m Working Range 2.4G Wireless Technology / 3 Years Warranty (4SC12PA), Black","Computers&Accessories|Accessories&Peripherals|Keyboards,Mice&InputDevices|Keyboard&MouseSets",Computers&Accessories,Accessories&Peripherals,1349.0,2198.0,39.0,4.0,7113.0,849.0,mid,medium,high,https://m.media-amazon.com/images/I/31BWFhkXiPL._SX300_SY300_QL70_FMwebp_.jpg,https://www.amazon.in/HP-Multimedia-Wireless-Keyboard-4SC12PA/dp/B07V82W5CN/ref=sr_1_203?qid=1672903005&s=computers&sr=1-203,1,59.96125024517555,0,-0.4513621454266976,0.1428348225315235,segmento misto
B09DSXK8JX,Kodak 80 cm (32 inches) HD Ready Certified Android Smart LED TV 32HDX7XPROBL (Black),"Electronics|HomeTheater,TV&Video|Televisions|SmartTelevisions",Electronics,"HomeTheater,TV&Video",10499.0,19499.0,46.0,4.2,1510.0,9000.0,luxury,medium,high,https://m.media-amazon.com/images/W/WEBP_402378-T2/images/I/41xL87ElgjL._SY300_SX300_QL70_FMwebp_.jpg,https://www.amazon.in/Kodak-inches-Certified-Android-32HDX7XPROBL/dp/B09DSXK8JX/ref=sr_1_494?qid=1672909149&s=electronics&sr=1-494,1,59.91976681400677,0,-0.23976712451101193,-0.7452051592369717,segmento misto
B099K9ZX65,Hisense 108 cm (43 inches) 4K Ultra HD Smart Certified Android LED TV 43A6GE (Black),"Electronics|HomeTheater,TV&Video|Televisions|SmartTelevisions",Electronics,"HomeTheater,TV&Video",20990.0,44990.0,53.0,4.1,1259.0,24000.0,luxury,high,high,https://m.media-amazon.com/images/I/51Pu9zNUbtL._SY300_SX300_QL70_FMwebp_.jpg,https://www.amazon.in/Hisense-inches-Certified-Android-43A6GE/dp/B099K9ZX65/ref=sr_1_137?qid=1672909130&s=electronics&sr=1-137,1,59.912304627132926,3,-0.3959844818166558,-1.2162684467214437,premium bem avaliado
B07HZ2QCGR,POPIO Type C Dash Charging USB Data Cable for OnePlus Devices,Computers&Accessories|Accessories&Peripherals|Cables&Accessories|Cables|USBCables,Computers&Accessories,Accessories&Peripherals,350.0,599.0,42.0,3.9,8314.0,249.0,budget,medium,high,https://m.media-amazon.com/images/I/31wPIFxnDaL._SY445_SX342_QL70_FMwebp_.jpg,https://www.amazon.in/POPIO-Charging-Cable-OnePlus-Devices/dp/B07HZ2QCGR/ref=sr_1_228?qid=1672909135&s=electronics&sr=1-228,1,59.885922150930845,1,-0.5155495263311327,0.48394970985183106,segmento misto
B09GYBZPHF,"Lifelong LLMG93 500 Watt Duos Mixer Grinder, 2 Stainless Steel Jar (Liquidizing and Chutney Jar)| ABS Body, Stainless Steel Blades, 3 Speed Options with Whip (1 Year Warranty, Black)",Home&Kitchen|Kitchen&HomeAppliances|SmallKitchenAppliances|MixerGrinders,Home&Kitchen,Kitchen&HomeAppliances,1149.0,2499.0,54.0,3.8,4383.0,1350.0,mid,high,high,https://m.media-amazon.com/images/W/WEBP_402378-T1/images/I/31D9nttNSPL._SX300_SY300_QL70_FMwebp_.jpg,https://www.amazon.in/Lifelong-LLMG93-Stainless-Liquidizing-Warranty/dp/B09GYBZPHF/ref=sr_1_118?qid=1672923596&s=kitchen&sr=1-118,1,59.8560167016154,1,-0.49585925405153525,0.9452739365781617,segmento misto
B0B296NTFV,"Portronics Toad 23 Wireless Optical Mouse with 2.4GHz, USB Nano Dongle, Optical Orientation, Click Wheel, Adjustable DPI(Black)","Computers&Accessories|Accessories&Peripherals|Keyboards,Mice&InputDevices|Mice",Computers&Accessories,Accessories&Peripherals,299.0,599.0,50.0,4.1,1597.0,300.0,budget,medium,high,https://m.media-amazon.com/images/W/WEBP_402378-T1/images/I/218fOqSir3L._SX300_SY300_QL70_FMwebp_.jpg,https://www.amazon.in/Portronics-Wireless-Optical-Orientation-Adjustable/dp/B0B296NTFV/ref=sr_1_23?qid=1672902995&s=computers&sr=1-23,1,59.815387391457975,4,-0.178422610427366,0.36986226281791,barato com alto desconto
B0B3MMYHYW,OnePlus 126 cm (50 inches) Y Series 4K Ultra HD Smart Android LED TV 50Y1S Pro (Black),"Electronics|HomeTheater,TV&Video|Televisions|SmartTelevisions",Electronics,"HomeTheater,TV&Video",32999.0,45999.0,28.0,4.2,7298.0,13000.0,luxury,medium,high,https://m.media-amazon.com/images/I/51hQfTroMzL._SX300_SY300_QL70_FMwebp_.jpg,https://www.amazon.in/OnePlus-50-inches-Android-Pro/dp/B0B3MMYHYW/ref=sr_1_42?qid=1672909125&s=electronics&sr=1-42,1,59.778110085581005,3,-0.8026417274432944,-3.0793304116713283,premium bem avaliado
B083M7WPZD,"AGARO 33398 Rapid 1000-Watt, 10-Litre Wet & Dry Vacuum Cleaner, with Blower Function (Red & Black)","Home&Kitchen|Kitchen&HomeAppliances|Vacuum,Cleaning&Ironing|Vacuums&FloorCare|Vacuums|Wet-DryVacuums",Home&Kitchen,Kitchen&HomeAppliances,3199.0,5999.0,47.0,4.0,3242.0,2800.0,premium,medium,high,https://m.media-amazon.com/images/W/WEBP_402378-T2/images/I/415f3fULh8L._SX300_SY300_QL70_FMwebp_.jpg,https://www.amazon.in/AGARO-1000-Watt-10-Litre-Cleaner-Function/dp/B083M7WPZD/ref=sr_1_174?qid=1672923600&s=kitchen&sr=1-174,1,59.771775582827104,0,-0.39139936796075453,0.2278096411158013,segmento misto
B07K2HVKLL,Crompton IHL 251 1500-Watt Immersion Water Heater with Copper Heating Element and IP 68 Protection,"Home&Kitchen|Heating,Cooling&AirQuality|WaterHeaters&Geysers|ImmersionRods",Home&Kitchen,"Heating,Cooling&AirQuality",640.0,1020.0,37.0,4.1,5059.0,380.0,mid,medium,high,https://m.media-amazon.com/images/W/WEBP_402378-T2/images/I/31pzC6I+bEL._SY300_SX300_.jpg,https://www.amazon.in/Crompton-IHL251-1500-Watt-Immersion-Heater/dp/B07K2HVKLL/ref=sr_1_366?qid=1672923610&s=kitchen&sr=1-366,1,59.75773263170952,0,-0.3780724616967232,-0.029521807278984753,segmento misto
B08L7J3T31,"Noir Aqua - 5pcs PP Spun Filter + 1 Spanner | for All Types of RO Water purifiers (5 Piece, White, 10 Inch, 5 Micron) - RO Spun Filter Cartridge Sponge Replacement Water Filter Candle",Home&Kitchen|Kitchen&HomeAppliances|WaterPurifiers&Accessories|WaterPurifierAccessories,Home&Kitchen,Kitchen&HomeAppliances,379.0,919.0,59.0,4.0,1090.0,540.0,budget,high,high,https://m.media-amazon.com/images/I/41fDdRtjfxL._SY445_SX342_QL70_FMwebp_.jpg,https://www.amazon.in/Noir-Aqua-Spanner-Purifiers-cartridge/dp/B08L7J3T31/ref=sr_1_502?qid=1672923617&s=kitchen&sr=1-502,1,59.749918033526015,4,-0.16928805571688577,0.7958444569484922,barato com alto desconto
B087JWLZ2K,AmazonBasics 108 cm (43 inches) 4K Ultra HD Smart LED Fire TV AB43U20PS (Black),"Electronics|HomeTheater,TV&Video|Televisions|SmartTelevisions",Electronics,"HomeTheater,TV&Video",24499.0,50000.0,51.0,3.9,3518.0,25501.0,luxury,high,high,https://m.media-amazon.com/images/W/WEBP_402378-T1/images/I/51z60rNcKSL._SY300_SX300_QL70_FMwebp_.jpg,https://www.amazon.in/AmazonBasics-108cm-inch-Ultra-Smart/dp/B087JWLZ2K/ref=sr_1_493?qid=1672909149&s=electronics&sr=1-493,1,59.7431925947869,3,-0.7391458448403613,-1.2009009915794624,premium bem avaliado
B09MZCQYHZ,"Ambrane 10000mAh Slim Power Bank, 20W Fast Charging, Dual Output, Type C PD (Input & Output), Quick Charge, Li-Polymer, Multi-Layer Protection for iPhone, Anrdoid & Other Devices (Stylo 10K, Green)",Electronics|Mobiles&Accessories|MobileAccessories|Chargers|PowerBanks,Electronics,Mobiles&Accessories,999.0,1599.0,38.0,4.0,7222.0,600.0,mid,medium,high,https://m.media-amazon.com/images/I/31oA0-q5UzL._SX300_SY300_QL70_ML2_.jpg,https://www.amazon.in/Ambrane-Multi-Layer-Protection-Li-Polymer-Stylo-10k/dp/B09MZCQYHZ/ref=sr_1_120?qid=1672895777&s=electronics&sr=1-120,1,59.74014411296751,0,-0.48058635459147986,0.14337172199950204,segmento misto
B0993BB11X,"Ambrane 10000mAh Slim Power Bank, 20W Fast Charging, Dual Output, Type C PD (Input & Output), Quick Charge, Li-Polymer, Multi-Layer Protection for iPhone, Anrdoid & Other Devices (Stylo 10K, Black)",Electronics|Mobiles&Accessories|MobileAccessories|Chargers|PowerBanks,Electronics,Mobiles&Accessories,999.0,1599.0,38.0,4.0,7222.0,600.0,mid,medium,high,https://m.media-amazon.com/images/I/21e5ZrIutKS._SX300_SY300_QL70_ML2_.jpg,https://www.amazon.in/Ambrane-Multi-Layer-Protection-Li-Polymer-Stylo-10k/dp/B0993BB11X/ref=sr_1_82?qid=1672895770&s=electronics&sr=1-82,1,59.74014411296751,0,-0.48058635459147986,0.14337172199950204,segmento misto
B00LHZWD0C,"Luxor 5 Subject Single Ruled Notebook - A4, 70 GSM, 300 pages","OfficeProducts|OfficePaperProducts|Paper|Stationery|Notebooks,WritingPads&Diaries|CompositionNotebooks",OfficeProducts,OfficePaperProducts,252.0,315.0,20.0,4.5,3785.0,63.0,budget,medium,high,https://m.media-amazon.com/images/W/WEBP_402378-T1/images/I/51mCZQzY6SL._SX300_SY300_QL70_FMwebp_.jpg,https://www.amazon.in/Luxor-Subject-Single-Ruled-Notebook/dp/B00LHZWD0C/ref=sr_1_193?qid=1672903005&s=computers&sr=1-193,1,59.714228134044745,0,-0.14162898094837678,-1.18881467592417,segmento misto
B093ZNQZ2Y,"LOHAYA Remote Compatible for Mi Smart LED TV 4A Remote Control (32""/43"") [ Compatible for Mi Tv Remote Control ] [ Compatible for Mi Smart LED Tv Remote Control ]","Electronics|HomeTheater,TV&Video|Accessories|RemoteControls",Electronics,"HomeTheater,TV&Video",249.0,799.0,69.0,3.8,1079.0,550.0,budget,high,high,https://m.media-amazon.com/images/I/21PB1kWQWdL._SX300_SY300_QL70_FMwebp_.jpg,https://www.amazon.in/LOHAYA-Remote-Compatible-Control-Please/dp/B093ZNQZ2Y/ref=sr_1_108?qid=1672909129&s=electronics&sr=1-108,1,59.71293519765952,1,-0.26843966564427324,1.445405174873694,segmento misto
B09ZPM4C2C,TCL 80 cm (32 inches) HD Ready Certified Android Smart LED TV 32S5205 (Black),"Electronics|HomeTheater,TV&Video|Televisions|SmartTelevisions",Electronics,"HomeTheater,TV&Video",10901.0,30990.0,65.0,4.1,398.0,20089.0,luxury,high,medium,https://m.media-amazon.com/images/I/51ow6bmLWIL._SY300_SX300_QL70_FMwebp_.jpg,https://www.amazon.in/TCL-inches-Certified-Android-32S5205/dp/B09ZPM4C2C/ref=sr_1_86?qid=1672909128&s=electronics&sr=1-86,1,59.71198971362385,4,-0.078694024448654,-0.0647828374844349,barato com alto desconto
B099Z83VRC,"Wipro Vesta Electric Egg Boiler, 360 Watts, 3 Boiling Modes, Stainless Steel Body and Heating Plate, Boils up to 7 Eggs at a time, Automatic Shut Down, White, Standard (VB021070)",Home&Kitchen|Kitchen&HomeAppliances|SmallKitchenAppliances|EggBoilers,Home&Kitchen,Kitchen&HomeAppliances,1052.0,1790.0,41.0,4.3,1404.0,738.0,mid,medium,high,https://m.media-amazon.com/images/W/WEBP_402378-T1/images/I/31qZm3DyDhL._SX300_SY300_QL70_FMwebp_.jpg,https://www.amazon.in/Wipro-Electric-Stainless-Automatic-VB021070/dp/B099Z83VRC/ref=sr_1_237?qid=1672923603&s=kitchen&sr=1-237,1,59.708772879414255,0,-0.08365717986785345,-0.30127921740770286,segmento misto
B00V9NHDI4,"Eureka Forbes Trendy Zip 1000 Watts powerful suction vacuum cleaner with resuable dust bag & 5 accessories,1 year warrantycompact,light weight & easy to use (Black)","Home&Kitchen|Kitchen&HomeAppliances|Vacuum,Cleaning&Ironing|Vacuums&FloorCare|Vacuums|CanisterVacuums",Home&Kitchen,Kitchen&HomeAppliances,2799.0,3799.0,26.0,3.9,32931.0,1000.0,premium,medium,high,https://m.media-amazon.com/images/W/WEBP_402378-T2/images/I/41FyPER4ASL._SX300_SY300_QL70_FMwebp_.jpg,https://www.amazon.in/Eureka-Forbes-Trendy-Zip-1000-Watt/dp/B00V9NHDI4/ref=sr_1_99?qid=1672923595&s=kitchen&sr=1-99,1,59.69043560367518,0,-0.5907909301479182,-0.2302767081639867,segmento misto
B07ZJND9B9,ACTIVA 1200 MM HIGH SPEED 390 RPM BEE APPROVED 5 STAR RATED APSRA CEILING FAN BROWN 2 Years Warranty,"Home&Kitchen|Heating,Cooling&AirQuality|Fans|CeilingFans",Home&Kitchen,"Heating,Cooling&AirQuality",1099.0,1990.0,45.0,3.9,5911.0,891.0,mid,medium,high,https://m.media-amazon.com/images/I/31hXo964hqL._SY300_SX300_QL70_FMwebp_.jpg,https://www.amazon.in/ACTIVA-APSRA-Approved-Ceiling-Warranty/dp/B07ZJND9B9/ref=sr_1_315?qid=1672923607&s=kitchen&sr=1-315,1,59.67774129620575,1,-0.5143963793555509,0.514387380036248,segmento misto
B00HZIOGXW,Crompton IHL 152 1500-Watt Immersion Water Heater with Copper Heating Element (Black),"Home&Kitchen|Heating,Cooling&AirQuality|WaterHeaters&Geysers|ImmersionRods",Home&Kitchen,"Heating,Cooling&AirQuality",610.0,825.0,26.0,4.1,13165.0,215.0,mid,medium,high,https://m.media-amazon.com/images/W/WEBP_402378-T1/images/I/41ORNeJrRxL._SX300_SY300_QL70_FMwebp_.jpg,https://www.amazon.in/Crompton-CG-IHL-1500-Watt-Immersion-Compatible/dp/B00HZIOGXW/ref=sr_1_144?qid=1672923597&s=kitchen&sr=1-144,1,59.652854008020064,0,-0.4945474116579693,-0.3566620141298054,segmento misto
B09Q8WQ5QJ,"Portronics Konnect L 60W PD Type C to Type C Mobile Charging Cable, 1.2M, Fast Data Sync, Tangle Resistant, TPE+Nylon Braided(Grey)",Computers&Accessories|Accessories&Peripherals|Cables&Accessories|Cables|USBCables,Computers&Accessories,Accessories&Peripherals,249.0,499.0,50.0,4.1,1508.0,250.0,budget,medium,high,https://m.media-amazon.com/images/W/WEBP_402378-T1/images/I/41ngtt1EmoL._SX300_SY300_QL70_FMwebp_.jpg,https://www.amazon.in/Portronics-Konnect-Charging-Resistant-Braided/dp/B09Q8WQ5QJ/ref=sr_1_244?qid=1672909136&s=electronics&sr=1-244,1,59.64635646310834,4,-0.19212088144936226,0.37449113527667793,barato com alto desconto
B0B1NX6JTN,Spigen Ultra Hybrid Back Cover Case Compatible with iPhone 14 Pro max (TPU + Poly Carbonate | Crystal Clear),Electronics|Mobiles&Accessories|MobileAccessories|Cases&Covers|BasicCases,Electronics,Mobiles&Accessories,1599.0,2599.0,38.0,4.3,1801.0,1000.0,mid,medium,high,https://m.media-amazon.com/images/I/51JrMWMAmnL._SX300_SY300_QL70_ML2_.jpg,https://www.amazon.in/Spigen-Hybrid-Compatible-Carbonate-Crystal/dp/B0B1NX6JTN/ref=sr_1_389?qid=1672895864&s=electronics&sr=1-389,1,59.64494682705392,0,-0.14404397035846486,-0.42998598289230566,segmento misto
B08JD36C6H,Kingston DataTraveler Exodia DTX/32 GB Pen Drive USB 3.2 Gen 1 (Multicolor),Computers&Accessories|ExternalDevices&DataStorage|PenDrives,Computers&Accessories,ExternalDevices&DataStorage,349.0,450.0,22.0,4.1,18656.0,101.0,budget,medium,high,https://m.media-amazon.com/images/W/WEBP_402378-T1/images/I/21e4IoLXBFL._SY300_SX300_QL70_FMwebp_.jpg,https://www.amazon.in/Kingston-DataTraveler-Exodia-DTX-Flash/dp/B08JD36C6H/ref=sr_1_272?qid=1672903008&s=computers&sr=1-272,1,59.61721955403316,0,-0.5074956835562275,-0.46281960841025727,segmento misto
B01EY310UM,"Philips GC181 Heavy Weight 1000-Watt Dry Iron, Pack of 1","Home&Kitchen|Kitchen&HomeAppliances|Vacuum,Cleaning&Ironing|Irons,Steamers&Accessories|Irons|DryIrons",Home&Kitchen,Kitchen&HomeAppliances,1321.0,1545.0,14.0,4.3,15453.0,224.0,mid,low,high,https://m.media-amazon.com/images/I/41SkG6Puq5L._SX300_SY300_QL70_FMwebp_.jpg,https://www.amazon.in/Philips-GC181-Heavy-Weight-1000-Watt/dp/B01EY310UM/ref=sr_1_71?qid=1672923593&s=kitchen&sr=1-71,1,59.60065203560864,0,-0.42174061424565745,-1.115241866520453,segmento misto
B09CMP1SC8,"Ambrane 2 in 1 Type-C & Micro USB Cable with 60W / 3A Fast Charging, 480 mbps High Data, PD Technology & Quick Charge 3.0, Compatible with All Type-C & Micro USB Devices (ABDC-10, Black)",Computers&Accessories|Accessories&Peripherals|Cables&Accessories|Cables|USBCables,Computers&Accessories,Accessories&Peripherals,199.0,499.0,60.0,4.1,602.0,300.0,budget,high,medium,https://m.media-amazon.com/images/I/31x3IUfMneL._SX300_SY300_QL70_FMwebp_.jpg,https://www.amazon.in/Ambrane-ABDC-10-Charging-Transmission-Compatible/dp/B09CMP1SC8/ref=sr_1_84?qid=1672909128&s=electronics&sr=1-84,3,59.60027220649173,4,-0.03066295825926736,0.6596475234986444,barato com alto desconto
B0B53QFZPY,"PTron Newly Launched Force X10 Bluetooth Calling Smartwatch with 1.7"" Full Touch Color Display, Real Heart Rate Monitor, SpO2, Watch Faces, 5 Days Runtime, Fitness Trackers & IP68 Waterproof (Pink)",Electronics|WearableTechnology|SmartWatches,Electronics,WearableTechnology,1299.0,5999.0,78.0,3.3,4415.0,4700.0,mid,high,high,https://m.media-amazon.com/images/I/41k-VlGbYnL._SX300_SY300_QL70_ML2_.jpg,https://www.amazon.in/PTron-Force-Bluetooth-Smartwatch-Waterproof/dp/B0B53QFZPY/ref=sr_1_134?qid=1672895784&s=electronics&sr=1-134,1,59.593780759759404,1,-0.7803037675670835,2.5031504702707994,segmento misto
B0B53QLB9H,"PTron Newly Launched Force X10 Bluetooth Calling Smartwatch with 1.7"" Full Touch Color Display, Real Heart Rate Monitor, SpO2, Watch Faces, 5 Days Runtime, Fitness Trackers & IP68 Waterproof (Blue)",Electronics|WearableTechnology|SmartWatches,Electronics,WearableTechnology,1299.0,5999.0,78.0,3.3,4415.0,4700.0,mid,high,high,https://m.media-amazon.com/images/I/41GXZy6dLIL._SX300_SY300_QL70_ML2_.jpg,https://www.amazon.in/PTron-Force-Bluetooth-Smartwatch-Waterproof/dp/B0B53QLB9H/ref=sr_1_209?qid=1672895806&s=electronics&sr=1-209,1,59.593780759759404,1,-0.7803037675670835,2.5031504702707994,segmento misto
B08C7TYHPB,"iBELL Castor CTEK15L Premium 1.5 Litre Stainless Steel Electric Kettle,1500W Auto Cut-Off Feature,Silver",Home&Kitchen|Kitchen&HomeAppliances|SmallKitchenAppliances|Kettles&HotWaterDispensers|Kettle&ToasterSets,Home&Kitchen,Kitchen&HomeAppliances,664.0,1490.0,55.0,4.1,925.0,826.0,mid,high,medium,https://m.media-amazon.com/images/I/41VG2A4BrbL._SX300_SY300_QL70_FMwebp_.jpg,https://www.amazon.in/CTEK15L-Premium-Stainless-Electric-Cut-Off/dp/B08C7TYHPB/ref=sr_1_278?qid=1672923606&s=kitchen&sr=1-278,1,59.535752605318095,4,-0.12551049231540445,0.4820972790603698,barato com alto desconto
B0841KQR1Z,Crypo™ Universal Remote Compatible with Tata Sky Universal HD & SD Set top Box (Also Works with All TV),"Electronics|HomeTheater,TV&Video|Accessories|RemoteControls",Electronics,"HomeTheater,TV&Video",299.0,999.0,70.0,3.8,928.0,700.0,budget,high,medium,https://m.media-amazon.com/images/I/31QdoA5bJAL._SX300_SY300_QL70_FMwebp_.jpg,https://www.amazon.in/CrypoTM-Universal-Remote-Compatible-Sky/dp/B0841KQR1Z/ref=sr_1_235?qid=1672909135&s=electronics&sr=1-235,1,59.534654921236765,1,-0.267460503381249,1.4699988984754118,segmento misto
B09YLXYP7Y,"Ambrane 60W / 3A Fast Charging Output Cable with Type-C to USB for Mobile, Neckband, True Wireless Earphone Charging, 480mbps Data Sync Speed, 1m Length (ACT - AZ10, Black)",Computers&Accessories|Accessories&Peripherals|Cables&Accessories|Cables|USBCables,Computers&Accessories,Accessories&Peripherals,179.0,399.0,55.0,4.0,1423.0,220.0,budget,high,high,https://m.media-amazon.com/images/W/WEBP_402378-T1/images/I/31l-eZHBfKL._SX300_SY300_QL70_FMwebp_.jpg,https://www.amazon.in/Ambrane-Charging-Neckband-Wireless-ACT/dp/B09YLXYP7Y/ref=sr_1_85?qid=1672909128&s=electronics&sr=1-85,3,59.47179816641493,4,-0.25486213607649477,0.7002142108459529,barato com alto desconto
B09YLX91QR,"Ambrane 60W / 3A Fast Charging Output Cable with Type-C to USB for Mobile, Neckband, True Wireless Earphone Charging, 480mbps Data Sync Speed, 1m Length (ACT - AZ10, White)",Computers&Accessories|Accessories&Peripherals|Cables&Accessories|Cables|USBCables,Computers&Accessories,Accessories&Peripherals,179.0,399.0,55.0,4.0,1423.0,220.0,budget,high,high,https://m.media-amazon.com/images/W/WEBP_402378-T2/images/I/31VemHkewfL._SX300_SY300_QL70_FMwebp_.jpg,https://www.amazon.in/Ambrane-Charging-Neckband-Wireless-ACT/dp/B09YLX91QR/ref=sr_1_272?qid=1672909138&s=electronics&sr=1-272,1,59.47179816641493,4,-0.25486213607649477,0.7002142108459529,barato com alto desconto
B09PNR6F8Q,"realme 10W Fast Charging Micro-USB Cable (Braided, Black)",Computers&Accessories|Accessories&Peripherals|Cables&Accessories|Cables|USBCables,Computers&Accessories,Accessories&Peripherals,249.0,399.0,38.0,4.0,6558.0,150.0,budget,medium,high,https://m.media-amazon.com/images/I/31Kt+OO7C6L._SY300_SX300_.jpg,https://www.amazon.in/realme-Charging-Micro-USB-Cable-Braided/dp/B09PNR6F8Q/ref=sr_1_189?qid=1672909133&s=electronics&sr=1-189,1,59.45570403040546,0,-0.500057423813012,0.2064105980539611,segmento misto
B00LY1FN1K,"Camel Fabrica Acrylic Ultra Color - 15ml each, 10 Shades",Home&Kitchen|CraftMaterials|PaintingMaterials|Paints,Home&Kitchen,CraftMaterials,200.0,230.0,13.0,4.4,10170.0,30.0,budget,low,high,https://m.media-amazon.com/images/I/31TDc727hUL._SX300_SY300_QL70_FMwebp_.jpg,https://www.amazon.in/Camel-Camlin-Kokuyo-Fabrica-Acrylic/dp/B00LY1FN1K/ref=sr_1_359?qid=1672903012&s=computers&sr=1-359,1,59.43411405377555,0,-0.35556080365085135,-1.2171963941168733,segmento misto
B09ZHCJDP1,"Amazon Basics Wireless Mouse | 2.4 GHz Connection, 1600 DPI | Type - C Adapter | Upto 12 Months of Battery Life | Ambidextrous Design | Suitable for PC/Mac/Laptop","Computers&Accessories|Accessories&Peripherals|Keyboards,Mice&InputDevices|Mice",Computers&Accessories,Accessories&Peripherals,499.0,1000.0,50.0,5.0,23.0,501.0,budget,medium,low,https://m.media-amazon.com/images/I/31+Rg6Z46dL._SX300_SY300_.jpg,https://www.amazon.in/Wireless-Connection-Battery-Ambidextrous-Suitable/dp/B09ZHCJDP1/ref=sr_1_209?qid=1672903005&s=computers&sr=1-209,1,59.43147045061059,4,0.99412149269734,-1.263484773903769,barato com alto desconto
B091JF2TFD,Boult Audio BassBuds Oak in-Ear Wired Earphones with 10mm Extra Bass Driver and HD Sound with mic(Brown),"Electronics|Headphones,Earbuds&Accessories|Headphones|In-Ear",Electronics,"Headphones,Earbuds&Accessories",499.0,1299.0,62.0,3.9,1173.0,800.0,budget,high,high,https://m.media-amazon.com/images/W/WEBP_402378-T1/images/I/411dgEJpANL._SX300_SY300_QL70_FMwebp_.jpg,https://www.amazon.in/Boult-Audio-BassBuds-Oak-Earphones/dp/B091JF2TFD/ref=sr_1_302?qid=1672903010&s=computers&sr=1-302,1,59.430730381750976,1,-0.279083871054341,1.0503465765451283,segmento misto
B097JQ1J5G,"Zebronics ZEB-90HB USB Hub, 4 Ports, Pocket Sized, Plug & Play, for Laptop & Computers",Computers&Accessories|Accessories&Peripherals|USBHubs,Computers&Accessories,Accessories&Peripherals,179.0,499.0,64.0,3.4,9385.0,320.0,budget,high,high,https://m.media-amazon.com/images/I/31oMWLNvoVS._SY300_SX300_QL70_FMwebp_.jpg,https://www.amazon.in/Zebronics-ZEB-90HB-Pocket-Laptop-Computers/dp/B097JQ1J5G/ref=sr_1_174?qid=1672903004&s=computers&sr=1-174,1,59.42769176588233,1,-0.8355032650547524,2.009432740570245,segmento misto
B09KPXTZXN,"Rico Japanese Technology Rechargeable Wireless Electric Chopper with Replacement Warranty - Stainless Steel Blades, One Touch Operation, 10 Seconds Chopping, Mincing Vegetable, Meat - 250 ML, 30 Watts",Home&Kitchen|Kitchen&HomeAppliances|SmallKitchenAppliances|MiniFoodProcessors&Choppers,Home&Kitchen,Kitchen&HomeAppliances,949.0,1999.0,53.0,4.0,1679.0,1050.0,mid,high,high,https://m.media-amazon.com/images/W/WEBP_402378-T1/images/I/41JnGOKI2dL._SX300_SY300_QL70_FMwebp_.jpg,https://www.amazon.in/Rico-Japanese-Technology-Rechargeable-Replacement/dp/B09KPXTZXN/ref=sr_1_220?qid=1672923601&s=kitchen&sr=1-220,1,59.42752903421047,4,-0.3007114812424467,0.581714603412041,barato com alto desconto
B01486F4G6,Borosil Jumbo 1000-Watt Grill Sandwich Maker (Black),Home&Kitchen|Kitchen&HomeAppliances|SmallKitchenAppliances|SandwichMakers,Home&Kitchen,Kitchen&HomeAppliances,2863.0,3690.0,22.0,4.3,6987.0,827.0,premium,medium,high,https://m.media-amazon.com/images/W/WEBP_402378-T1/images/I/51J2Wk-+c+L._SY300_SX300_.jpg,https://www.amazon.in/Borosil-Jumbo-1000-Watt-Grill-Sandwich/dp/B01486F4G6/ref=sr_1_506?qid=1672923617&s=kitchen&sr=1-506,1,59.38726280320903,0,-0.4063886710263299,-0.9920153966649029,segmento misto
B0B3XXSB1K,LG 139 cm (55 inches) 4K Ultra HD Smart LED TV 55UQ7500PSF (Ceramic Black),"Electronics|HomeTheater,TV&Video|Televisions|SmartTelevisions",Electronics,"HomeTheater,TV&Video",47990.0,79990.0,40.0,4.3,1376.0,32000.0,luxury,medium,high,https://m.media-amazon.com/images/W/WEBP_402378-T2/images/I/51dOjIreG4L._SX300_SY300_QL70_FMwebp_.jpg,https://www.amazon.in/LG-inches-Ultra-55UQ7500PSF-Ceramic/dp/B0B3XXSB1K/ref=sr_1_445?qid=1672909146&s=electronics&sr=1-445,1,59.38343899099282,3,-0.7486480195991034,-4.11782612482584,premium bem avaliado
B01MRARGBW,Eco Crystal J 5 inch Cartridge (Pack of 2),Home&Kitchen|Kitchen&HomeAppliances|WaterPurifiers&Accessories|WaterPurifierAccessories,Home&Kitchen,Kitchen&HomeAppliances,199.0,400.0,50.0,4.1,1379.0,201.0,budget,medium,high,https://m.media-amazon.com/images/I/310wgAGevYL._SY445_SX342_QL70_FMwebp_.jpg,https://www.amazon.in/Crystal-Cartridge-size-Fresh-Clean/dp/B01MRARGBW/ref=sr_1_478?qid=1672923615&s=kitchen&sr=1-478,1,59.38276602713659,4,-0.21375292007627622,0.3794229034608055,barato com alto desconto
B0B53NXFFR,"PTron Newly Launched Force X10 Bluetooth Calling Smartwatch with 1.7"" Full Touch Display, Real Heart Rate Monitor, SpO2, Watch Faces, 5 Days Runtime, Health/Fitness Trackers & IP68 Waterproof (Black)",Electronics|WearableTechnology|SmartWatches,Electronics,WearableTechnology,1399.0,5999.0,77.0,3.3,4415.0,4600.0,mid,high,high,https://m.media-amazon.com/images/I/41BDYVKRmWL._SX300_SY300_QL70_ML2_.jpg,https://www.amazon.in/PTron-Force-Bluetooth-Smartwatch-Waterproof/dp/B0B53NXFFR/ref=sr_1_184?qid=1672895799&s=electronics&sr=1-184,1,59.32782331295089,1,-0.820165578102237,2.467762667451495,segmento misto
B00A7PLVU6,Orpat HHB-100E WOB 250-Watt Hand Blender (White),Home&Kitchen|Kitchen&HomeAppliances|SmallKitchenAppliances|HandBlenders,Home&Kitchen,Kitchen&HomeAppliances,753.0,899.0,16.0,4.2,18462.0,146.0,mid,low,high,https://m.media-amazon.com/images/W/WEBP_402378-T2/images/I/21OWOIM1wML._SX300_SY300_QL70_FMwebp_.jpg,https://www.amazon.in/Orpat-HHB-100E-WOB-250-Watt-Blender/dp/B00A7PLVU6/ref=sr_1_104?qid=1672923596&s=kitchen&sr=1-104,1,59.32397658877062,0,-0.5066208520730384,-0.8416133359544371,segmento misto
B078JBK4GX,"Havells Instanio 1-Litre 3KW Instant Water Heater (Geyser), White Blue","Home&Kitchen|Heating,Cooling&AirQuality|WaterHeaters&Geysers|InstantWaterHeaters",Home&Kitchen,"Heating,Cooling&AirQuality",2599.0,4560.0,43.0,4.4,646.0,1961.0,premium,medium,medium,https://m.media-amazon.com/images/W/WEBP_402378-T1/images/I/31991seDfcL._SY300_SX300_QL70_FMwebp_.jpg,https://www.amazon.in/Havells-Instanio-1-Litre-Instant-Geyser/dp/B078JBK4GX/ref=sr_1_244?qid=1672923605&s=kitchen&sr=1-244,1,59.28673589694811,0,0.025041800862008343,-0.5477398087892233,segmento misto
B08243SKCK,"Vedini Transparent Empty Refillable Reusable Fine Mist Spray Bottle for Perfume, Travel with DIY Sticker Set ( 100ml, Pack of 4)",Home&Kitchen|HomeStorage&Organization|LaundryOrganization|IroningAccessories|SprayBottles,Home&Kitchen,HomeStorage&Organization,189.0,299.0,37.0,4.2,2737.0,110.0,budget,medium,high,https://m.media-amazon.com/images/W/WEBP_402378-T2/images/I/41cAIdLrGPL._SX300_SY300_QL70_FMwebp_.jpg,https://www.amazon.in/Vedini-Refillable-Spray-Bottle-Transparent/dp/B08243SKCK/ref=sr_1_212?qid=1672923601&s=kitchen&sr=1-212,1,59.2795794479434,0,-0.2980492875964051,-0.16570727653827177,segmento misto
B095K14P86,"Saiyam Stainless Steel Espresso Maker Stovetop Coffee Percolator Italian Coffee Maker Moka Pot (4 Cup - 200 ml, Silver)","Home&Kitchen|Kitchen&HomeAppliances|Coffee,Tea&Espresso|StovetopEspressoPots",Home&Kitchen,Kitchen&HomeAppliances,599.0,1299.0,54.0,4.2,590.0,700.0,mid,high,medium,https://m.media-amazon.com/images/I/414gUKUBHML._SX300_SY300_QL70_FMwebp_.jpg,https://www.amazon.in/Saiyam-Stainless-Espresso-Maker-Percolator/dp/B095K14P86/ref=sr_1_394?qid=1672923612&s=kitchen&sr=1-394,1,59.278569672843,4,-0.030147338753323406,0.2807046173690422,barato com alto desconto
B09Q8HMKZX,"Portronics Konnect L 20W PD Quick Charge Type-C to 8-Pin USB Mobile Charging Cable, 1.2M, Tangle Resistant, Fast Data Sync(Grey)",Computers&Accessories|Accessories&Peripherals|Cables&Accessories|Cables|USBCables,Computers&Accessories,Accessories&Peripherals,263.0,699.0,62.0,4.1,450.0,436.0,budget,high,medium,https://m.media-amazon.com/images/I/41x3iKbD-+L._SX342_SY445_.jpg,https://www.amazon.in/Portronics-Konnect-Charge-Charging-Resistant/dp/B09Q8HMKZX/ref=sr_1_74?qid=1672909128&s=electronics&sr=1-74,2,59.27546539879245,4,-0.024173293559615665,0.7112431929305069,barato com alto desconto
B0B2931FCV,"ZEBRONICS Zeb-Sound Bomb N1 True Wireless in Ear Earbuds with Mic ENC, Gaming Mode (up to 50ms), up to 18H Playback, BT V5.2, Fidget Case, Voice Assistant, Splash Proof, Type C (Midnight Black)","Electronics|Headphones,Earbuds&Accessories|Headphones|In-Ear",Electronics,"Headphones,Earbuds&Accessories",999.0,4199.0,76.0,3.5,1913.0,3200.0,mid,high,high,https://m.media-amazon.com/images/W/WEBP_402378-T2/images/I/31i5nmWFmhL._SX300_SY300_QL70_FMwebp_.jpg,https://www.amazon.in/Zebronics-Zeb-Sound-N1-Bluetooth-Assistant/dp/B0B2931FCV/ref=sr_1_338?qid=1672903012&s=computers&sr=1-338,1,59.26252075731436,1,-0.5914053174121211,2.119046101597003,segmento misto
B09KH58JZR,Portronics Konnect L POR-1403 Fast Charging 3A Type-C Cable 1.2 Meter with Charge & Sync Function for All Type-C Devices (White),Computers&Accessories|Accessories&Peripherals|Cables&Accessories|Cables|USBCables,Computers&Accessories,Accessories&Peripherals,210.0,399.0,47.0,4.1,1717.0,189.0,budget,medium,high,https://m.media-amazon.com/images/I/21rxGo3S7FL._SY445_SX342_QL70_FMwebp_.jpg,https://www.amazon.in/Portronics-Konnect-POR-1403-Charging-Function/dp/B09KH58JZR/ref=sr_1_129?qid=1672909130&s=electronics&sr=1-129,1,59.231092310691366,0,-0.27463625752067833,0.29433365187917626,segmento misto
B07L9FW9GF,"Zebronics Zeb-Power Wired USB Mouse, 3-Button, 1200 DPI Optical Sensor, Plug & Play, for Windows/Mac","Computers&Accessories|Accessories&Peripherals|Keyboards,Mice&InputDevices|Mice",Computers&Accessories,Accessories&Peripherals,149.0,249.0,40.0,4.0,5057.0,100.0,budget,medium,high,https://m.media-amazon.com/images/I/31aJNyKmGHL._SX300_SY300_QL70_FMwebp_.jpg,https://www.amazon.in/Zebronics-Zeb-Power-Wired-Mouse-Black/dp/B07L9FW9GF/ref=sr_1_297?qid=1672903010&s=computers&sr=1-297,1,59.22110554383018,0,-0.4979514802084487,0.2749842313667991,segmento misto
B07J2BQZD6,"Kuber Industries Nylon Mesh Laundry Basket|Sturdy Material & Durable Handles|Netted Lightweight Laundry Bag, Size 36 x 36 x 58, Capicity 30 Ltr (Pink)",Home&Kitchen|HomeStorage&Organization|LaundryOrganization|LaundryBaskets,Home&Kitchen,HomeStorage&Organization,199.0,399.0,50.0,3.7,7945.0,200.0,budget,medium,high,https://m.media-amazon.com/images/W/WEBP_402378-T1/images/I/51Ule90yh0L._SX300_SY300_QL70_FMwebp_.jpg,https://www.amazon.in/Kuber-Industries-Laundry-Basket-CTKTC1475/dp/B07J2BQZD6/ref=sr_1_427?qid=1672923613&s=kitchen&sr=1-427,1,59.21302378447775,1,-0.7034218336948469,1.0818214074773769,segmento misto
B09F3PDDRF,"Lapster USB 3.0 sata Cable for 2.5 inch SSD and HDD , USB 3.0 to SATA III Hard Driver Adapter , sata to USB Cable-(Blue)",Computers&Accessories|Accessories&Peripherals|Cables&Accessories|Cables|SATACables,Computers&Accessories,Accessories&Peripherals,349.0,999.0,65.0,3.9,817.0,650.0,budget,high,medium,https://m.media-amazon.com/images/W/WEBP_402378-T2/images/I/41FrpTwOndL._SX300_SY300_QL70_FMwebp_.jpg,https://www.amazon.in/LAPSTER-SATA-CABLE-LAPTOP-DESKTOP/dp/B09F3PDDRF/ref=sr_1_353?qid=1672903012&s=computers&sr=1-353,1,59.16287030000183,1,-0.24993643770658183,1.1475386156511655,segmento misto
B09RMQYHLH,"realme narzo 50 (Speed Blue, 4GB RAM+64GB Storage) Helio G96 Processor | 50MP AI Triple Camera | 120Hz Ultra Smooth Display",Electronics|Mobiles&Accessories|Smartphones&BasicMobiles|Smartphones,Electronics,Mobiles&Accessories,12999.0,15999.0,19.0,4.2,13246.0,3000.0,luxury,low,high,https://m.media-amazon.com/images/I/51UzDSGpNWL._SX300_SY300_QL70_ML2_.jpg,https://www.amazon.in/realme-Storage-Processor-Triple-Display/dp/B09RMQYHLH/ref=sr_1_52?qid=1672895762&s=electronics&sr=1-52,1,59.142576408298034,0,-0.6841933983341945,-1.731246477182618,segmento misto
B0B21XL94T,Toshiba 108 cm (43 inches) V Series Full HD Smart Android LED TV 43V35KP (Silver),"Electronics|HomeTheater,TV&Video|Televisions|SmartTelevisions",Electronics,"HomeTheater,TV&Video",21990.0,34990.0,37.0,4.3,1657.0,13000.0,luxury,medium,high,https://m.media-amazon.com/images/W/WEBP_402378-T2/images/I/51iQQPQSiGL._SX300_SY300_QL70_FMwebp_.jpg,https://www.amazon.in/Toshiba-inches-Android-43V35KP-Silver/dp/B0B21XL94T/ref=sr_1_425?qid=1672909145&s=electronics&sr=1-425,1,59.13332854444112,3,-0.4735707733724103,-2.102617509346802,premium bem avaliado
B09HV71RL1,"Wayona Type C to Lightning MFI Certified 20W Fast charging Nylon Braided USB C Cable for iPhone 14 Pro, 14 Pro Max, 14, 14 Plus, 13, 13 Pro, 13 Pro Max, 13 Mini, 12, 12 Pro, 11, 11 Pro Max, iPhone 12 Mini (2M, Black)",Computers&Accessories|Accessories&Peripherals|Cables&Accessories|Cables|USBCables,Computers&Accessories,Accessories&Peripherals,719.0,1499.0,52.0,4.1,1045.0,780.0,mid,high,high,https://m.media-amazon.com/images/W/WEBP_402378-T1/images/I/41+tGYXUN8L._SX342_SY445_.jpg,https://www.amazon.in/Wayona-Lightning-Certified-charging-Braided/dp/B09HV71RL1/ref=sr_1_400?qid=1672909144&s=electronics&sr=1-400,1,59.09730656458995,4,-0.21202174030156304,0.3946550699373656,barato com alto desconto
B08CHKQ8D4,"Wayona Type C to Lightning MFI Certified 20W Fast charging Nylon Braided USB C Cable for iPhone 14, 14 Pro, 14 Pro Max, 14 Plus, 13, 13 Pro, 13 Pro Max, 13 Mini, 12, 12 Pro, 11, 11 Pro Max iPhone 12 Mini, X, 8 (2M, Grey)",Computers&Accessories|Accessories&Peripherals|Cables&Accessories|Cables|USBCables,Computers&Accessories,Accessories&Peripherals,719.0,1499.0,52.0,4.1,1045.0,780.0,mid,high,high,https://m.media-amazon.com/images/W/WEBP_402378-T1/images/I/41fRMsvSy8L._SY445_SX342_QL70_FMwebp_.jpg,https://www.amazon.in/Wayona-charging-Nylon-Braided-iPhone/dp/B08CHKQ8D4/ref=sr_1_111?qid=1672909129&s=electronics&sr=1-111,1,59.09730656458995,4,-0.21202174030156304,0.3946550699373656,barato com alto desconto
B08XMG618K,Time Office Scanner Replacement Cable for Startek FM220U (Type C) Ivory,Computers&Accessories|Accessories&Peripherals|Cables&Accessories|Cables|USBCables,Computers&Accessories,Accessories&Peripherals,225.0,499.0,55.0,4.1,789.0,274.0,budget,high,medium,https://m.media-amazon.com/images/W/WEBP_402378-T2/images/I/313wnMF+cVL._SX342_SY445_.jpg,https://www.amazon.in/Time-Office-Replacement-Startek-FM220U/dp/B08XMG618K/ref=sr_1_220?qid=1672909135&s=electronics&sr=1-220,1,59.06722843109288,4,-0.1583753601331921,0.5188591824659803,barato com alto desconto
B09SPTNG58,"Crompton Sea Sapphira 1200 mm Ultra High Speed 3 Blade Ceiling Fan (Lustre Brown, Pack of 1)","Home&Kitchen|Heating,Cooling&AirQuality|Fans|CeilingFans",Home&Kitchen,"Heating,Cooling&AirQuality",1449.0,2349.0,38.0,3.9,9019.0,900.0,mid,medium,high,https://m.media-amazon.com/images/W/WEBP_402378-T1/images/I/31pRaPCFqVL._SX300_SY300_QL70_FMwebp_.jpg,https://www.amazon.in/CROMPTON-Sapphira-Ultra-Ceiling-Lustre/dp/B09SPTNG58/ref=sr_1_213?qid=1672923601&s=kitchen&sr=1-213,1,59.062143340440485,0,-0.6579661928119318,0.2834456518588572,segmento misto
B08SKZ2RMG,"Demokrazy New Nova Lint Cum Fuzz Remover for All Woolens Sweaters, Blankets, Jackets Remover Pill Remover from Carpets, Curtains (Pack of 1)","Home&Kitchen|Kitchen&HomeAppliances|Vacuum,Cleaning&Ironing|Irons,Steamers&Accessories|LintShavers",Home&Kitchen,Kitchen&HomeAppliances,475.0,999.0,52.0,4.1,1021.0,524.0,budget,high,high,https://m.media-amazon.com/images/W/WEBP_402378-T1/images/I/41Xg2TPKwyL._SX300_SY300_QL70_FMwebp_.jpg,https://www.amazon.in/Demokrazy-Remover-Woolens-Sweaters-Blankets/dp/B08SKZ2RMG/ref=sr_1_318?qid=1672923607&s=kitchen&sr=1-318,1,59.02883995815002,4,-0.21448525611554653,0.4145587550781974,barato com alto desconto
B09LD3116F,Qubo Smart Cam 360 from Hero Group | Made in India | 2MP 1080p Full HD | CCTV Wi-Fi Camera | 360 Degree Coverage| Two Way Talk | Mobile App Connectivity | Night Vision | Cloud & SD Card Recording,Electronics|Cameras&Photography|SecurityCameras|DomeCameras,Electronics,Cameras&Photography,2490.0,3990.0,38.0,4.1,3606.0,1500.0,premium,medium,high,https://m.media-amazon.com/images/I/31R3Qf2nO0L._SX300_SY300_QL70_FMwebp_.jpg,https://www.amazon.in/Smart-Camera-Coverage-Intruder-Google/dp/B09LD3116F/ref=sr_1_357?qid=1672903012&s=computers&sr=1-357,1,59.025267145320726,0,-0.45829184547145857,-0.1453727054546551,segmento misto
B0814LP6S9,"PrettyKrafts Laundry Basket for clothes with Lid & Handles, Toys Organiser, 75 Ltr Grey",Home&Kitchen|HomeStorage&Organization|LaundryOrganization|LaundryBaskets,Home&Kitchen,HomeStorage&Organization,351.0,1099.0,68.0,3.7,1470.0,748.0,budget,high,high,https://m.media-amazon.com/images/I/31vN7I58EHL._SX300_SY300_QL70_FMwebp_.jpg,https://www.amazon.in/PrettyKrafts-Laundry-Basket-Clothes-Handles/dp/B0814LP6S9/ref=sr_1_264?qid=1672923605&s=kitchen&sr=1-264,1,59.0250274480572,1,-0.47368507551116695,1.5898352308897996,segmento misto
B07XJYYH7L,"Wecool Nylon Braided Multifunction Fast Charging Cable For Android Smartphone, Ios And Type C Usb Devices, 3 In 1 Charging Cable, 3A, (3 Feet) (Black)",Computers&Accessories|Accessories&Peripherals|Cables&Accessories|Cables|USBCables,Computers&Accessories,Accessories&Peripherals,333.0,999.0,67.0,3.3,9792.0,666.0,budget,high,high,https://m.media-amazon.com/images/W/WEBP_402378-T2/images/I/41CnR1WhD3L._SX300_SY300_QL70_FMwebp_.jpg,https://www.amazon.in/WeCool-Braided-Multifunction-Charging-Android/dp/B07XJYYH7L/ref=sr_1_49?qid=1672909126&s=electronics&sr=1-49,2,59.01743882300915,1,-0.949698714206748,2.260429293202167,segmento misto
B07RCGTZ4M,"AGARO Ace 1600 Watts, 21.5 kPa Suction Power, 21 litres Wet & Dry Stainless Steel Vacuum Cleaner with Blower Function and Washable Dust Bag","Home&Kitchen|Kitchen&HomeAppliances|Vacuum,Cleaning&Ironing|Vacuums&FloorCare|Vacuums|Wet-DryVacuums",Home&Kitchen,Kitchen&HomeAppliances,6236.0,9999.0,38.0,4.1,3552.0,3763.0,premium,medium,high,https://m.media-amazon.com/images/W/WEBP_402378-T2/images/I/41--5lc96UL._SX300_SY300_QL70_FMwebp_.jpg,https://www.amazon.in/Ace-1600-Watt-21-Litre-Stainless-Function/dp/B07RCGTZ4M/ref=sr_1_268?qid=1672923605&s=kitchen&sr=1-268,1,58.98077456754213,0,-0.5119787214710917,-0.447552716587436,segmento misto
B09VCHLSJF,OnePlus 108 cm (43 inches) Y Series 4K Ultra HD Smart Android LED TV 43Y1S Pro (Black),"Electronics|HomeTheater,TV&Video|Televisions|SmartTelevisions",Electronics,"HomeTheater,TV&Video",29999.0,39999.0,25.0,4.2,7298.0,10000.0,luxury,medium,high,https://m.media-amazon.com/images/W/WEBP_402378-T2/images/I/51ovMTXv9RL._SX300_SY300_QL70_FMwebp_.jpg,https://www.amazon.in/OnePlus-43-inches-Android-Pro/dp/B09VCHLSJF/ref=sr_1_94?qid=1672909128&s=electronics&sr=1-94,1,58.98023774515546,3,-0.8785363757309883,-2.919075947672978,premium bem avaliado
B00LXTFMRS,"PIDILITE Fevicryl Acrylic Colours Sunflower Kit (10 Colors x 15 ml) DIY Paint, Rich Pigment, Non-Craking Paint for Canvas, Wood, Leather, Earthenware, Metal, Diwali Gifts for Diwali",Home&Kitchen|CraftMaterials|PaintingMaterials|Paints,Home&Kitchen,CraftMaterials,191.0,225.0,15.0,4.4,7203.0,34.0,budget,low,high,https://m.media-amazon.com/images/W/WEBP_402378-T1/images/I/4136eo-yWlL._SX300_SY300_QL70_FMwebp_.jpg,https://www.amazon.in/Fevicryl-Acrylic-colors-Sunflower-Shades/dp/B00LXTFMRS/ref=sr_1_72?qid=1672902997&s=computers&sr=1-72,1,58.94868696764629,0,-0.3895509066784055,-1.1512183557540745,segmento misto
B083GQGT3Z,"Caprigo Heavy Duty TV Wall Mount Stand for 12 to 27 inches LED/LCD/Monitor Screen's, Full Motion Rotatable Universal TV & Monitor Wall Mount Bracket with Swivel & Tilt Adjustments (Single Arm - M416)","Electronics|HomeTheater,TV&Video|Accessories|TVMounts,Stands&Turntables|TVWall&CeilingMounts",Electronics,"HomeTheater,TV&Video",399.0,799.0,50.0,4.1,1161.0,400.0,budget,medium,high,https://m.media-amazon.com/images/I/41yMQskyzFL._SX300_SY300_QL70_FMwebp_.jpg,https://www.amazon.in/Caprigo-Universal-Monitor-Rotatable-Black-M416/dp/B083GQGT3Z/ref=sr_1_243?qid=1672909136&s=electronics&sr=1-243,1,58.875602928446725,4,-0.2589882948745942,0.3649109774606899,barato com alto desconto
B0B3XY5YT4,LG 108 cm (43 inches) 4K Ultra HD Smart LED TV 43UQ7500PSF (Ceramic Black),"Electronics|HomeTheater,TV&Video|Televisions|SmartTelevisions",Electronics,"HomeTheater,TV&Video",30990.0,49990.0,38.0,4.3,1376.0,19000.0,luxury,medium,high,https://m.media-amazon.com/images/W/WEBP_402378-T1/images/I/51dOjIreG4L._SX300_SY300_QL70_FMwebp_.jpg,https://www.amazon.in/LG-inches-Ultra-43UQ7500PSF-Ceramic/dp/B0B3XY5YT4/ref=sr_1_154?qid=1672909131&s=electronics&sr=1-154,1,58.851524097375794,3,-0.6006499821646867,-2.7999994861469584,premium bem avaliado
B07Q4NJQC5,Ionix Jewellery Scale | Weight Scale | Digital Weight Machine | weight machine for gold | Electronic weighing machines for Jewellery 0.01G to 200G Small Weight Machine for Shop - Silver,Home&Kitchen|Kitchen&HomeAppliances|SmallKitchenAppliances|DigitalKitchenScales,Home&Kitchen,Kitchen&HomeAppliances,295.0,599.0,51.0,4.0,1644.0,304.0,budget,high,high,https://m.media-amazon.com/images/W/WEBP_402378-T2/images/I/41iZgQu0WLL._SY300_SX300_QL70_FMwebp_.jpg,https://www.amazon.in/Ionix-Digital-Kitchen-Jewellery-Weighing/dp/B07Q4NJQC5/ref=sr_1_389?qid=1672923612&s=kitchen&sr=1-389,1,58.83351422180254,4,-0.37442768354525696,0.5801089787648821,barato com alto desconto
B07JB2Y4SR,Classmate Octane Colour Burst-Multicolour Gel Pens (Pack of 10) | Gold & Silver Glitter Sparkle Pens|10 colour ink shades for art lovers and kids|Fun at home essentials,Home&Kitchen|CraftMaterials|DrawingMaterials|DrawingMedia|Pens,Home&Kitchen,CraftMaterials,90.0,100.0,10.0,4.4,10718.0,10.0,budget,low,high,https://m.media-amazon.com/images/W/WEBP_402378-T2/images/I/51zIKeCjN-L._SX300_SY300_QL70_FMwebp_.jpg,https://www.amazon.in/Classmate-ITC-Octane-Colourburst-Pen/dp/B07JB2Y4SR/ref=sr_1_343?qid=1672903012&s=computers&sr=1-343,1,58.79103080965435,0,-0.45181789317472765,-1.2921559299303422,segmento misto
B079Y6JZC8,"ZEBRONICS Zeb-Comfort Wired USB Mouse, 3-Button, 1000 DPI Optical Sensor, Plug & Play, for Windows/Mac, Black","Computers&Accessories|Accessories&Peripherals|Keyboards,Mice&InputDevices|Mice",Computers&Accessories,Accessories&Peripherals,139.0,299.0,54.0,3.8,3044.0,160.0,budget,high,high,https://m.media-amazon.com/images/I/31vS-1ot-HL._SX300_SY300_QL70_FMwebp_.jpg,https://www.amazon.in/Zebronics-Wired-Optical-Mouse-Black/dp/B079Y6JZC8/ref=sr_1_91?qid=1672902998&s=computers&sr=1-91,1,58.78099001778205,1,-0.5816877225937424,1.0328243782727407,segmento misto
B0B16KD737,VW 80 cm (32 inches) Playwall Frameless Series HD Ready Android Smart LED TV VW3251 (Black),"Electronics|HomeTheater,TV&Video|Televisions|SmartTelevisions",Electronics,"HomeTheater,TV&Video",8499.0,15999.0,47.0,4.3,592.0,7500.0,premium,medium,medium,https://m.media-amazon.com/images/I/41P2TNMG-hL._SY300_SX300_QL70_FMwebp_.jpg,https://www.amazon.in/VW-Playwall-Frameless-Android-VW3251/dp/B0B16KD737/ref=sr_1_136?qid=1672909130&s=electronics&sr=1-136,1,58.7601658785086,0,-0.16181178626037998,-0.731225427313741,segmento misto
B07D8VBYB4,"SUJATA Powermatic Plus, Juicer Mixer Grinder, 900 Watts, 2 Jars (White)",Home&Kitchen|Kitchen&HomeAppliances|SmallKitchenAppliances|JuicerMixerGrinders,Home&Kitchen,Kitchen&HomeAppliances,5865.0,7776.0,25.0,4.4,2737.0,1911.0,premium,medium,high,https://m.media-amazon.com/images/W/WEBP_402378-T1/images/I/41pb+fODkVL._SX300_SY300_.jpg,https://www.amazon.in/Powermatic-Plus-CH-900-Watt-Grinder/dp/B07D8VBYB4/ref=sr_1_432?qid=1672923613&s=kitchen&sr=1-432,1,58.75475675290793,0,-0.35189152285469577,-1.3175495797368826,segmento misto
B0BC9BW512,Acer 100 cm (40 inches) P Series Full HD Android Smart LED TV AR40AR2841FDFL (Black),"Electronics|HomeTheater,TV&Video|Televisions|SmartTelevisions",Electronics,"HomeTheater,TV&Video",18999.0,24990.0,24.0,4.3,4702.0,5991.0,luxury,medium,high,https://m.media-amazon.com/images/W/WEBP_402378-T1/images/I/515t5K7hdqL._SY300_SX300_QL70_FMwebp_.jpg,https://www.amazon.in/Acer-inches-Android-Smart-AR40AR2841FDFL/dp/B0BC9BW512/ref=sr_1_367?qid=1672909143&s=electronics&sr=1-367,1,58.75113968803068,3,-0.6591833702538143,-2.231148716917523,premium bem avaliado
B07VZH6ZBB,Crompton Solarium Qube 15-L 5 Star Rated Storage Water Heater (Geyser) with Free Installation and Connection Pipes (White and Black),"Home&Kitchen|Heating,Cooling&AirQuality|WaterHeaters&Geysers|StorageWaterHeaters",Home&Kitchen,"Heating,Cooling&AirQuality",7799.0,12500.0,38.0,4.0,5160.0,4701.0,premium,medium,high,https://m.media-amazon.com/images/I/31kbrfC16XL._SX300_SY300_QL70_FMwebp_.jpg,https://www.amazon.in/Crompton-Solarium-Qube-Star-Rated-Storage/dp/B07VZH6ZBB/ref=sr_1_372?qid=1672923611&s=kitchen&sr=1-372,1,58.74865300850315,0,-0.6705287065598121,-0.3976663555467401,segmento misto
B075DB1F13,"Panasonic Eneloop BQ-CC55N Advanced, Smart and Quick Charger for AA & AAA Rechargeable Batteries, White",Electronics|GeneralPurposeBatteries&BatteryChargers,Electronics,GeneralPurposeBatteries&BatteryChargers,1500.0,1500.0,0.0,4.4,25996.0,0.0,mid,low,high,https://m.media-amazon.com/images/W/WEBP_402378-T1/images/I/41N+hHYrIWL._SY300_SX300_.jpg,https://www.amazon.in/Panasonic-Eneloop-BQ-CC55E-Advanced-Battery/dp/B075DB1F13/ref=sr_1_425?qid=1672903016&s=computers&sr=1-425,1,58.74472658027938,0,-0.49230326455394324,-1.7286465111171925,segmento misto
B097RJ867P,"PHILIPS Digital Air Fryer HD9252/90 with Touch Panel, uses up to 90% less fat, 7 Pre-set Menu, 1400W, 4.1 Liter, with Rapid Air Technology (Black), Large",Home&Kitchen|Kitchen&HomeAppliances|SmallKitchenAppliances|DeepFatFryers|AirFryers,Home&Kitchen,Kitchen&HomeAppliances,8799.0,11595.0,24.0,4.4,2981.0,2796.0,premium,medium,high,https://m.media-amazon.com/images/W/WEBP_402378-T2/images/I/31nZs1BL4tL._SX300_SY300_QL70_FMwebp_.jpg,https://www.amazon.in/PHILIPS-Digital-HD9252-90-Technology/dp/B097RJ867P/ref=sr_1_107?qid=1672923596&s=kitchen&sr=1-107,1,58.74059947841969,0,-0.4067479770187591,-1.5829394984272598,segmento misto
B00GGGOYEU,Storite USB 2.0 A to Mini 5 pin B Cable for External HDDS/Camera/Card Readers (150cm - 1.5M),Computers&Accessories|Accessories&Peripherals|Cables&Accessories|Cables|USBCables,Computers&Accessories,Accessories&Peripherals,299.0,699.0,57.0,3.9,1454.0,400.0,budget,high,high,https://m.media-amazon.com/images/W/WEBP_402378-T1/images/I/41Wb7LHAeLL._SY300_SX300_QL70_FMwebp_.jpg,https://www.amazon.in/Storite-USB-2-0-Mini-External/dp/B00GGGOYEU/ref=sr_1_489?qid=1672909149&s=electronics&sr=1-489,1,58.73390337175572,1,-0.41588341611778845,0.9278544680514258,segmento misto
B00N3XLDW0,ENVIE ECR-20 Charger for AA & AAA Rechargeable Batteries,Electronics|Cameras&Photography|Accessories|Batteries&Chargers|BatteryChargers,Electronics,Cameras&Photography,299.0,400.0,25.0,3.8,40895.0,101.0,budget,medium,high,https://m.media-amazon.com/images/W/WEBP_402378-T1/images/I/31Dj+5AQcJL._SY300_SX300_.jpg,https://www.amazon.in/ENVIE-ECR-20-Charger-Rechargeable-Batteries/dp/B00N3XLDW0/ref=sr_1_288?qid=1672903008&s=computers&sr=1-288,1,58.72999916039869,0,-0.7061724267897235,0.1027745911937133,segmento misto
B0977CGNJJ,"AGARO Royal Stand 1000W Mixer with 5L SS Bowl and 8 Speed Setting, Includes Whisking Cone, Mixing Beater & Dough Hook, and Splash Guard, 2 Years Warranty, (Black), Medium (33554)",Home&Kitchen|Kitchen&HomeAppliances|SmallKitchenAppliances|StandMixers,Home&Kitchen,Kitchen&HomeAppliances,5999.0,11495.0,48.0,4.3,534.0,5496.0,premium,medium,medium,https://m.media-amazon.com/images/I/41hYZPZaWfS._SX300_SY300_QL70_FMwebp_.jpg,https://www.amazon.in/AGARO-Setting-Whisking-Warranty-33554/dp/B0977CGNJJ/ref=sr_1_466?qid=1672923615&s=kitchen&sr=1-466,1,58.72252409457994,0,-0.11493049055535583,-0.5013111145953034,segmento misto
B0B9RN5X8B,V-Guard Zio Instant Water Geyser | 3 Litre | 3000 W Heating | White-Blue | | 2 Year Warranty,"Home&Kitchen|Heating,Cooling&AirQuality|WaterHeaters&Geysers|InstantWaterHeaters",Home&Kitchen,"Heating,Cooling&AirQuality",2699.0,4700.0,43.0,4.2,1296.0,2001.0,premium,medium,high,https://m.media-amazon.com/images/I/21ndIZtC7HL._SX300_SY300_QL70_FMwebp_.jpg,https://www.amazon.in/V-Guard-Instant-Heating-White-Blue-Warranty/dp/B0B9RN5X8B/ref=sr_1_171?qid=1672923598&s=kitchen&sr=1-171,1,58.67143243582292,0,-0.29014512301178724,-0.1959227894762116,segmento misto
B0883LQJ6B,"Usha Goliath GO1200WG Heavy Weight 1200-Watt Dry Iron, 1.8 Kg(Red)","Home&Kitchen|Kitchen&HomeAppliances|Vacuum,Cleaning&Ironing|Irons,Steamers&Accessories|Irons|DryIrons",Home&Kitchen,Kitchen&HomeAppliances,1199.0,1690.0,29.0,4.2,4580.0,491.0,mid,medium,high,https://m.media-amazon.com/images/I/31XPVmD8gUL._SX300_SY300_QL70_FMwebp_.jpg,https://www.amazon.in/Goliath-GO1200WG-Weight-1200-Watt-Maroon/dp/B0883LQJ6B/ref=sr_1_236?qid=1672923603&s=kitchen&sr=1-236,1,58.67006742475184,0,-0.4801216326680914,-0.4741123254269921,segmento misto
B07WJV6P1R,"iQOO Z6 Lite 5G by vivo (Stellar Green, 6GB RAM, 128GB Storage) | World's First Snapdragon 4 Gen 1 | 120Hz Refresh Rate | 5000mAh Battery | Travel Adapter to be Purchased Separately",Electronics|Mobiles&Accessories|Smartphones&BasicMobiles|Smartphones,Electronics,Mobiles&Accessories,15499.0,18999.0,18.0,4.1,19252.0,3500.0,luxury,low,high,https://m.media-amazon.com/images/I/4105IiC5tDL._SX300_SY300_QL70_ML2_.jpg,https://www.amazon.in/iQOO-Stellar-Snapdragon-Purchased-Separately/dp/B07WJV6P1R/ref=sr_1_47?qid=1672895755&s=electronics&sr=1-47,1,58.64614252990472,3,-0.8487764740585443,-1.7970913065152225,premium bem avaliado
B07WDK3ZS6,"iQOO Z6 Lite 5G by vivo (Mystic Night, 6GB RAM, 128GB Storage) | World's First Snapdragon 4 Gen 1 | 120Hz Refresh Rate | 5000mAh Battery | Travel Adapter to be Purchased Separately",Electronics|Mobiles&Accessories|Smartphones&BasicMobiles|Smartphones,Electronics,Mobiles&Accessories,15499.0,18999.0,18.0,4.1,19252.0,3500.0,luxury,low,high,https://m.media-amazon.com/images/I/41Yylo75u7L._SX300_SY300_QL70_ML2_.jpg,https://www.amazon.in/iQOO-Storage-Snapdragon-Purchased-Separately/dp/B07WDK3ZS6/ref=sr_1_108?qid=1672895777&s=electronics&sr=1-108,1,58.64614252990472,3,-0.8487764740585443,-1.7970913065152225,premium bem avaliado
B09CTWFV5W,"PHILIPS Air Fryer HD9200/90, uses up to 90% less fat, 1400W, 4.1 Liter, with Rapid Air Technology (Black), Large",Home&Kitchen|Kitchen&HomeAppliances|SmallKitchenAppliances|DeepFatFryers|AirFryers,Home&Kitchen,Kitchen&HomeAppliances,7199.0,9995.0,28.0,4.4,1964.0,2796.0,premium,medium,high,https://m.media-amazon.com/images/I/31rniMTmdkL._SX300_SY300_QL70_FMwebp_.jpg,https://www.amazon.in/PHILIPS-Fryer-HD9200-90-Technology/dp/B09CTWFV5W/ref=sr_1_251?qid=1672923605&s=kitchen&sr=1-251,1,58.5741297790213,0,-0.33969414296878275,-1.339126657324584,segmento misto
B085194JFL,"tizum HDMI to VGA Adapter Cable 1080P for Projector, Computer, Laptop, TV, Projectors & TV","Electronics|HomeTheater,TV&Video|Accessories|Cables|HDMICables",Electronics,"HomeTheater,TV&Video",279.0,499.0,44.0,3.7,10962.0,220.0,budget,medium,high,https://m.media-amazon.com/images/W/WEBP_402378-T1/images/I/31MIyzg8uzL._SX300_SY300_QL70_FMwebp_.jpg,https://www.amazon.in/Adapter-Projector-Computer-Laptop-Projectors/dp/B085194JFL/ref=sr_1_23?qid=1672909124&s=electronics&sr=1-23,2,58.566641393694695,1,-0.8294249139751767,0.9008423464085135,segmento misto
B0B12K5BPM,"ZEBRONICS Zeb-Astra 20 Wireless BT v5.0 Portable Speaker with 10W RMS Output, TWS, 10H Backup Approx, Built in Rechargeable Battery FM Radio, AUX, mSD, USB, Call Function and Dual 52mm Drivers Multi",Electronics|HomeAudio|Speakers|BluetoothSpeakers,Electronics,HomeAudio,1049.0,2299.0,54.0,3.9,1779.0,1250.0,mid,high,high,https://m.media-amazon.com/images/W/WEBP_402378-T2/images/I/31ZMMGdh5nL._SX300_SY300_QL70_FMwebp_.jpg,https://www.amazon.in/ZEBRONICS-Zeb-Astra-20-Wireless-Rechargeable/dp/B0B12K5BPM/ref=sr_1_93?qid=1672902998&s=computers&sr=1-93,1,58.530699904411954,1,-0.49078473265910505,0.7832432821475097,segmento misto
B01GZSQJPA,"Philips HL7756/00 Mixer Grinder, 750W, 3 Jars (Black)",Home&Kitchen|Kitchen&HomeAppliances|SmallKitchenAppliances|MixerGrinders,Home&Kitchen,Kitchen&HomeAppliances,3699.0,4295.0,14.0,4.1,26543.0,596.0,premium,low,high,https://m.media-amazon.com/images/I/31eyLyEftOL._SX300_SY300_QL70_FMwebp_.jpg,https://www.amazon.in/Philips-HL7756-00-750-Watt-Grinder/dp/B01GZSQJPA/ref=sr_1_115?qid=1672923596&s=kitchen&sr=1-115,1,58.52954991176301,0,-0.6970693798316437,-0.9767396813103246,segmento misto
B07JF9B592,MAONO AU-400 Lavalier Auxiliary Omnidirectional Microphone (Black),MusicalInstruments|Microphones|Condenser,MusicalInstruments,Microphones,478.0,699.0,32.0,3.8,20218.0,221.0,budget,medium,high,https://m.media-amazon.com/images/W/WEBP_402378-T1/images/I/413viCgpI+L._SY300_SX300_.jpg,https://www.amazon.in/Maono-AU-400-Lavalier-Microphone-Black/dp/B07JF9B592/ref=sr_1_237?qid=1672903006&s=computers&sr=1-237,1,58.51394882138293,1,-0.8146849258725821,0.34365219994710333,segmento misto
B098TV3L96,Electvision Remote Control for led Smart tv Compatible with VU Smart Led (Without Voice),"Electronics|HomeTheater,TV&Video|Accessories|RemoteControls",Electronics,"HomeTheater,TV&Video",349.0,1999.0,83.0,3.8,197.0,1650.0,budget,high,medium,https://m.media-amazon.com/images/W/WEBP_402378-T2/images/I/41rEpW57SyL._SX300_SY300_QL70_FMwebp_.jpg,https://www.amazon.in/Electvision-Remote-Control-Compatible-Without/dp/B098TV3L96/ref=sr_1_279?qid=1672909138&s=electronics&sr=1-279,1,58.432429534343285,1,-0.13750205351889538,1.8321797897626513,segmento misto
B07WGMMQGP,"iQOO vivo Z6 5G (Chromatic Blue, 6GB RAM, 128GB Storage) | Snapdragon 695-6nm Processor | 120Hz FHD+ Display | 5000mAh Battery",Electronics|Mobiles&Accessories|Smartphones&BasicMobiles|Smartphones,Electronics,Mobiles&Accessories,16499.0,20999.0,21.0,4.0,21350.0,4500.0,luxury,medium,high,https://m.media-amazon.com/images/I/41OaM+9ZHXL._SY300_SX300_.jpg,https://www.amazon.in/iQOO-Chromatic-Storage-Snapdragon-Processor/dp/B07WGMMQGP/ref=sr_1_36?qid=1672895755&s=electronics&sr=1-36,1,58.41576747966942,3,-0.9426378634918807,-1.61965869005438,premium bem avaliado
B07WJWRNVK,"iQOO vivo Z6 5G (Dynamo Black, 6GB RAM, 128GB Storage) | Snapdragon 695-6nm Processor | 120Hz FHD+ Display | 5000mAh Battery",Electronics|Mobiles&Accessories|Smartphones&BasicMobiles|Smartphones,Electronics,Mobiles&Accessories,16499.0,20990.0,21.0,4.0,21350.0,4491.0,luxury,medium,high,https://m.media-amazon.com/images/I/41S7tnENirL._SX300_SY300_QL70_ML2_.jpg,https://www.amazon.in/iQOO-Storage-Snapdragon-695-6nm-Processor/dp/B07WJWRNVK/ref=sr_1_136?qid=1672895784&s=electronics&sr=1-136,1,58.41576747966942,3,-0.9426378634918807,-1.61965869005438,premium bem avaliado
B07W4HTS8Q,ACTIVA Instant 3 LTR 3 KVA SPECIAL Anti Rust Coated Tank Geyser with Full ABS Body with 5 Year Warranty Premium (White),"Home&Kitchen|Heating,Cooling&AirQuality|WaterHeaters&Geysers|InstantWaterHeaters",Home&Kitchen,"Heating,Cooling&AirQuality",1899.0,3790.0,50.0,3.8,3842.0,1891.0,mid,medium,high,https://m.media-amazon.com/images/W/WEBP_402378-T1/images/I/31RwSnyZZ+L._SY300_SX300_.jpg,https://www.amazon.in/ACTIVA-Instant-SPCEIAL-Warranty-Premium/dp/B07W4HTS8Q/ref=sr_1_245?qid=1672923603&s=kitchen&sr=1-245,1,58.40369539688168,1,-0.6963708151436624,0.7778041188395712,segmento misto
B07LDPLSZC,"Havells Glydo 1000 watt Dry Iron With American Heritage Non Stick Sole Plate, Aerodynamic Design, Easy Grip Temperature Knob & 2 years Warranty. (Charcoal Blue)","Home&Kitchen|Kitchen&HomeAppliances|Vacuum,Cleaning&Ironing|Irons,Steamers&Accessories|Irons|DryIrons",Home&Kitchen,Kitchen&HomeAppliances,849.0,1190.0,29.0,4.2,4184.0,341.0,mid,medium,high,https://m.media-amazon.com/images/W/WEBP_402378-T1/images/I/41JWKjRa+PL._SX300_SY300_.jpg,https://www.amazon.in/Havells-Glydo-1000-Watt-Iron-Charcoal/dp/B07LDPLSZC/ref=sr_1_396?qid=1672923612&s=kitchen&sr=1-396,1,58.40338892409229,0,-0.5007461053808289,-0.4441795812487183,segmento misto
B00J4YG0PC,"Classmate Long Notebook - 140 Pages, Single Line, 297mm x 210mm (Pack of 12)","OfficeProducts|OfficePaperProducts|Paper|Stationery|Notebooks,WritingPads&Diaries|CompositionNotebooks",OfficeProducts,OfficePaperProducts,561.0,720.0,22.0,4.4,3182.0,159.0,mid,medium,high,https://m.media-amazon.com/images/I/41+vZl3dF7L._SY300_SX300_.jpg,https://www.amazon.in/Classmate-Long-Notebook-Cover-Single/dp/B00J4YG0PC/ref=sr_1_225?qid=1672903006&s=computers&sr=1-225,1,58.40108921814391,0,-0.35739454192888287,-0.9734562076856563,segmento misto
B00LZLPYHW,"Classmate 2100117 Soft Cover 6 Subject Spiral Binding Notebook, Single Line, 300 Pages","OfficeProducts|OfficePaperProducts|Paper|Stationery|Notebooks,WritingPads&Diaries|WireboundNotebooks",OfficeProducts,OfficePaperProducts,137.0,160.0,14.0,4.4,6537.0,23.0,budget,low,high,https://m.media-amazon.com/images/W/WEBP_402378-T2/images/I/51owoY2Xq7L._SX300_SY300_QL70_FMwebp_.jpg,https://www.amazon.in/Classmate-Premium-Subject-Notebook-Single/dp/B00LZLPYHW/ref=sr_1_153?qid=1672903002&s=computers&sr=1-153,1,58.396599613974566,0,-0.45692947236353876,-1.1716748213163186,segmento misto
B07WGPBXY9,"Pigeon by Stovekraft Quartz Electric Kettle (14299) 1.7 Litre with Stainless Steel Body, used for boiling Water, making tea and coffee, instant noodles, soup etc. 1500 Watt (Silver)",Home&Kitchen|Kitchen&HomeAppliances|SmallKitchenAppliances|Kettles&HotWaterDispensers|ElectricKettles,Home&Kitchen,Kitchen&HomeAppliances,899.0,1249.0,28.0,3.9,17424.0,350.0,mid,medium,high,https://m.media-amazon.com/images/W/WEBP_402378-T1/images/I/31TLru4LT8L._SX300_SY300_QL70_FMwebp_.jpg,https://www.amazon.in/Pigeon-Stovekraft-Quartz-Electric-Kettle/dp/B07WGPBXY9/ref=sr_1_100?qid=1672923595&s=kitchen&sr=1-100,1,58.34479176387977,0,-0.7958933220248205,0.026468151102303456,segmento misto
B07QHHCB27,KENT 16044 Hand Blender Stainless Steel 400 W | Variable Speed Control | Easy to Clean and Store | Low Noise Operation,Home&Kitchen|Kitchen&HomeAppliances|SmallKitchenAppliances|HandBlenders,Home&Kitchen,Kitchen&HomeAppliances,1499.0,2100.0,29.0,4.1,6355.0,601.0,mid,medium,high,https://m.media-amazon.com/images/W/WEBP_402378-T1/images/I/21-SFWqfgyS._SX300_SY300_QL70_FMwebp_.jpg,https://www.amazon.in/Kent-KENT-Hand-Blender/dp/B07QHHCB27/ref=sr_1_142?qid=1672923597&s=kitchen&sr=1-142,1,58.30268698301455,0,-0.6310155894631243,-0.32247818742920964,segmento misto
B00S9BSJC8,Philips Viva Collection HR1832/00 1.5-Litre400-Watt Juicer (Ink Black),Home&Kitchen|Kitchen&HomeAppliances|SmallKitchenAppliances|Juicers,Home&Kitchen,Kitchen&HomeAppliances,6499.0,8995.0,28.0,4.3,2810.0,2496.0,premium,medium,high,https://m.media-amazon.com/images/W/WEBP_402378-T2/images/I/31-jt474B1L._SX300_SY300_QL70_FMwebp_.jpg,https://www.amazon.in/Philips-Viva-Collection-HR1832-1-5-Litre400-Watt/dp/B00S9BSJC8/ref=sr_1_238?qid=1672923603&s=kitchen&sr=1-238,1,58.296908280515765,0,-0.4796310833520691,-1.1042411409079216,segmento misto
B08MV82R99,Bajaj Waterproof 1500 Watts Immersion Rod Heater,"Home&Kitchen|Heating,Cooling&AirQuality|WaterHeaters&Geysers|ImmersionRods",Home&Kitchen,"Heating,Cooling&AirQuality",653.0,1020.0,36.0,4.1,3366.0,367.0,mid,medium,high,https://m.media-amazon.com/images/I/31XMh-zc1IL._SX300_SY300_QL70_FMwebp_.jpg,https://www.amazon.in/Bajaj-Waterproof-Watts-Immersion-Heater/dp/B08MV82R99/ref=sr_1_101?qid=1672923596&s=kitchen&sr=1-101,1,58.290257160431935,0,-0.5296553838742296,-0.05059796520020532,segmento misto
B091KNVNS9,Themisto 350 Watts Egg Boiler-Blue,Home&Kitchen|Kitchen&HomeAppliances|SmallKitchenAppliances|EggBoilers,Home&Kitchen,Kitchen&HomeAppliances,368.0,699.0,47.0,4.1,1240.0,331.0,budget,medium,high,https://m.media-amazon.com/images/W/WEBP_402378-T2/images/I/315o5vpD66L._SX300_SY300_QL70_FMwebp_.jpg,https://www.amazon.in/Themisto-350-Watts-Egg-Boiler-Blue/dp/B091KNVNS9/ref=sr_1_134?qid=1672923597&s=kitchen&sr=1-134,1,58.27174252537694,0,-0.35794460119046767,0.2848575355337033,segmento misto
B00LM4W1N2,Parker Classic Gold Gold Trim Ball Pen,"OfficeProducts|OfficePaperProducts|Paper|Stationery|Pens,Pencils&WritingSupplies|Pens&Refills|RetractableBallpointPens",OfficeProducts,OfficePaperProducts,480.0,600.0,20.0,4.3,5719.0,120.0,budget,medium,high,https://m.media-amazon.com/images/I/41Ae67XZACL._SX300_SY300_QL70_FMwebp_.jpg,https://www.amazon.in/Parker-Classic-Gold-Ball-Pen/dp/B00LM4W1N2/ref=sr_1_197?qid=1672903005&s=computers&sr=1-197,1,58.26475507171573,0,-0.5118332325725587,-0.8494110330111244,segmento misto
B095PWLLY6,Crompton Hill Briz Deco 1200mm (48 inch) High Speed Designer Ceiling Fan (Smoked Brown),"Home&Kitchen|Heating,Cooling&AirQuality|Fans|CeilingFans",Home&Kitchen,"Heating,Cooling&AirQuality",1804.0,2380.0,24.0,4.0,15382.0,576.0,mid,medium,high,https://m.media-amazon.com/images/W/WEBP_402378-T2/images/I/31uAkMaOShS._SX300_SY300_QL70_FMwebp_.jpg,https://www.amazon.in/Crompton-1200mm-Designer-Ceiling-Smoked/dp/B095PWLLY6/ref=sr_1_303?qid=1672923607&s=kitchen&sr=1-303,1,58.24664381985893,0,-0.7702010264229525,-0.3321137488088162,segmento misto
B095JQVC7N,OnePlus 138.7 cm (55 inches) U Series 4K LED Smart Android TV 55U1S (Black),"Electronics|HomeTheater,TV&Video|Televisions|SmartTelevisions",Electronics,"HomeTheater,TV&Video",42999.0,59999.0,28.0,4.1,6753.0,17000.0,luxury,medium,high,https://m.media-amazon.com/images/I/41BaZZ48wjS._SX300_SY300_QL70_FMwebp_.jpg,https://www.amazon.in/OnePlus-138-7-inches-Android-55U1S/dp/B095JQVC7N/ref=sr_1_237?qid=1672909135&s=electronics&sr=1-237,1,58.21587773702765,3,-1.200686434218477,-3.7017085123217552,premium bem avaliado
B07L3NDN24,"ZEBRONICS Zeb-Fame 5watts 2.0 Multi Media Speakers with AUX, USB and Volume Control (Black)",Electronics|HomeAudio|Speakers|MultimediaSpeakerSystems,Electronics,HomeAudio,499.0,799.0,38.0,3.9,6742.0,300.0,budget,medium,high,https://m.media-amazon.com/images/W/WEBP_402378-T2/images/I/51X7oG9862L._SX300_SY300_QL70_FMwebp_.jpg,https://www.amazon.in/Zebronics-Zeb-Fame-Multi-Speakers-Control/dp/B07L3NDN24/ref=sr_1_253?qid=1672903007&s=computers&sr=1-253,1,58.20397765279785,0,-0.7368783951051182,0.368446677394038,segmento misto
B07YSJ7FF1,Crompton Brio 1000-Watts Dry Iron with Weilburger Coating (Sky Blue and White),"Home&Kitchen|Kitchen&HomeAppliances|Vacuum,Cleaning&Ironing|Irons,Steamers&Accessories|Irons|DryIrons",Home&Kitchen,Kitchen&HomeAppliances,645.0,1100.0,41.0,4.0,3271.0,455.0,mid,medium,high,https://m.media-amazon.com/images/I/41Yb7bZL3nL._SX300_SY300_QL70_FMwebp_.jpg,https://www.amazon.in/Crompton-BRIO-1000-Years-Warranty/dp/B07YSJ7FF1/ref=sr_1_375?qid=1672923611&s=kitchen&sr=1-375,1,58.20229031672095,0,-0.5864270357867831,0.26997767112609006,segmento misto
B01LY9W8AF,"Cello Eliza Plastic Laundry Bag/Basket, 50 litres, Light Grey",Home&Kitchen|HomeStorage&Organization|LaundryOrganization|LaundryBaskets,Home&Kitchen,HomeStorage&Organization,998.06,1282.0,22.0,4.2,7274.0,283.94000000000005,mid,medium,high,https://m.media-amazon.com/images/I/51CyJ9dUiWL._SX300_SY300_QL70_FMwebp_.jpg,https://www.amazon.in/Plastic-Laundry-Basket-Light-Grey/dp/B01LY9W8AF/ref=sr_1_314?qid=1672923607&s=kitchen&sr=1-314,1,58.17265065838675,0,-0.6112057754797809,-0.6596068323314586,segmento misto
B0BHYJ8CVF,"Portronics Key2 Combo Multimedia USB Wireless Keyboard and Mouse Set with 2.4 GHz Wireless Technology, Soft & Silent Button, Compact Size (Grey)","Computers&Accessories|Accessories&Peripherals|Keyboards,Mice&InputDevices|Keyboard&MouseSets",Computers&Accessories,Accessories&Peripherals,1149.0,1499.0,23.0,4.1,10443.0,350.0,mid,medium,high,https://m.media-amazon.com/images/I/41bX3o-ZHqL._SX300_SY300_QL70_FMwebp_.jpg,https://www.amazon.in/Portronics-Multimedia-Wireless-Keyboard-Technology/dp/B0BHYJ8CVF/ref=sr_1_336?qid=1672903011&s=computers&sr=1-336,1,58.17181590784652,0,-0.6993886657121959,-0.47286945292985316,segmento misto
B09NNHFSSF,CP PLUS 2MP Full HD Smart Wi-fi CCTV Security Camera | 360° with Pan Tilt | Two Way Talk | Cloud Monitor | Motion Detect | Night Vision | Supports SD Card (Up to 128 GB) | Alexa & Ok Google | CP-E21A,Electronics|Cameras&Photography|SecurityCameras|DomeCameras,Electronics,Cameras&Photography,1999.0,4700.0,57.0,3.8,1880.0,2701.0,mid,high,high,https://m.media-amazon.com/images/I/21o8KsIQqRL._SY300_SX300_QL70_FMwebp_.jpg,https://www.amazon.in/CP-PLUS-Intelligent-Compatible-Communication/dp/B09NNHFSSF/ref=sr_1_316?qid=1672903011&s=computers&sr=1-316,1,58.15802993681389,1,-0.6156431143168741,0.9707906602371242,segmento misto
B09NNZ1GF7,"Lint Remover For Clothes With 1 Year Warranty Fabric Shaver Lint Shaver for Woolen Clothes Blanket Jackets Stainless Steel Blades,Bedding, Clothes and Furniture Best Remover for Fabrics Portable Lint Shavers (White Orange)","Home&Kitchen|Kitchen&HomeAppliances|Vacuum,Cleaning&Ironing|Irons,Steamers&Accessories|LintShavers",Home&Kitchen,Kitchen&HomeAppliances,445.0,999.0,55.0,4.3,229.0,554.0,budget,high,medium,https://m.media-amazon.com/images/W/WEBP_402378-T1/images/I/51B4Ea7gRCL._SX300_SY300_QL70_FMwebp_.jpg,https://www.amazon.in/SAIELLIN-Clothes-Sweater-Defuzzer-Trimmer/dp/B09NNZ1GF7/ref=sr_1_458?qid=1672923614&s=kitchen&sr=1-458,1,58.09417955807164,4,0.027065772649767894,0.14408386578060028,barato com alto desconto
B0BD3T6Z1D,"Samsung Galaxy M32 Prime Edition (Light Blue, 4GB RAM, 64GB)",Electronics|Mobiles&Accessories|Smartphones&BasicMobiles|Smartphones,Electronics,Mobiles&Accessories,12999.0,13499.0,4.0,4.1,56098.0,500.0,luxury,low,high,https://m.media-amazon.com/images/I/41jna+YGP+L._SY300_SX300_.jpg,https://www.amazon.in/Samsung-Galaxy-Prime-Light-Blue/dp/B0BD3T6Z1D/ref=sr_1_193?qid=1672895806&s=electronics&sr=1-193,1,58.07723099752119,0,-0.7289674467323823,-2.0908536423567967,segmento misto
B07L1N3TJX,"Artis AR-45W-MG2 45 Watts MG2 Laptop Adapter/Charger Compatible with MB Air 13” & MB Air 11” (14.5 V, 3.1 A) Connector: MG2 (T Tip Connector)",Computers&Accessories|Accessories&Peripherals|LaptopAccessories|LaptopChargers&PowerSupplies,Computers&Accessories,Accessories&Peripherals,1699.0,3499.0,51.0,3.6,7689.0,1800.0,mid,high,high,https://m.media-amazon.com/images/I/31Wm6eo+yYL._SY300_SX300_.jpg,https://www.amazon.in/Artis-AR-45WMG2-Compatible-Laptop-Adaptor/dp/B07L1N3TJX/ref=sr_1_432?qid=1672903016&s=computers&sr=1-432,1,58.04905355120869,1,-0.9369184635549089,1.1718854237620713,segmento misto
B0811VCGL5,"Mi Air Purifier 3 with True HEPA Filter, removes air pollutants, smoke, odor, bacteria & viruses with 99.97% efficiency, coverage area up to 484 sq. ft., Wi-Fi & Voice control - Alexa/GA (white)","Home&Kitchen|Heating,Cooling&AirQuality|AirPurifiers|HEPAAirPurifiers",Home&Kitchen,"Heating,Cooling&AirQuality",9970.0,12999.0,23.0,4.3,4049.0,3029.0,premium,medium,high,https://m.media-amazon.com/images/W/WEBP_402378-T2/images/I/41Mktp5hVIL._SX300_SY300_QL70_FMwebp_.jpg,https://www.amazon.in/Mi-Purifier-Filter-Smart-Connectivity/dp/B0811VCGL5/ref=sr_1_182?qid=1672923600&s=kitchen&sr=1-182,1,58.04425949565272,0,-0.6199246730047564,-1.5267612821341454,segmento misto
B09G2VTHQM,"AGARO Classic Portable Yogurt Maker, 1.2L Capacity, Electric, Automatic, Grey and White, Medium (33603)",Home&Kitchen|Kitchen&HomeAppliances|SmallKitchenAppliances|YogurtMakers,Home&Kitchen,Kitchen&HomeAppliances,587.0,1295.0,55.0,4.1,557.0,708.0,mid,high,medium,https://m.media-amazon.com/images/W/WEBP_402378-T1/images/I/310umqMFDRL._SX300_SY300_QL70_FMwebp_.jpg,https://www.amazon.in/AGARO-Portable-Capacity-Automatic-33603/dp/B09G2VTHQM/ref=sr_1_362?qid=1672923610&s=kitchen&sr=1-362,1,58.04171631986718,4,-0.2471562730379411,0.49233307977000645,barato com alto desconto
B09F6KL23R,"SKYTONE Stainless Steel Electric Meat Grinders with Bowl 700W Heavy for Kitchen Food Chopper, Meat, Vegetables, Onion , Garlic Slicer Dicer, Fruit & Nuts Blender (2L, 700 Watts)",Home&Kitchen|Kitchen&HomeAppliances|SmallKitchenAppliances|MiniFoodProcessors&Choppers,Home&Kitchen,Kitchen&HomeAppliances,1414.0,2799.0,49.0,4.0,1498.0,1385.0,mid,medium,high,https://m.media-amazon.com/images/I/41b8AhOiYBL._SX300_SY300_QL70_FMwebp_.jpg,https://www.amazon.in/SKYTONE-Stainless-Electric-Grinders-Vegetables/dp/B09F6KL23R/ref=sr_1_178?qid=1672923600&s=kitchen&sr=1-178,1,58.02745366129931,0,-0.48962578311446253,0.4361053644542631,segmento misto
B08YRMBK9R,"Candes 10 Litre Perfecto 5 Star Rated Automatic Instant Storage Electric Water Heater with Special Metal Body Anti Rust Coating With Installation Kit, 2KW Geyser (Ivory)","Home&Kitchen|Heating,Cooling&AirQuality|WaterHeaters&Geysers|StorageWaterHeaters",Home&Kitchen,"Heating,Cooling&AirQuality",3249.0,6299.0,48.0,3.9,2569.0,3050.0,premium,medium,high,https://m.media-amazon.com/images/I/21NKf-n3WdL._SX300_SY300_QL70_FMwebp_.jpg,https://www.amazon.in/Candes-Automatic-Instant-Multiple-Perfecto/dp/B08YRMBK9R/ref=sr_1_438?qid=1672923613&s=kitchen&sr=1-438,1,58.01833494401553,1,-0.6568634289264689,0.4373109202979457,segmento misto
B0B9XN9S3W,Acer 80 cm (32 inches) N Series HD Ready TV AR32NSV53HD (Black),"Electronics|HomeTheater,TV&Video|Televisions|StandardTelevisions",Electronics,"HomeTheater,TV&Video",7999.0,14990.0,47.0,4.3,457.0,6991.0,premium,medium,medium,https://m.media-amazon.com/images/I/51FicDnawaL._SY300_SX300_QL70_FMwebp_.jpg,https://www.amazon.in/Acer-inches-Ready-AR32NSV53HD-Black/dp/B0B9XN9S3W/ref=sr_1_75?qid=1672909128&s=electronics&sr=1-75,1,57.99820021702487,0,-0.2172154339594429,-0.688962107042236,segmento misto
B0BNVBJW2S,"boAt Newly Launched Wave Electra with 1.81"" HD Display, Smart Calling Ultra-Seamless BT Calling Chip, 20 Built-in Watch Faces, 100 + Sports Modes, Menu Personalization, in-Built Games(Cherry Blossom)",Electronics|WearableTechnology|SmartWatches,Electronics,WearableTechnology,2499.0,7990.0,69.0,4.1,154.0,5491.0,premium,high,medium,https://m.media-amazon.com/images/I/41LDspRanIL._SX300_SY300_QL70_ML2_.jpg,https://www.amazon.in/boAt-Launched-Electra-Ultra-Seamless-Personalization/dp/B0BNVBJW2S/ref=sr_1_259?qid=1672895821&s=electronics&sr=1-259,1,57.98683046396189,4,-0.037778170668538856,0.7290086538499947,barato com alto desconto
B01F262EUU,"Samsung Original EHS64 Wired in Ear Earphones with Mic, Black","Electronics|Headphones,Earbuds&Accessories|Headphones|In-Ear",Electronics,"Headphones,Earbuds&Accessories",949.0,999.0,5.0,4.2,31539.0,50.0,mid,low,high,https://m.media-amazon.com/images/I/31+GLbqRPtL._SY300_SX300_.jpg,https://www.amazon.in/Samsung-Original-EHS64AVFBECINU-Hands-Free-Remote/dp/B01F262EUU/ref=sr_1_256?qid=1672895821&s=electronics&sr=1-256,1,57.97793955842418,0,-0.6742649109307589,-1.198977738590839,segmento misto
B09XB8GFBQ,"Redmi 10A (Charcoal Black, 4GB RAM, 64GB Storage) | 2 Ghz Octa Core Helio G25 | 5000 mAh Battery | Finger Print Sensor | Upto 5GB RAM with RAM Booster",Electronics|Mobiles&Accessories|Smartphones&BasicMobiles|Smartphones,Electronics,Mobiles&Accessories,8999.0,11999.0,25.0,4.0,12796.0,3000.0,premium,medium,high,https://m.media-amazon.com/images/I/41WpD4fqT4L._SX300_SY300_QL70_ML2_.jpg,https://www.amazon.in/Redmi-Charcoal-Storage-Battery-Booster/dp/B09XB8GFBQ/ref=sr_1_19?qid=1672895748&s=electronics&sr=1-19,1,57.96971394866952,0,-0.8964636462590008,-0.877091706882754,segmento misto
B09XB7DPW1,"Redmi 10A (Sea Blue, 4GB RAM, 64GB Storage) | 2 Ghz Octa Core Helio G25 | 5000 mAh Battery | Finger Print Sensor | Upto 5GB RAM with RAM Booster",Electronics|Mobiles&Accessories|Smartphones&BasicMobiles|Smartphones,Electronics,Mobiles&Accessories,8999.0,11999.0,25.0,4.0,12796.0,3000.0,premium,medium,high,https://m.media-amazon.com/images/I/41wNAXmtvIL._SX300_SY300_QL70_ML2_.jpg,https://www.amazon.in/Redmi-Storage-Battery-Finger-Booster/dp/B09XB7DPW1/ref=sr_1_42?qid=1672895755&s=electronics&sr=1-42,1,57.96971394866952,0,-0.8964636462590008,-0.877091706882754,segmento misto
B09XB7SRQ5,"Redmi 10A (Slate Grey, 4GB RAM, 64GB Storage) | 2 Ghz Octa Core Helio G25 | 5000 mAh Battery | Finger Print Sensor | Upto 5GB RAM with RAM Booster",Electronics|Mobiles&Accessories|Smartphones&BasicMobiles|Smartphones,Electronics,Mobiles&Accessories,8999.0,11999.0,25.0,4.0,12796.0,3000.0,premium,medium,high,https://m.media-amazon.com/images/I/41VcqwZ-O8L._SX300_SY300_QL70_ML2_.jpg,https://www.amazon.in/Redmi-Storage-Battery-Finger-Booster/dp/B09XB7SRQ5/ref=sr_1_50?qid=1672895762&s=electronics&sr=1-50,1,57.96971394866952,0,-0.8964636462590008,-0.877091706882754,segmento misto
B09CMQRQM6,"Ambrane Fast 100W Output Cable with Type-C to Type-C for Mobile, Laptop, Macbook & Table Charging, 480mbps Data Sync Speed, Braided Cable, 1.5m Length (ABCC-100, Black-Grey)",Computers&Accessories|Accessories&Peripherals|Cables&Accessories|Cables|USBCables,Computers&Accessories,Accessories&Peripherals,499.0,899.0,44.0,4.2,919.0,400.0,budget,medium,medium,https://m.media-amazon.com/images/I/31y7uO5DU8L._SX300_SY300_QL70_FMwebp_.jpg,https://www.amazon.in/Ambrane-Charging-480mbps-ABCC-100-Black-Grey/dp/B09CMQRQM6/ref=sr_1_166?qid=1672909131&s=electronics&sr=1-166,1,57.92437971663473,0,-0.3069495104298332,0.012099013312725676,segmento misto
B08CS3BT4L,Kodak 80 cm (32 inches) HD Ready Certified Android LED TV 32HDX7XPRO (Black),"Electronics|HomeTheater,TV&Video|Televisions|SmartTelevisions",Electronics,"HomeTheater,TV&Video",9999.0,12999.0,23.0,4.2,6088.0,3000.0,premium,medium,high,https://m.media-amazon.com/images/I/41ZptRPWCPL._SY300_SX300_QL70_FMwebp_.jpg,https://www.amazon.in/Kodak-Inches-Certified-Android-32HDX7XPRO/dp/B08CS3BT4L/ref=sr_1_163?qid=1672909131&s=electronics&sr=1-163,1,57.913690822594496,0,-0.7456935904673734,-1.354482713361977,segmento misto
B09T2WRLJJ,"Redmi Note 11 Pro + 5G (Phantom White, 8GB RAM, 128GB Storage) | 67W Turbo Charge | 120Hz Super AMOLED Display | Additional Exchange Offers | Charger Included",Electronics|Mobiles&Accessories|Smartphones&BasicMobiles|Smartphones,Electronics,Mobiles&Accessories,20999.0,26999.0,22.0,3.9,25824.0,6000.0,luxury,medium,high,https://m.media-amazon.com/images/I/410TBgL2KXL._SX300_SY300_QL70_ML2_.jpg,https://www.amazon.in/Redmi-Phantom-Additional-Exchange-Included/dp/B09T2WRLJJ/ref=sr_1_101?qid=1672895777&s=electronics&sr=1-101,1,57.90954366312433,3,-1.115340139621457,-1.7868226000791108,premium bem avaliado
B09LH32678,"JIALTO Mini Waffle Maker 4 Inch- 350 Watts: Stainless Steel Non-Stick Electric Iron Machine for Individual Belgian Waffles, Pan Cakes, Paninis or Other Snacks - Aqua blue",Home&Kitchen|Kitchen&HomeAppliances|SmallKitchenAppliances|WaffleMakers&Irons,Home&Kitchen,Kitchen&HomeAppliances,899.0,1999.0,55.0,4.0,832.0,1100.0,mid,high,medium,https://m.media-amazon.com/images/W/WEBP_402378-T2/images/I/41Ps3i9b4HL._SY300_SX300_QL70_FMwebp_.jpg,https://www.amazon.in/BONIRY-Waffle-Maker-Inch-Watts/dp/B09LH32678/ref=sr_1_390?qid=1672923611&s=kitchen&sr=1-390,1,57.89022792397135,1,-0.39629773004394847,0.646926304612109,segmento misto
B075S9FVRY,"Sujata Supermix, Mixer Grinder, 900 Watts, 3 Jars (White)",Home&Kitchen|Kitchen&HomeAppliances|SmallKitchenAppliances|MixerGrinders,Home&Kitchen,Kitchen&HomeAppliances,5490.0,7200.0,24.0,4.5,1408.0,1710.0,premium,medium,high,https://m.media-amazon.com/images/I/41wCglxg9qL._SX300_SY300_QL70_FMwebp_.jpg,https://www.amazon.in/Sujata-Supermix-AM-007-Watt-Juicer-Grinder/dp/B075S9FVRY/ref=sr_1_444?qid=1672923614&s=kitchen&sr=1-444,1,57.86254856278477,0,-0.3130898057846885,-1.4897752972427927,segmento misto
B00AXHBBXU,"Casio FX-82MS 2nd Gen Non-Programmable Scientific Calculator, 240 Functions and 2-line Display, Black",OfficeProducts|OfficeElectronics|Calculators|Scientific,OfficeProducts,OfficeElectronics,522.0,550.0,5.0,4.4,12179.0,28.0,mid,low,high,https://m.media-amazon.com/images/I/41LcHKyVl9L._SX300_SY300_QL70_FMwebp_.jpg,https://www.amazon.in/Casio-Non-Programmable-Scientific-Calculator-Functions/dp/B00AXHBBXU/ref=sr_1_79?qid=1672902998&s=computers&sr=1-79,1,57.83814053095507,0,-0.6053518640556435,-1.4685907053611849,segmento misto
B088WCFPQF,"Cafe JEI French Press Coffee and Tea Maker 600ml with 4 Level Filtration System, Heat Resistant Borosilicate Glass (Black, 600ml)","Home&Kitchen|Kitchen&HomeAppliances|Coffee,Tea&Espresso|CoffeePresses",Home&Kitchen,Kitchen&HomeAppliances,1099.0,1500.0,27.0,4.5,1065.0,401.0,mid,medium,high,https://m.media-amazon.com/images/W/WEBP_402378-T2/images/I/31YEW0-SNcL._SX300_SY300_QL70_FMwebp_.jpg,https://www.amazon.in/Cafe-JEI-Filtration-Resistant-Borosilicate/dp/B088WCFPQF/ref=sr_1_436?qid=1672923613&s=kitchen&sr=1-436,1,57.83756973844153,0,-0.2083285135424572,-1.050713418870064,segmento misto
B09C6HWG18,"Duracell Type C To Type C 5A (100W) Braided Sync & Fast Charging Cable, 3.9 Feet (1.2M). USB C to C Cable, Supports PD & QC 3.0 Charging, 5 GBPS Data Transmission – Black",Computers&Accessories|Accessories&Peripherals|Cables&Accessories|Cables|USBCables,Computers&Accessories,Accessories&Peripherals,970.0,1999.0,51.0,4.2,462.0,1029.0,mid,high,medium,https://m.media-amazon.com/images/W/WEBP_402378-T1/images/I/41v5BQZzfAL._SX300_SY300_QL70_FMwebp_.jpg,https://www.amazon.in/DURACELL-Type-C-braided-Charge-Cable/dp/B09C6HWG18/ref=sr_1_43?qid=1672909125&s=electronics&sr=1-43,2,57.76072344802237,0,-0.20928262489367325,0.170602898763899,segmento misto
B084N133Y7,"Belkin Apple Certified Lightning To Type C Cable, Fast Charging For Iphone, Ipad, Air Pods, 3.3 Feet (1 Meters)    White",Computers&Accessories|Accessories&Peripherals|Cables&Accessories|Cables|USBCables,Computers&Accessories,Accessories&Peripherals,1499.0,1999.0,25.0,4.4,1951.0,500.0,mid,medium,high,https://m.media-amazon.com/images/W/WEBP_402378-T2/images/I/21fnuilweNL._SY445_SX342_QL70_FMwebp_.jpg,https://www.amazon.in/Belkin-Lightning-iPhone-Charging-MFi-Certified/dp/B084N133Y7/ref=sr_1_175?qid=1672909133&s=electronics&sr=1-175,1,57.75667846270196,0,-0.38153254502722567,-0.960817522834816,segmento misto
B08CF4SCNP,"Quantum QHM-7406 Full-Sized Keyboard with (₹) Rupee Symbol, Hotkeys and 3-pieces LED function for Desktop/Laptop/Smart TV Spill-Resistant Wired USB Keyboard with 10 million keystrokes lifespan (Black)","Computers&Accessories|Accessories&Peripherals|Keyboards,Mice&InputDevices|Keyboards",Computers&Accessories,Accessories&Peripherals,299.0,599.0,50.0,3.8,3066.0,300.0,budget,medium,high,https://m.media-amazon.com/images/I/41y181oD7ZL._SX300_SY300_QL70_FMwebp_.jpg,https://www.amazon.in/Quantum-QHM-7406-Spill-Resistant-Wired-Keyboard/dp/B08CF4SCNP/ref=sr_1_104?qid=1672903000&s=computers&sr=1-104,1,57.73839462141217,1,-0.7360432958047136,0.9105432052236484,segmento misto
B09W5XR9RT,"Duracell USB C To Lightning Apple Certified (Mfi) Braided Sync & Charge Cable For Iphone, Ipad And Ipod. Fast Charging Lightning Cable, 3.9 Feet (1.2M) - Black",Computers&Accessories|Accessories&Peripherals|Cables&Accessories|Cables|USBCables,Computers&Accessories,Accessories&Peripherals,970.0,1999.0,51.0,4.4,184.0,1029.0,mid,high,medium,https://m.media-amazon.com/images/W/WEBP_402378-T2/images/I/4177nw8okbL._SX300_SY300_QL70_FMwebp_.jpg,https://www.amazon.in/Duracell-Lightning-Certified-Braided-Charging/dp/B09W5XR9RT/ref=sr_1_32?qid=1672909125&s=electronics&sr=1-32,3,57.72147781862345,0,0.05626888095640468,-0.18907435149685078,segmento misto
B092R48XXB,"Mi Robot Vacuum-Mop P, Best-in-class Laser Navigation in 10-20K INR price band, Intelligent mapping, Robotic Floor Cleaner with 2 in 1 Mopping and Vacuum, App Control (WiFi, Alexa,GA), Strong suction","Home&Kitchen|Kitchen&HomeAppliances|Vacuum,Cleaning&Ironing|Vacuums&FloorCare|Vacuums|RoboticVacuums",Home&Kitchen,Kitchen&HomeAppliances,18999.0,29999.0,37.0,4.1,2536.0,11000.0,luxury,medium,high,https://m.media-amazon.com/images/I/31grDt8hrBS._SX300_SY300_QL70_FMwebp_.jpg,https://www.amazon.in/Vacuum-Mop-Intelligent-Navigation-Connectivity-Assistant/dp/B092R48XXB/ref=sr_1_464?qid=1672923615&s=kitchen&sr=1-464,1,57.72134971062363,3,-0.8089140341336682,-1.5003468617995748,premium bem avaliado
B01M69WCZ6,"Allin Exporters J66 Ultrasonic Humidifier Cool Mist Air Purifier for Dryness, Cold & Cough Large Capacity for Room, Baby, Plants, Bedroom (2.4 L) (1 Year Warranty)","Home&Kitchen|Heating,Cooling&AirQuality|Humidifiers",Home&Kitchen,"Heating,Cooling&AirQuality",2249.0,3550.0,37.0,4.0,3973.0,1301.0,premium,medium,high,https://m.media-amazon.com/images/W/WEBP_402378-T2/images/I/21Kb8kWuKTL._SX300_SY300_QL70_FMwebp_.jpg,https://www.amazon.in/Allin-Exporters-Ultrasonic-Humidifier-Purifier/dp/B01M69WCZ6/ref=sr_1_293?qid=1672923606&s=kitchen&sr=1-293,1,57.71178659979185,0,-0.7090331121853805,0.02805400621377448,segmento misto
B078HG2ZPS,"Butterfly Smart Wet Grinder, 2L (White) with Coconut Scrapper Attachment, Output - 150 W, Input 260 W",Home&Kitchen|Kitchen&HomeAppliances|SmallKitchenAppliances|Mills&Grinders|WetGrinders,Home&Kitchen,Kitchen&HomeAppliances,3657.66,5156.0,29.0,3.9,12837.0,1498.34,premium,medium,high,https://m.media-amazon.com/images/I/414JLnTlLnL._SY300_SX300_QL70_FMwebp_.jpg,https://www.amazon.in/Butterfly-150-Watt-Grinder-Scrapper-Attachment/dp/B078HG2ZPS/ref=sr_1_221?qid=1672923601&s=kitchen&sr=1-221,1,57.7096455676176,0,-0.9123064776480487,-0.15383590963046395,segmento misto
B06XGWRKYT,Kodak 80 cm (32 Inches) HD Ready LED TV Kodak 32HDX900S (Black),"Electronics|HomeTheater,TV&Video|Televisions|StandardTelevisions",Electronics,"HomeTheater,TV&Video",7999.0,15999.0,50.0,3.8,3022.0,8000.0,premium,medium,high,https://m.media-amazon.com/images/I/51xYKHUpdHL._SY300_SX300_QL70_FMwebp_.jpg,https://www.amazon.in/Kodak-inches-32HDX900S-Ready-Black/dp/B06XGWRKYT/ref=sr_1_451?qid=1672909146&s=electronics&sr=1-451,1,57.69577186450978,1,-0.8418290274192803,0.28911342105086274,segmento misto
B08GJNM9N7,LOHAYA Television Remote Compatible for VU LED LCD HD Tv Remote Control Model No :- EN2B27V,"Electronics|HomeTheater,TV&Video|Accessories|RemoteControls",Electronics,"HomeTheater,TV&Video",299.0,1199.0,75.0,3.7,490.0,900.0,budget,high,medium,https://m.media-amazon.com/images/W/WEBP_402378-T2/images/I/316rtwd6jOL._SX300_SY300_QL70_FMwebp_.jpg,https://www.amazon.in/LOHAYA-Television-Remote-Compatible-Control/dp/B08GJNM9N7/ref=sr_1_213?qid=1672909134&s=electronics&sr=1-213,1,57.65022956918256,1,-0.4708201648470326,1.7944728500209257,segmento misto
B0BN6M3TCM,"VRPRIME Lint Roller Lint Remover for Clothes, Pet | 360 Sheets Reusable Sticky Easy-Tear Sheet Brush for Clothes, Furniture, Carpet, Dog Fur, Sweater, Dust & Dirt (4 Rolls - 90 Sheet Each Roll)","Home&Kitchen|Kitchen&HomeAppliances|Vacuum,Cleaning&Ironing|Irons,Steamers&Accessories|LintShavers",Home&Kitchen,Kitchen&HomeAppliances,499.0,999.0,50.0,4.6,79.0,500.0,budget,medium,low,https://m.media-amazon.com/images/W/WEBP_402378-T2/images/I/51qZekzGLxL._SX300_SY300_QL70_FMwebp_.jpg,https://www.amazon.in/VRPRIME-Remover-Reusable-Easy-Tear-Furniture/dp/B0BN6M3TCM/ref=sr_1_230?qid=1672923603&s=kitchen&sr=1-230,1,57.64942007922203,0,0.3098371345891673,-0.5390037627127794,segmento misto
B09T2S8X9C,"Redmi Note 11 Pro + 5G (Stealth Black, 8GB RAM, 256GB Storage) | 67W Turbo Charge | 120Hz Super AMOLED Display | Additional Exchange Offers | Charger Included",Electronics|Mobiles&Accessories|Smartphones&BasicMobiles|Smartphones,Electronics,Mobiles&Accessories,22999.0,28999.0,21.0,3.9,25824.0,6000.0,luxury,medium,high,https://m.media-amazon.com/images/I/41iEZV6nKbL._SX300_SY300_QL70_ML2_.jpg,https://www.amazon.in/Redmi-Stealth-Additional-Exchange-Included/dp/B09T2S8X9C/ref=sr_1_109?qid=1672895777&s=electronics&sr=1-109,1,57.64358621631583,3,-1.1803572496425963,-1.9756025112823246,premium bem avaliado
B09FZ89DK6,"Eureka Forbes Supervac 1600 Watts Powerful Suction,bagless Vacuum Cleaner with cyclonic Technology,7 Accessories,1 Year Warranty,Compact,Lightweight & Easy to use (Red)","Home&Kitchen|Kitchen&HomeAppliances|Vacuum,Cleaning&Ironing|Vacuums&FloorCare|Vacuums|CanisterVacuums",Home&Kitchen,Kitchen&HomeAppliances,5999.0,9999.0,40.0,4.2,1191.0,4000.0,premium,medium,high,https://m.media-amazon.com/images/W/WEBP_402378-T1/images/I/31ixn2s6IbL._SX300_SY300_QL70_FMwebp_.jpg,https://www.amazon.in/Eureka-Forbes-Powerful-Technology-GFCDSFSVL00000/dp/B09FZ89DK6/ref=sr_1_180?qid=1672923600&s=kitchen&sr=1-180,1,57.62454778088441,0,-0.470338755936127,-0.5434875949374242,segmento misto
B07WHQBZLS,"iQOO vivo Z6 5G (Chromatic Blue, 8GB RAM, 128GB Storage) | Snapdragon 695-6nm Processor | 120Hz FHD+ Display | 5000mAh Battery",Electronics|Mobiles&Accessories|Smartphones&BasicMobiles|Smartphones,Electronics,Mobiles&Accessories,17999.0,21990.0,18.0,4.0,21350.0,3991.0,luxury,low,high,https://m.media-amazon.com/images/I/41OaM+9ZHXL._SY300_SX300_.jpg,https://www.amazon.in/iQOO-Chromatic-Storage-Snapdragon-Processor/dp/B07WHQBZLS/ref=sr_1_123?qid=1672895784&s=electronics&sr=1-123,1,57.61789513924389,3,-1.0781108526674372,-1.8227013248600252,premium bem avaliado
B084872DQY,Mi 80 cm (32 inches) HD Ready Android Smart LED TV 4A PRO | L32M5-AL (Black),"Electronics|HomeTheater,TV&Video|Televisions|SmartTelevisions",Electronics,"HomeTheater,TV&Video",14999.0,14999.0,0.0,4.3,27508.0,0.0,luxury,low,high,https://m.media-amazon.com/images/W/WEBP_402378-T1/images/I/51xmNdrIlcS._SY300_SX300_QL70_FMwebp_.jpg,https://www.amazon.in/Mi-inches-Ready-Android-Black/dp/B084872DQY/ref=sr_1_488?qid=1672909149&s=electronics&sr=1-488,1,57.578142364134656,0,-0.8842378234333079,-2.6402610300515352,segmento misto
B08KHM9VBJ,"Airtel AMF-311WW Data Card (Black), 4g Hotspot Support with 2300 Mah Battery",Computers&Accessories|NetworkingDevices|DataCards&Dongles,Computers&Accessories,NetworkingDevices,2099.0,3250.0,35.0,3.8,11213.0,1151.0,premium,medium,high,https://m.media-amazon.com/images/W/WEBP_402378-T2/images/I/31pnooau8vS._SX300_SY300_QL70_FMwebp_.jpg,https://www.amazon.in/Airtel-DigitalTV-Hotspot-Router-ongle/dp/B08KHM9VBJ/ref=sr_1_266?qid=1672903008&s=computers&sr=1-266,1,57.57312873433506,1,-0.9506113456305285,0.32430295571463513,segmento misto
B09BVCVTBC,"Redragon K617 Fizz 60% Wired RGB Gaming Keyboard, 61 Keys Compact Mechanical Keyboard w/White and Grey Color Keycaps, Linear Red Switch, Pro Driver/Software Supported",Computers&Accessories|Accessories&Peripherals|PCGamingPeripherals|GamingKeyboards,Computers&Accessories,Accessories&Peripherals,2649.0,3499.0,24.0,4.5,1271.0,850.0,premium,medium,high,https://m.media-amazon.com/images/I/41nRBNNDnNL._SX300_SY300_QL70_FMwebp_.jpg,https://www.amazon.in/Redragon-K617-Keyboard-Mechanical-Supported/dp/B09BVCVTBC/ref=sr_1_362?qid=1672903013&s=computers&sr=1-362,1,57.56083085872239,0,-0.30088624086056287,-1.2594200604571448,segmento misto
B08HDCWDXD,"Eureka Forbes Active Clean 700 Watts Powerful Suction & Blower Vacuum Cleaner with Washable HEPA Filter & 6 Accessories,1 Year Warranty,Compact,Light Weight & Easy to use (Red & Black)","Home&Kitchen|Kitchen&HomeAppliances|Vacuum,Cleaning&Ironing|Vacuums&FloorCare|Vacuums|HandheldVacuums",Home&Kitchen,Kitchen&HomeAppliances,3179.0,6999.0,55.0,4.0,743.0,3820.0,premium,high,medium,https://m.media-amazon.com/images/I/41zqeckaQtS._SY300_SX300_QL70_FMwebp_.jpg,https://www.amazon.in/Eureka-Forbes-Active-Cleaner-washable/dp/B08HDCWDXD/ref=sr_1_273?qid=1672923606&s=kitchen&sr=1-273,1,57.55694072694473,1,-0.45391837791520245,0.463772462821485,segmento misto
B09PLD9TCD,Kodak 126 cm (50 inches) Bezel-Less Design Series 4K Ultra HD Smart Android LED TV 50UHDX7XPROBL (Black),"Electronics|HomeTheater,TV&Video|Televisions|SmartTelevisions",Electronics,"HomeTheater,TV&Video",26999.0,42999.0,37.0,4.2,1510.0,16000.0,luxury,medium,high,https://m.media-amazon.com/images/I/41s2f-e1d3L._SY300_SX300_QL70_FMwebp_.jpg,https://www.amazon.in/Kodak-inches-Android-50UHDX7XPROBL-Bezel-Less/dp/B09PLD9TCD/ref=sr_1_473?qid=1672909147&s=electronics&sr=1-473,1,57.52614979273017,3,-0.8050616677386524,-2.323125327131227,premium bem avaliado
B0BHVPTM2C,HB Plus Folding Height Adjustable Aluminum Foldable Portable Adjustment Desktop Laptop Holder Riser Stand,Computers&Accessories|Accessories&Peripherals|LaptopAccessories|Lapdesks,Computers&Accessories,Accessories&Peripherals,398.0,1949.0,80.0,4.0,75.0,1551.0,budget,high,low,https://m.media-amazon.com/images/W/WEBP_402378-T1/images/I/41AKgxsBONL._SY300_SX300_QL70_FMwebp_.jpg,https://www.amazon.in/HB-Adjustable-Aluminum-Foldable-Adjustment/dp/B0BHVPTM2C/ref=sr_1_439?qid=1672903017&s=computers&sr=1-439,1,57.4768468746453,4,0.0039462825875292385,1.386384185781928,barato com alto desconto
B07Z51CGGH,"Eureka Forbes Wet & Dry Ultimo 1400 Watts Multipurpose Vacuum Cleaner,Power Suction & Blower with 20 litres Tank Capacity,6 Accessories,1 Year Warranty,Compact,Light Weight & Easy to use (Red)","Home&Kitchen|Kitchen&HomeAppliances|Vacuum,Cleaning&Ironing|Vacuums&FloorCare|Vacuums|Wet-DryVacuums",Home&Kitchen,Kitchen&HomeAppliances,5499.0,9999.0,45.0,3.8,4353.0,4500.0,premium,medium,high,https://m.media-amazon.com/images/W/WEBP_402378-T1/images/I/41jJqhC9nfL._SX300_SY300_QL70_FMwebp_.jpg,https://www.amazon.in/Eureka-Forbes-Wet-Dry-Ultimo/dp/B07Z51CGGH/ref=sr_1_166?qid=1672923598&s=kitchen&sr=1-166,1,57.44214574043218,1,-0.9022098489749707,0.3483830289028453,segmento misto
B0BP18W8TM,"Fire-Boltt Gladiator 1.96"" Biggest Display Smart Watch with Bluetooth Calling, Voice Assistant &123 Sports Modes, 8 Unique UI Interactions, SpO2, 24/7 Heart Rate Tracking",Electronics|WearableTechnology|SmartWatches,Electronics,WearableTechnology,3999.0,9999.0,60.0,4.4,73.0,6000.0,premium,high,low,https://m.media-amazon.com/images/I/51vHAEYKeWL._SX300_SY300_QL70_ML2_.jpg,https://www.amazon.in/Fire-Boltt-Gladiator-Bluetooth-Assistant-Interactions/dp/B0BP18W8TM/ref=sr_1_71?qid=1672895762&s=electronics&sr=1-71,1,57.41236961836616,4,0.14675211827979856,-0.18212203161390772,barato com alto desconto
B09T39K9YL,"Redmi Note 11 Pro + 5G (Stealth Black, 6GB RAM, 128GB Storage) | 67W Turbo Charge | 120Hz Super AMOLED Display | Additional Exchange Offers | Charger Included",Electronics|Mobiles&Accessories|Smartphones&BasicMobiles|Smartphones,Electronics,Mobiles&Accessories,19999.0,24999.0,20.0,3.9,25824.0,5000.0,luxury,medium,high,https://m.media-amazon.com/images/I/41iEZV6nKbL._SX300_SY300_QL70_ML2_.jpg,https://www.amazon.in/Redmi-Stealth-Additional-Exchange-Included/dp/B09T39K9YL/ref=sr_1_56?qid=1672895762&s=electronics&sr=1-56,1,57.37762876950732,3,-1.179176203121666,-1.7607189793699878,premium bem avaliado
B07SY4C3TD,HP GT 53 XL Cartridge Ink,"Computers&Accessories|Printers,Inks&Accessories|Inks,Toners&Cartridges|InkjetInkCartridges",Computers&Accessories,"Printers,Inks&Accessories",596.0,723.0,18.0,4.4,3219.0,127.0,mid,low,high,https://m.media-amazon.com/images/I/41fuAckaI7L._SX300_SY300_QL70_FMwebp_.jpg,https://www.amazon.in/HP-GT53XL-135-ml-Black-Bottle/dp/B07SY4C3TD/ref=sr_1_364?qid=1672903013&s=computers&sr=1-364,1,57.37134901106885,0,-0.5089192215947043,-1.0857147303468127,segmento misto
B0085W2MUQ,Orpat HHB-100E 250-Watt Hand Blender (White),Home&Kitchen|Kitchen&HomeAppliances|SmallKitchenAppliances|HandBlenders,Home&Kitchen,Kitchen&HomeAppliances,765.0,970.0,21.0,4.2,6055.0,205.0,mid,medium,high,https://m.media-amazon.com/images/W/WEBP_402378-T1/images/I/31l0oxTSJuL._SX300_SY300_QL70_FMwebp_.jpg,https://www.amazon.in/Orpat-HHB-100E-250-Watt-Blender-White/dp/B0085W2MUQ/ref=sr_1_358?qid=1672923610&s=kitchen&sr=1-358,1,57.36574657255261,0,-0.7021263899051724,-0.6634986771211677,segmento misto
B01N90RZ4M,Tata Sky Universal Remote,"Electronics|HomeTheater,TV&Video|Accessories|RemoteControls",Electronics,"HomeTheater,TV&Video",230.0,499.0,54.0,3.7,2960.0,269.0,budget,high,high,https://m.media-amazon.com/images/I/315GdnF+LcL._SY300_SX300_.jpg,https://www.amazon.in/TATASKY-Universal-Remote/dp/B01N90RZ4M/ref=sr_1_60?qid=1672909126&s=electronics&sr=1-60,1,57.365143970057474,1,-0.8321954654254587,1.20879910806023,segmento misto
B08LKS3LSP,"Gilary Multi Charging Cable, 3 in 1 Nylon Braided Fast Charging Cable for iPhone Micro USB Type C Mobile Phone | Colour May Vary |",Computers&Accessories|Accessories&Peripherals|Cables&Accessories|Cables|USBCables,Computers&Accessories,Accessories&Peripherals,345.0,999.0,65.0,3.7,1097.0,654.0,budget,high,high,https://m.media-amazon.com/images/W/WEBP_402378-T1/images/I/41nGfip4QuS._SX300_SY300_QL70_FMwebp_.jpg,https://www.amazon.in/Gilary-Charging-Braided-Magnetic-Charger/dp/B08LKS3LSP/ref=sr_1_109?qid=1672909129&s=electronics&sr=1-109,1,57.36452752088728,1,-0.6616781219522456,1.5111627215013266,segmento misto
B07S851WX5,"Prestige Sandwich Maker PGMFD 01, Black",Home&Kitchen|Kitchen&HomeAppliances|SmallKitchenAppliances|SandwichMakers,Home&Kitchen,Kitchen&HomeAppliances,1299.0,1299.0,0.0,4.2,40106.0,0.0,mid,low,high,https://m.media-amazon.com/images/I/41LFdROYICL._SX300_SY300_QL70_FMwebp_.jpg,https://www.amazon.in/Prestige-Sandwich-Maker-PGMFD-01/dp/B07S851WX5/ref=sr_1_67?qid=1672923593&s=kitchen&sr=1-67,1,57.35693333206234,0,-0.7279452711680148,-1.3900758773345718,segmento misto
B00LZLQ624,"Classmate Soft Cover 6 Subject Spiral Binding Notebook, Single Line, 300 Pages","OfficeProducts|OfficePaperProducts|Paper|Stationery|Notebooks,WritingPads&Diaries|WireboundNotebooks",OfficeProducts,OfficePaperProducts,157.0,160.0,2.0,4.5,8618.0,3.0,budget,low,high,https://m.media-amazon.com/images/I/419KXo-7kDL._SX300_SY300_QL70_FMwebp_.jpg,https://www.amazon.in/Classmate-Premium-Subject-Notebook-Single/dp/B00LZLQ624/ref=sr_1_108?qid=1672903000&s=computers&sr=1-108,1,57.35353972116125,0,-0.5917023010721234,-1.6916293925423573,segmento misto
B0BBN56J5H,"Redmi A1 (Black, 2GB RAM, 32GB Storage) | Segment Best AI Dual Cam | 5000mAh Battery | Leather Texture Design | Android 12",Electronics|Mobiles&Accessories|Smartphones&BasicMobiles|Smartphones,Electronics,Mobiles&Accessories,6499.0,8999.0,28.0,4.0,7807.0,2500.0,premium,medium,high,https://m.media-amazon.com/images/I/41CB1rnC5tL._SX300_SY300_QL70_ML2_.jpg,https://www.amazon.in/Redmi-Storage-Segment-5000mAh-Battery/dp/B0BBN56J5H/ref=sr_1_10?qid=1672895748&s=electronics&sr=1-10,1,57.3102828765842,0,-0.9145423696468034,-0.575955336632855,segmento misto
B0BBN4DZBD,"Redmi A1 (Light Blue, 2GB RAM, 32GB Storage) | Segment Best AI Dual Cam | 5000mAh Battery | Leather Texture Design | Android 12",Electronics|Mobiles&Accessories|Smartphones&BasicMobiles|Smartphones,Electronics,Mobiles&Accessories,6499.0,8999.0,28.0,4.0,7807.0,2500.0,premium,medium,high,https://m.media-amazon.com/images/I/41Wd9J6nfpL._SX300_SY300_QL70_ML2_.jpg,https://www.amazon.in/Redmi-Storage-Segment-5000mAh-Battery/dp/B0BBN4DZBD/ref=sr_1_7?qid=1672895748&s=electronics&sr=1-7,1,57.3102828765842,0,-0.9145423696468034,-0.575955336632855,segmento misto
B0BBN3WF7V,"Redmi A1 (Light Green, 2GB RAM 32GB ROM) | Segment Best AI Dual Cam | 5000mAh Battery | Leather Texture Design | Android 12",Electronics|Mobiles&Accessories|Smartphones&BasicMobiles|Smartphones,Electronics,Mobiles&Accessories,6499.0,8999.0,28.0,4.0,7807.0,2500.0,premium,medium,high,https://m.media-amazon.com/images/I/41JM3Ra+tiL._SY300_SX300_.jpg,https://www.amazon.in/Redmi-Segment-5000mAh-Battery-Leather/dp/B0BBN3WF7V/ref=sr_1_11?qid=1672895748&s=electronics&sr=1-11,1,57.3102828765842,0,-0.9145423696468034,-0.575955336632855,segmento misto
B09NNGHG22,Sansui 140cm (55 inches) 4K Ultra HD Certified Android LED TV with Dolby Audio & Dolby Vision JSW55ASUHD (Mystique Black),"Electronics|HomeTheater,TV&Video|Televisions|SmartTelevisions",Electronics,"HomeTheater,TV&Video",32990.0,56790.0,42.0,4.3,567.0,23800.0,luxury,medium,medium,https://m.media-amazon.com/images/I/51TJwbyAtNL._SX300_SY300_QL70_FMwebp_.jpg,https://www.amazon.in/Sansui-Certified-Android-JSW55ASUHD-Mystique/dp/B09NNGHG22/ref=sr_1_254?qid=1672909136&s=electronics&sr=1-254,1,57.30332897986666,3,-0.6891199405318239,-2.8446988448952877,premium bem avaliado
B08Y5QJTVK,"Duracell CR2025 3V Lithium Coin Battery, 5 pcs, 2025 Coin Button Cell Battery, DL2025",Electronics|GeneralPurposeBatteries&BatteryChargers,Electronics,GeneralPurposeBatteries&BatteryChargers,116.0,200.0,42.0,4.4,357.0,84.0,budget,medium,medium,https://m.media-amazon.com/images/I/419w6FnCr2L._SX300_SY300_QL70_FMwebp_.jpg,https://www.amazon.in/Duracell-Chhota-Power-Coins-2025-5/dp/B08Y5QJTVK/ref=sr_1_358?qid=1672903012&s=computers&sr=1-358,1,57.27514390577372,0,-0.12250896846028785,-0.37030804680428736,segmento misto
B07SRM58TP,"AGARO Regal 800 Watts Handheld Vacuum Cleaner, Lightweight & Durable Body, Small/Mini Size ( Black)","Home&Kitchen|Kitchen&HomeAppliances|Vacuum,Cleaning&Ironing|Vacuums&FloorCare|Vacuums|HandheldVacuums",Home&Kitchen,Kitchen&HomeAppliances,1665.0,2099.0,21.0,4.0,14368.0,434.0,mid,medium,high,https://m.media-amazon.com/images/W/WEBP_402378-T1/images/I/41IymCXFA7L._SX300_SY300_QL70_FMwebp_.jpg,https://www.amazon.in/AGARO-800-Watt-Handheld-Cleaner-Durable/dp/B07SRM58TP/ref=sr_1_53?qid=1672923593&s=kitchen&sr=1-53,1,57.24763602805123,0,-0.9103080042734731,-0.3994946874878225,segmento misto
B09J4YQYX3,"Borosil Electric Egg Boiler, 8 Egg Capacity, For Hard, Soft, Medium Boiled Eggs, Steamed Vegetables, Transparent Lid, Stainless Steel Exterior (500 Watts)",Home&Kitchen|Kitchen&HomeAppliances|SmallKitchenAppliances|EggBoilers,Home&Kitchen,Kitchen&HomeAppliances,1399.0,2290.0,39.0,4.4,461.0,891.0,mid,medium,medium,https://m.media-amazon.com/images/W/WEBP_402378-T1/images/I/41MJ2hsq4LL._SX300_SY300_QL70_FMwebp_.jpg,https://www.amazon.in/Borosil-Electric-Vegetables-Transparent-Stainless/dp/B09J4YQYX3/ref=sr_1_270?qid=1672923606&s=kitchen&sr=1-270,1,57.22952315657341,0,-0.1941743234751449,-0.5576194868810178,segmento misto
B07SYYVP69,"iBELL SEK170BM Premium Electric Kettle, 1.7 Litre, Stainless Steel with Coating,1500W Auto Cut-Off, Silver with Black",Home&Kitchen|Kitchen&HomeAppliances|SmallKitchenAppliances|Kettles&HotWaterDispensers|ElectricKettles,Home&Kitchen,Kitchen&HomeAppliances,809.0,1950.0,59.0,3.9,710.0,1141.0,mid,high,medium,https://m.media-amazon.com/images/W/WEBP_402378-T1/images/I/41VOCgvMKJL._SX300_SY300_QL70_FMwebp_.jpg,https://www.amazon.in/SEK170L-Premium-Stainless-Electric-Cut-Off/dp/B07SYYVP69/ref=sr_1_460?qid=1672923615&s=kitchen&sr=1-460,1,57.15361625609464,1,-0.521256624292053,0.9476417756211272,segmento misto
B08KS2KQTK,"Pajaka® South Indian Filter Coffee Maker 200 ML 2-4 Cup / Mugs / Glass | Madras Kaapi/ Kappi Drip Decoction Maker / Makers / Brewer / Pot or Drip / Dripper Made of Stainless Steel | Non-Electric Machine / Appliances / Utensils Medium Size for Home and Kitchen, Office, Cefe Traditional Item / Product | Used for making Country /Desi Style French Press Espresso Nespresso Expresso Cappuccino Instant Black Coffee | Best flavoured with Grounded Arabica Roasted Crushed Grind Coffee Beans","Home&Kitchen|Kitchen&HomeAppliances|Coffee,Tea&Espresso|DripCoffeeMachines",Home&Kitchen,Kitchen&HomeAppliances,293.0,499.0,41.0,4.1,1456.0,206.0,budget,medium,high,https://m.media-amazon.com/images/W/WEBP_402378-T1/images/I/31+EgPqYa6L._SX300_SY300_.jpg,https://www.amazon.in/n1-Retail-Stainless-Indian-Coffee/dp/B08KS2KQTK/ref=sr_1_393?qid=1672923612&s=kitchen&sr=1-393,1,57.14930258956301,0,-0.54830659589112,0.12546335682042817,segmento misto
B09SGGRKV8,"ZEBRONICS Zeb-Buds 30 3.5Mm Stereo Wired in Ear Earphones with Mic for Calling, Volume Control, Multifunction Button, 14Mm Drivers, Stylish Eartip,1.2 Meter Durable Cable and Lightweight Design(Red)","Electronics|Headphones,Earbuds&Accessories|Headphones|In-Ear",Electronics,"Headphones,Earbuds&Accessories",199.0,499.0,60.0,3.6,2492.0,300.0,budget,high,high,https://m.media-amazon.com/images/W/WEBP_402378-T1/images/I/31CndDabh2L._SX300_SY300_QL70_FMwebp_.jpg,https://www.amazon.in/Zebronics-Zeb-Buds-30-Multifunction-Lightweight/dp/B09SGGRKV8/ref=sr_1_278?qid=1672903008&s=computers&sr=1-278,1,57.12009901362585,1,-0.8875942172777904,1.5604645142242999,segmento misto
B00LY12TH6,Camel Oil Pastel with Reusable Plastic Box - 50 Shades,Home&Kitchen|CraftMaterials|PaintingMaterials,Home&Kitchen,CraftMaterials,230.0,230.0,0.0,4.5,9427.0,0.0,budget,low,high,https://m.media-amazon.com/images/W/WEBP_402378-T2/images/I/31filqqY7-L._SX300_SY300_QL70_FMwebp_.jpg,https://www.amazon.in/Camel-Oil-Pastel-Reusable-Plastic/dp/B00LY12TH6/ref=sr_1_448?qid=1672903017&s=computers&sr=1-448,1,57.08625128167133,0,-0.640444414948929,-1.7550230870505483,segmento misto
B0B2C5MJN6,Hisense 126 cm (50 inches) Bezelless Series 4K Ultra HD Smart LED Google TV 50A6H (Black),"Electronics|HomeTheater,TV&Video|Televisions|SmartTelevisions",Electronics,"HomeTheater,TV&Video",32990.0,54990.0,40.0,4.1,1555.0,22000.0,luxury,medium,high,https://m.media-amazon.com/images/I/41uqZs26+oL._SY300_SX300_.jpg,https://www.amazon.in/Hisense-inches-Bezelless-Google-50A6H/dp/B0B2C5MJN6/ref=sr_1_456?qid=1672909146&s=electronics&sr=1-456,1,57.07725104286655,3,-1.0032986658852807,-2.5422382986493774,premium bem avaliado
B06XMZV7RH,ATOM Selves-MH 200 GM Digital Pocket Scale,Home&Kitchen|Kitchen&HomeAppliances|SmallKitchenAppliances|DigitalKitchenScales,Home&Kitchen,Kitchen&HomeAppliances,308.0,499.0,38.0,3.9,4584.0,191.0,budget,medium,high,https://m.media-amazon.com/images/W/WEBP_402378-T2/images/I/41Oo66iQH7L._SY445_SX342_QL70_FMwebp_.jpg,https://www.amazon.in/Atom-Selves-A100-Digital-Pocket-Silver/dp/B06XMZV7RH/ref=sr_1_152?qid=1672923598&s=kitchen&sr=1-152,1,57.06625886224433,0,-0.8468789773033251,0.3923783416902779,segmento misto
B08DCVRW98,SoniVision SA-D10 SA-D100 SA-D40 Home Theater Systems Remote Compatible with Sony RM-ANU156,"Electronics|HomeTheater,TV&Video|Accessories|RemoteControls",Electronics,"HomeTheater,TV&Video",209.0,499.0,58.0,4.0,479.0,290.0,budget,high,medium,https://m.media-amazon.com/images/W/WEBP_402378-T1/images/I/31h559f7EaL._SX300_SY300_QL70_FMwebp_.jpg,https://www.amazon.in/SoniVision-SA-D100-Theater-Compatible-RM-ANU156/dp/B08DCVRW98/ref=sr_1_247?qid=1672909136&s=electronics&sr=1-247,1,57.0621200234643,1,-0.40456347416010874,0.7888119268261856,segmento misto
B0B8VQ7KDS,Airtel Digital TV HD Set Top Box with FTA Pack | Unlimited Entertainment + Recording Feature + Free Standard Installation (6 Months Pack),"Electronics|HomeTheater,TV&Video|SatelliteEquipment|SatelliteReceivers",Electronics,"HomeTheater,TV&Video",1299.0,2499.0,48.0,4.3,301.0,1200.0,mid,medium,medium,https://m.media-amazon.com/images/I/41Jy61seJKL._SX300_SY300_QL70_FMwebp_.jpg,https://www.amazon.in/Airtel-Pack-Entertainment-Installation-Months/dp/B0B8VQ7KDS/ref=sr_1_497?qid=1672909149&s=electronics&sr=1-497,1,57.03580436045067,0,-0.18933162653735525,-0.11785938197276268,segmento misto
B086GVRP63,Amazon Basics 650 Watt Drip Coffee Maker with Borosilicate Carafe,"Home&Kitchen|Kitchen&HomeAppliances|Coffee,Tea&Espresso|DripCoffeeMachines",Home&Kitchen,Kitchen&HomeAppliances,1189.0,2400.0,50.0,4.1,618.0,1211.0,mid,medium,medium,https://m.media-amazon.com/images/I/41EuzetRjTL._SX300_SY300_QL70_FMwebp_.jpg,https://www.amazon.in/AmazonBasics-Drip-Coffee-Maker-Black/dp/B086GVRP63/ref=sr_1_309?qid=1672923607&s=kitchen&sr=1-309,1,57.01794306124077,0,-0.4228373904215584,0.30637779581327096,segmento misto
B00A328ENA,"Panasonic SR-WA22H (E) Automatic Rice Cooker, Apple Green, 2.2 Liters",Home&Kitchen|Kitchen&HomeAppliances|SmallKitchenAppliances|Rice&PastaCookers,Home&Kitchen,Kitchen&HomeAppliances,2976.0,3945.0,25.0,4.2,3740.0,969.0,premium,medium,high,https://m.media-amazon.com/images/W/WEBP_402378-T2/images/I/419H62Is66L._SX300_SY300_QL70_FMwebp_.jpg,https://www.amazon.in/Panasonic-SR-WA22H-5-4-Litre-Automatic-Cooker/dp/B00A328ENA/ref=sr_1_349?qid=1672923610&s=kitchen&sr=1-349,1,57.008746268824105,0,-0.7139100562679115,-0.7232138216546317,segmento misto
B008LN8KDM,Philips GC1920/28 1440-Watt Non-Stick Soleplate Steam Iron,"Home&Kitchen|Kitchen&HomeAppliances|Vacuum,Cleaning&Ironing|Irons,Steamers&Accessories|Irons|SteamIrons",Home&Kitchen,Kitchen&HomeAppliances,1849.0,2095.0,12.0,4.3,7681.0,246.0,mid,low,high,https://m.media-amazon.com/images/W/WEBP_402378-T1/images/I/41sKyiPWzAL._SX300_SY300_QL70_FMwebp_.jpg,https://www.amazon.in/Philips-GC1920-28-1440-Watt-Non-Stick/dp/B008LN8KDM/ref=sr_1_220?qid=1672923603&s=kitchen&sr=1-220,1,57.00697631853816,0,-0.7490459968066385,-1.1858640592562364,segmento misto
B08CGW4GYR,"Milk Frother, Immersion Blender Cordlesss Foam Maker USB Rechargeable Small Mixer Handheld with 2 Stainless Whisks，Wisker for Stirring 3-Speed Adjustable Mini Frother for Cappuccino Latte Coffee Egg",Home&Kitchen|Kitchen&HomeAppliances|SmallKitchenAppliances|HandBlenders,Home&Kitchen,Kitchen&HomeAppliances,375.0,999.0,62.0,3.6,1988.0,624.0,budget,high,high,https://m.media-amazon.com/images/W/WEBP_402378-T1/images/I/41875hbgKyL._SY300_SX300_QL70_FMwebp_.jpg,https://www.amazon.in/Rechargeable-whisks%EF%BC%8C3-Speed-Adjustable-Cappuccino-Bulletproof/dp/B08CGW4GYR/ref=sr_1_348?qid=1672923610&s=kitchen&sr=1-348,1,56.985824175369714,1,-0.8710059084967169,1.6036635853922874,segmento misto
B00RFWNJMC,Airtel DigitalTV DTH Remote SD/HD/HD Recording Compatible for Television (Shining Black ),"Electronics|HomeTheater,TV&Video|Accessories|RemoteControls",Electronics,"HomeTheater,TV&Video",195.0,499.0,61.0,3.7,1383.0,304.0,budget,high,high,https://m.media-amazon.com/images/W/WEBP_402378-T2/images/I/41R3n7+taUL._SY300_SX300_.jpg,https://www.amazon.in/OXYURA-Airtel-Digital-Recording-Compatible/dp/B00RFWNJMC/ref=sr_1_164?qid=1672909131&s=electronics&sr=1-164,1,56.98350191477877,1,-0.7565835449919425,1.4118355429194722,segmento misto
B07RX42D3D,Tosaa T2STSR Sandwich Gas Toaster Regular (Black),Home&Kitchen|Kitchen&HomeAppliances|SmallKitchenAppliances|SandwichMakers,Home&Kitchen,Kitchen&HomeAppliances,260.0,350.0,26.0,3.9,13127.0,90.0,budget,medium,high,https://m.media-amazon.com/images/I/31PzyH4N9xL._SX300_SY300_QL70_FMwebp_.jpg,https://www.amazon.in/Tosaa-Nonstick-Sandwich-Toaster-Regular/dp/B07RX42D3D/ref=sr_1_200?qid=1672923601&s=kitchen&sr=1-200,1,56.977661724000775,0,-0.9747391277228201,0.03755073190028873,segmento misto
B0B298D54H,Prolet Classic Bumper Case Cover for Samsung Galaxy Watch 4 44mm TPU Plated Full Screen Protector (Black),Electronics|WearableTechnology|SmartWatches,Electronics,WearableTechnology,265.0,999.0,73.0,3.7,465.0,734.0,budget,high,medium,https://m.media-amazon.com/images/I/516BHYFQ3JL._SX300_SY300_QL70_ML2_.jpg,https://www.amazon.in/Prolet-Classic-Bumper-Samsung-Protector/dp/B0B298D54H/ref=sr_1_433?qid=1672895879&s=electronics&sr=1-433,1,56.964171079035495,1,-0.5599693701779705,1.7429657405839014,segmento misto
B07P1BR7L8,"Philips HD6975/00 25 Litre Digital Oven Toaster Grill, Grey, 25 liter",Home&Kitchen|Kitchen&HomeAppliances|SmallKitchenAppliances|OvenToasterGrills,Home&Kitchen,Kitchen&HomeAppliances,8599.0,8995.0,4.0,4.4,9734.0,396.0,premium,low,high,https://m.media-amazon.com/images/I/417VKyMXuYL._SX300_SY300_QL70_FMwebp_.jpg,https://www.amazon.in/Philips-HD6975-00-25-Litre-Digital/dp/B07P1BR7L8/ref=sr_1_417?qid=1672923613&s=kitchen&sr=1-417,1,56.91126488844538,0,-0.828326615962688,-2.13958012647792,segmento misto
B0746N6WML,"Parker Vector Camouflage Gift Set - Roller Ball Pen & Parker Logo Keychain (Black Body, Blue Ink), 2 Piece Set","OfficeProducts|OfficePaperProducts|Paper|Stationery|Pens,Pencils&WritingSupplies|Pens&Refills|StickBallpointPens",OfficeProducts,OfficePaperProducts,341.0,450.0,24.0,4.3,2493.0,109.0,budget,medium,high,https://m.media-amazon.com/images/W/WEBP_402378-T1/images/I/41Uk8sX-WkL._SX300_SY300_QL70_FMwebp_.jpg,https://www.amazon.in/Parker-Vector-Camouflage-Gift-Set/dp/B0746N6WML/ref=sr_1_414?qid=1672903016&s=computers&sr=1-414,1,56.8801471923648,0,-0.583572130803222,-0.7147300323146815,segmento misto
B00J5DYCCA,Havells Ventil Air DSP 230mm Exhaust Fan (Pista Green),"Home&Kitchen|Heating,Cooling&AirQuality|Fans|ExhaustFans",Home&Kitchen,"Heating,Cooling&AirQuality",1399.0,1890.0,26.0,4.0,8031.0,491.0,mid,medium,high,https://m.media-amazon.com/images/W/WEBP_402378-T1/images/I/51pNg1Zy4+L._SX300_SY300_.jpg,https://www.amazon.in/Havells-Ventilair-230mm-Exhaust-Grey/dp/B00J5DYCCA/ref=sr_1_505?qid=1672923617&s=kitchen&sr=1-505,1,56.86179762687402,0,-0.9151746201922679,-0.21966273422012628,segmento misto
B08Y57TPDM,"Duracell CR2016 3V Lithium Coin Battery, 5 pcs, 2016 Coin Button Cell Battery, DL2016",Electronics|GeneralPurposeBatteries&BatteryChargers,Electronics,GeneralPurposeBatteries&BatteryChargers,116.0,200.0,42.0,4.3,485.0,84.0,budget,medium,medium,https://m.media-amazon.com/images/W/WEBP_402378-T1/images/I/41SqfLI2FuL._SX300_SY300_QL70_FMwebp_.jpg,https://www.amazon.in/Duracell-Chhota-Power-Coins-2016-5/dp/B08Y57TPDM/ref=sr_1_368?qid=1672903013&s=computers&sr=1-368,1,56.84344280153576,0,-0.29132000789109214,-0.1895460040203511,segmento misto
B01L7C4IU2,Havells Ambrose 1200mm Ceiling Fan (Pearl White Wood),"Home&Kitchen|Heating,Cooling&AirQuality|Fans|CeilingFans",Home&Kitchen,"Heating,Cooling&AirQuality",2199.0,3045.0,28.0,4.2,2686.0,846.0,premium,medium,high,https://m.media-amazon.com/images/W/WEBP_402378-T2/images/I/31RpzeqSq3L._SX300_SY300_QL70_FMwebp_.jpg,https://www.amazon.in/Havells-Ambrose-1200mm-Ceiling-Pearl/dp/B01L7C4IU2/ref=sr_1_480?qid=1672923615&s=kitchen&sr=1-480,1,56.83050217648755,0,-0.676435220796941,-0.5735531903836164,segmento misto
B0752LL57V,Casio MJ-12D 150 Steps Check and Correct Desktop Calculator,OfficeProducts|OfficeElectronics|Calculators|Basic,OfficeProducts,OfficeElectronics,440.0,440.0,0.0,4.5,8610.0,0.0,budget,low,high,https://m.media-amazon.com/images/I/41cRLg+wdIL._SY300_SX300_.jpg,https://www.amazon.in/Casio-MJ-12D-Desktop-Calculator-Grey/dp/B0752LL57V/ref=sr_1_168?qid=1672903002&s=computers&sr=1-168,1,56.818885756246175,0,-0.6728242829101777,-1.7690771778746015,segmento misto
B09J2QCKKM,Havells Zella Flap Auto Immersion Rod 1500 Watts,"Home&Kitchen|Heating,Cooling&AirQuality|WaterHeaters&Geysers|ImmersionRods",Home&Kitchen,"Heating,Cooling&AirQuality",1499.0,3500.0,57.0,4.1,303.0,2001.0,mid,high,medium,https://m.media-amazon.com/images/I/21TQo2rZRbL._SX300_SY300_QL70_FMwebp_.jpg,https://www.amazon.in/Havells-Zella-Immersion-Watts-White/dp/B09J2QCKKM/ref=sr_1_299?qid=1672923607&s=kitchen&sr=1-299,1,56.78222433817293,4,-0.3273289520059254,0.4776097775059952,barato com alto desconto
B09163Q5CD,"Verilux® USB C Hub Multiport Adapter- 6 in 1 Portable Aluminum Type C Hub with 4K HDMI Output, USB 2.0/3.0 Ports, SD/Micro SD Card Reader Compatible for MacBook Pro 2016-2020, MacBook Air 2018-2020, Type-C Devices",Computers&Accessories|Accessories&Peripherals|USBHubs,Computers&Accessories,Accessories&Peripherals,1187.0,1929.0,38.0,4.1,1662.0,742.0,mid,medium,high,https://m.media-amazon.com/images/W/WEBP_402378-T2/images/I/41qTZXl3KaL._SX300_SY300_QL70_FMwebp_.jpg,https://www.amazon.in/Verilux%C2%AE-Multiport-Adapter-Portable-Compatible/dp/B09163Q5CD/ref=sr_1_284?qid=1672903008&s=computers&sr=1-284,1,56.74150110543456,0,-0.6426110995037965,-0.03002375718868633,segmento misto
B00F159RIK,"Bajaj DX-2 600W Dry Iron with Advance Soleplate and Anti-bacterial German Coating Technology, Black","Home&Kitchen|Kitchen&HomeAppliances|Vacuum,Cleaning&Ironing|Irons,Steamers&Accessories|Irons|DryIrons",Home&Kitchen,Kitchen&HomeAppliances,499.0,625.0,20.0,4.2,5355.0,126.0,budget,medium,high,https://m.media-amazon.com/images/I/416ICdLhYGL._SX300_SY300_QL70_FMwebp_.jpg,https://www.amazon.in/Bajaj-DX-600-Watts-Light-Weight/dp/B00F159RIK/ref=sr_1_100?qid=1672923596&s=kitchen&sr=1-100,1,56.73747902968989,0,-0.7731079224815447,-0.6665906383552183,segmento misto
B0BL11S5QK,"iBELL Induction Cooktop, 2000W with Auto Shut Off and Overheat Protection, BIS Certified, Black",Home&Kitchen|Kitchen&HomeAppliances|SmallKitchenAppliances|InductionCooktop,Home&Kitchen,Kitchen&HomeAppliances,1601.0,3890.0,59.0,4.2,156.0,2289.0,mid,high,medium,https://m.media-amazon.com/images/I/41mZWS7bb+L._SX342_SY445_.jpg,https://www.amazon.in/Induction-Cooktop-Overheat-Protection-Certified/dp/B0BL11S5QK/ref=sr_1_460?qid=1672923614&s=kitchen&sr=1-460,1,56.69840570862912,4,-0.16635704372397003,0.3453661878483594,barato com alto desconto
B0763K5HLQ,"InstaCuppa Milk Frother for Coffee - Handheld Battery-Operated Electric Milk and Coffee Frother, Stainless Steel Whisk and Stand, Portable Foam Maker for Coffee, Cappuccino, Lattes, and Egg Beaters","Home&Kitchen|Kitchen&HomeAppliances|Coffee,Tea&Espresso|MilkFrothers",Home&Kitchen,Kitchen&HomeAppliances,1099.0,1499.0,27.0,4.1,4401.0,400.0,mid,medium,high,https://m.media-amazon.com/images/I/41Lfns2oFNL._SX300_SY300_QL70_FMwebp_.jpg,https://www.amazon.in/InstaCuppa-Handheld-Operated-Electric-Stainless/dp/B0763K5HLQ/ref=sr_1_350?qid=1672923610&s=kitchen&sr=1-350,1,56.68725157990722,0,-0.8089337746651868,-0.3370017033323356,segmento misto
B07NKNBTT3,"Pick Ur Needs® Lint Remover for Clothes High Range Rechargeable Lint Shaver for All Types of Clothes, Fabrics, Blanket with 1 Extra Blade Multicolor (Rechargeable)","Home&Kitchen|Kitchen&HomeAppliances|Vacuum,Cleaning&Ironing|Irons,Steamers&Accessories|LintShavers",Home&Kitchen,Kitchen&HomeAppliances,799.0,1230.0,35.0,4.1,2138.0,431.0,mid,medium,high,https://m.media-amazon.com/images/I/419vF7uEFEL._SX300_SY300_QL70_FMwebp_.jpg,https://www.amazon.in/Ur-NeedsTM-Rocklight-Remover-Fabric/dp/B07NKNBTT3/ref=sr_1_218?qid=1672923601&s=kitchen&sr=1-218,1,56.6860973689149,0,-0.6891440990726574,-0.08349142287051914,segmento misto
B09YL9SN9B,LG 80 cm (32 inches) HD Ready Smart LED TV 32LQ576BPSA (Ceramic Black),"Electronics|HomeTheater,TV&Video|Televisions|SmartTelevisions",Electronics,"HomeTheater,TV&Video",15990.0,23990.0,33.0,4.3,1035.0,8000.0,luxury,medium,high,https://m.media-amazon.com/images/W/WEBP_402378-T1/images/I/41WD+zBGibL._SY300_SX300_.jpg,https://www.amazon.in/LG-inches-Ready-32LQ576BPSA-Ceramic/dp/B09YL9SN9B/ref=sr_1_125?qid=1672909130&s=electronics&sr=1-125,1,56.6824468727818,3,-0.665020311263678,-1.7229341204971265,premium bem avaliado
B09GB5B4BK,"HP 150 Wireless USB Mouse with Ergonomic and ambidextrous Design, 1600 DPI Optical Tracking, 2.4 GHz Wireless connectivity, Dual-Function Scroll Wheel and 12 Month Long Battery Life. 3-Years Warranty.","Computers&Accessories|Accessories&Peripherals|Keyboards,Mice&InputDevices|Mice",Computers&Accessories,Accessories&Peripherals,599.0,899.0,33.0,4.0,4018.0,300.0,mid,medium,high,https://m.media-amazon.com/images/I/21ci6bwxtdL._SX300_SY300_QL70_FMwebp_.jpg,https://www.amazon.in/HP-150-Ambidextrous-Wireless-Mouse/dp/B09GB5B4BK/ref=sr_1_113?qid=1672903000&s=computers&sr=1-113,1,56.68116964279695,0,-0.8382373442982829,0.05180857263842748,segmento misto
B0B997FBZT,Acer 139 cm (55 inches) H Series 4K Ultra HD Android Smart LED TV AR55AR2851UDPRO (Black),"Electronics|HomeTheater,TV&Video|Televisions|SmartTelevisions",Electronics,"HomeTheater,TV&Video",35999.0,49990.0,28.0,4.3,1611.0,13991.0,luxury,medium,high,https://m.media-amazon.com/images/I/51aFoI9nNZL._SY300_SX300_QL70_FMwebp_.jpg,https://www.amazon.in/Acer-inches-Ultra-Android-AR55AR2851UDPRO/dp/B0B997FBZT/ref=sr_1_394?qid=1672909144&s=electronics&sr=1-394,1,56.65671931402208,3,-1.012959549909029,-3.479135085380974,premium bem avaliado
B01F25X6RQ,Samsung Ehs64 Ehs64Avfwecinu Hands-Free Wired In Ear Earphones With Mic With Remote Note (White),"Electronics|Headphones,Earbuds&Accessories|Headphones|In-Ear",Electronics,"Headphones,Earbuds&Accessories",499.0,499.0,0.0,4.2,31539.0,0.0,budget,low,high,https://m.media-amazon.com/images/I/31FzYVC62wL._SX300_SY300_QL70_ML2_.jpg,https://www.amazon.in/Samsung-Original-EHS64AVFWECINU-Stereo-Headset/dp/B01F25X6RQ/ref=sr_1_137?qid=1672895784&s=electronics&sr=1-137,1,56.64815232438163,0,-0.8609963138635319,-1.2992206984954062,segmento misto
B09XBJ1CTN,MI Xiaomi 22.5W Fast USB Type C Charger Combo for Tablets - White,Electronics|Mobiles&Accessories|MobileAccessories|Chargers|WallChargers,Electronics,Mobiles&Accessories,649.0,999.0,35.0,4.2,1315.0,350.0,mid,medium,high,https://m.media-amazon.com/images/I/21df1gnW1SL._SX300_SY300_QL70_ML2_.jpg,https://www.amazon.in/Xiaomi-22-5W-Fast-Charger-Cable/dp/B09XBJ1CTN/ref=sr_1_93?qid=1672895770&s=electronics&sr=1-93,1,56.58666922139417,0,-0.567698853794195,-0.24907693605499806,segmento misto
B071VNHMX2,Philips Daily Collection HD2582/00 830-Watt 2-Slice Pop-up Toaster (White),Home&Kitchen|Kitchen&HomeAppliances|SmallKitchenAppliances|Pop-upToasters,Home&Kitchen,Kitchen&HomeAppliances,2095.0,2095.0,0.0,4.5,7949.0,0.0,premium,low,high,https://m.media-amazon.com/images/W/WEBP_402378-T1/images/I/31CLpobJstL._SY300_SX300_QL70_FMwebp_.jpg,https://www.amazon.in/Philips-Collection-HD2582-00-830-Watt/dp/B071VNHMX2/ref=sr_1_109?qid=1672923596&s=kitchen&sr=1-109,1,56.58330257838591,0,-0.7202173375318828,-1.9003056321140213,segmento misto
B08RDWBYCQ,"T TOPLINE 180 W Electric Hand Mixer,Hand Blender , Egg Beater, Cake maker , Beater Cream Mix, Food Blender, Beater for Whipping Cream Beater for Cake With 7 -Speed with spatula and oil brush",Home&Kitchen|Kitchen&HomeAppliances|SmallKitchenAppliances|HandBlenders,Home&Kitchen,Kitchen&HomeAppliances,549.0,999.0,45.0,4.0,1313.0,450.0,mid,medium,high,https://m.media-amazon.com/images/W/WEBP_402378-T2/images/I/41F-EWC+v+L._SY300_SX300_.jpg,https://www.amazon.in/TOPLINE-Egg-Beater-Stainless-Attachments/dp/B08RDWBYCQ/ref=sr_1_429?qid=1672923613&s=kitchen&sr=1-429,1,56.57509088173167,0,-0.6651339370136893,0.39798549456574384,segmento misto
B084N18QZY,"Belkin USB C to USB-C Fast Charging Type C Cable, 60W PD, 3.3 feet (1 meter) for Laptop, Personal Computer, Tablet, Smartphone - Black, USB-IF Certified",Computers&Accessories|Accessories&Peripherals|Cables&Accessories|Cables|USBCables,Computers&Accessories,Accessories&Peripherals,599.0,849.0,29.0,4.5,577.0,250.0,mid,medium,medium,https://m.media-amazon.com/images/I/21DUuehBaRL._SX300_SY300_QL70_FMwebp_.jpg,https://www.amazon.in/Belkin-USB-C-Charging-USB-IF-Certified/dp/B084N18QZY/ref=sr_1_184?qid=1672909133&s=electronics&sr=1-184,1,56.56402723349251,0,-0.273307719527599,-0.9507351367166377,segmento misto
B01L6MT7E0,"Philips AC1215/20 Air purifier, removes 99.97% airborne pollutants, 4-stage filtration with True HEPA filter (white)","Home&Kitchen|Heating,Cooling&AirQuality|AirPurifiers|HEPAAirPurifiers",Home&Kitchen,"Heating,Cooling&AirQuality",8799.0,11995.0,27.0,4.1,4157.0,3196.0,premium,medium,high,https://m.media-amazon.com/images/W/WEBP_402378-T1/images/I/41YlkgRwHVL._SX300_SY300_QL70_FMwebp_.jpg,https://www.amazon.in/Philips-AC1215-20-Purifier-White/dp/B01L6MT7E0/ref=sr_1_231?qid=1672923603&s=kitchen&sr=1-231,1,56.51904912762959,0,-0.9267514170939953,-0.9576028573647604,segmento misto
B00KIDSU8S,Havells Ventil Air DX 200mm Exhaust Fan (White),"Home&Kitchen|Heating,Cooling&AirQuality|Fans|ExhaustFans",Home&Kitchen,"Heating,Cooling&AirQuality",1999.0,2360.0,15.0,4.2,7801.0,361.0,mid,low,high,https://m.media-amazon.com/images/I/41+zSXivpML._SY300_SX300_.jpg,https://www.amazon.in/Havells-FHVVEDXOWH08-Ventil-200mm-White/dp/B00KIDSU8S/ref=sr_1_465?qid=1672923615&s=kitchen&sr=1-465,1,56.51723523646677,0,-0.8724375369574788,-0.9335544381461455,segmento misto
B07WNK1FFN,"AGARO Esteem Multi Kettle 1.2 Litre, 600W with 3 Heating Modes & Rapid Boil Technology",Home&Kitchen|Kitchen&HomeAppliances|SmallKitchenAppliances|Kettles&HotWaterDispensers|ElectricKettles,Home&Kitchen,Kitchen&HomeAppliances,1260.0,1699.0,26.0,4.2,2891.0,439.0,mid,medium,high,https://m.media-amazon.com/images/I/41NW-vJum5L._SX300_SY300_QL70_FMwebp_.jpg,https://www.amazon.in/Agaro-Esteem-Multi-Kettle-1-2/dp/B07WNK1FFN/ref=sr_1_56?qid=1672923593&s=kitchen&sr=1-56,1,56.51545338341254,0,-0.7217301084693691,-0.553397723399399,segmento misto
B09YHLPQYT,Shopoflux Silicone Remote Cover for Mi Smart TV and Mi TV Stick/MI Box S / 3S / MI 4X / 4A Smart LED TV (Black),"Electronics|HomeTheater,TV&Video|Accessories|RemoteControls",Electronics,"HomeTheater,TV&Video",246.0,600.0,59.0,4.2,143.0,354.0,budget,high,medium,https://m.media-amazon.com/images/W/WEBP_402378-T1/images/I/213GZPC7uwL._SX300_SY300_QL70_FMwebp_.jpg,https://www.amazon.in/Shopoflux-Silicone-Remote-Cover-Xiaomi/dp/B09YHLPQYT/ref=sr_1_482?qid=1672909149&s=electronics&sr=1-482,1,56.4434611749947,4,-0.1688421065619322,0.45530030232679414,barato com alto desconto
B09127FZCK,Astigo Compatible Remote for Airtel Digital Set Top Box (Pairing Required with TV Remote),"Electronics|HomeTheater,TV&Video|Accessories|RemoteControls",Electronics,"HomeTheater,TV&Video",299.0,899.0,67.0,3.8,425.0,600.0,budget,high,medium,https://m.media-amazon.com/images/I/31U-gk8FwsL._SX300_SY300_QL70_FMwebp_.jpg,https://www.amazon.in/Astigo-Compatible-Remote-Airtel-Set/dp/B09127FZCK/ref=sr_1_242?qid=1672909136&s=electronics&sr=1-242,1,56.43704074300189,1,-0.5712442333917708,1.3940580542810754,segmento misto
B084MZXJNK,"Belkin Apple Certified Lightning To Type C Cable, Tough Unbreakable Braided Fast Charging For Iphone, Ipad, Air Pods, 3.3 Feet (1 Meters)    White",Computers&Accessories|Accessories&Peripherals|Cables&Accessories|Cables|USBCables,Computers&Accessories,Accessories&Peripherals,1599.0,1999.0,20.0,4.4,1951.0,400.0,mid,medium,high,https://m.media-amazon.com/images/W/WEBP_402378-T2/images/I/31fQdrBOMvL._SY445_SX342_QL70_FMwebp_.jpg,https://www.amazon.in/Belkin-Lightning-Unbreakable-Braided-Charging/dp/B084MZXJNK/ref=sr_1_134?qid=1672909130&s=electronics&sr=1-134,1,56.4268912286594,0,-0.5755457451796271,-1.1054634614820942,segmento misto
B072NCN9M4,"AMERICAN MICRONIC- Imported Wet & Dry Vacuum Cleaner, 21 Litre Stainless Steel with Blower & HEPA filter, 1600 Watts 100% Copper Motor 28 KPa suction with washable reusable dust bag (Red/Black/Steel)-AMI-VCD21-1600WDx","Home&Kitchen|Kitchen&HomeAppliances|Vacuum,Cleaning&Ironing|Vacuums&FloorCare|Vacuums|Wet-DryVacuums",Home&Kitchen,Kitchen&HomeAppliances,8886.0,11850.0,25.0,4.2,3065.0,2964.0,premium,medium,high,https://m.media-amazon.com/images/W/WEBP_402378-T1/images/I/41tcKYuBPSL._SX300_SY300_QL70_FMwebp_.jpg,https://www.amazon.in/American-Micronic-AMI-VCD21-1600WDx-Wet-1600Watts-21-litres-Stainless/dp/B072NCN9M4/ref=sr_1_317?qid=1672923607&s=kitchen&sr=1-317,1,56.421829894032726,0,-0.8457447769253252,-1.1972252482130248,segmento misto
B015GX9Y0W,"Lifelong LLWM105 750-Watt Belgian Waffle Maker for Home| Makes 2 Square Shape Waffles| Non-stick Plates| Easy to Use with Indicator Lights (1 Year Warranty, Black)",Home&Kitchen|Kitchen&HomeAppliances|SmallKitchenAppliances|WaffleMakers&Irons,Home&Kitchen,Kitchen&HomeAppliances,1199.0,2400.0,50.0,3.9,1202.0,1201.0,mid,medium,high,https://m.media-amazon.com/images/W/WEBP_402378-T1/images/I/414fV+i+rcL._SY300_SX300_.jpg,https://www.amazon.in/Lifelong-Waffled105-750-Watt-Waffle-Maker/dp/B015GX9Y0W/ref=sr_1_468?qid=1672923615&s=kitchen&sr=1-468,1,56.3112172278948,1,-0.7447815392396745,0.6658329310900157,segmento misto
B00KRCBA6E,Maharaja Whiteline Lava Neo 1200-Watts Halogen Heater (White and Red),"Home&Kitchen|Heating,Cooling&AirQuality|RoomHeaters",Home&Kitchen,"Heating,Cooling&AirQuality",2499.0,5000.0,50.0,3.8,1889.0,2501.0,premium,medium,high,https://m.media-amazon.com/images/I/41Y4vsQHt6L._SX300_SY300_QL70_FMwebp_.jpg,https://www.amazon.in/Maharaja-Whiteline-Lava-1200-Watt-Helogen/dp/B00KRCBA6E/ref=sr_1_101?qid=1672923595&s=kitchen&sr=1-101,1,56.31040724969153,1,-0.8908155679723356,0.7391686416071889,segmento misto
B00P0R95EA,Usha IH2415 1500-Watt Immersion Heater (Silver),"Home&Kitchen|Heating,Cooling&AirQuality|WaterHeaters&Geysers|ImmersionRods",Home&Kitchen,"Heating,Cooling&AirQuality",510.0,640.0,20.0,4.1,7229.0,130.0,mid,medium,high,https://m.media-amazon.com/images/I/41a-huLVEIL._SX300_SY300_QL70_FMwebp_.jpg,https://www.amazon.in/Usha-IH2415-1500-Watt-Immersion-Heater/dp/B00P0R95EA/ref=sr_1_244?qid=1672923603&s=kitchen&sr=1-244,1,56.28910059076202,0,-0.9256146966301788,-0.49175214592439553,segmento misto
B0B3D39RKV,"OnePlus Nord 2T 5G (Jade Fog, 12GB RAM, 256GB Storage)",Electronics|Mobiles&Accessories|Smartphones&BasicMobiles|Smartphones,Electronics,Mobiles&Accessories,33999.0,33999.0,0.0,4.3,17415.0,0.0,luxury,low,high,https://m.media-amazon.com/images/I/41iEc0hf6TL._SX300_SY300_QL70_ML2_.jpg,https://www.amazon.in/OnePlus-Nord-Jade-256GB-Storage/dp/B0B3D39RKV/ref=sr_1_75?qid=1672895770&s=electronics&sr=1-75,1,56.22979270750592,3,-1.3458776133195138,-4.142219967284616,premium bem avaliado
B0B3CQBRB4,"OnePlus Nord 2T 5G (Gray Shadow, 8GB RAM, 128GB Storage)",Electronics|Mobiles&Accessories|Smartphones&BasicMobiles|Smartphones,Electronics,Mobiles&Accessories,28999.0,28999.0,0.0,4.3,17415.0,0.0,luxury,low,high,https://m.media-amazon.com/images/I/41qLZhKF5ZL._SX300_SY300_QL70_ML2_.jpg,https://www.amazon.in/OnePlus-Nord-Shadow-128GB-Storage/dp/B0B3CQBRB4/ref=sr_1_9?qid=1672895748&s=electronics&sr=1-9,1,56.22979270750592,3,-1.279679456777443,-3.7385565241690673,premium bem avaliado
B0B3CPQ5PF,"OnePlus Nord 2T 5G (Jade Fog, 8GB RAM, 128GB Storage)",Electronics|Mobiles&Accessories|Smartphones&BasicMobiles|Smartphones,Electronics,Mobiles&Accessories,28999.0,28999.0,0.0,4.3,17415.0,0.0,luxury,low,high,https://m.media-amazon.com/images/I/41iEc0hf6TL._SX300_SY300_QL70_ML2_.jpg,https://www.amazon.in/OnePlus-Nord-Jade-128GB-Storage/dp/B0B3CPQ5PF/ref=sr_1_8?qid=1672895748&s=electronics&sr=1-8,1,56.22979270750592,3,-1.279679456777443,-3.7385565241690673,premium bem avaliado
B09WRMNJ9G,"OnePlus 10R 5G (Forest Green, 8GB RAM, 128GB Storage, 80W SuperVOOC)",Electronics|Mobiles&Accessories|Smartphones&BasicMobiles|Smartphones,Electronics,Mobiles&Accessories,34999.0,38999.0,10.0,4.2,11029.0,4000.0,luxury,low,high,https://m.media-amazon.com/images/I/41pQ4gJMwEL._SX300_SY300_QL70_ML2_.jpg,https://www.amazon.in/OnePlus-Forest-Green-Storage-SuperVOOC/dp/B09WRMNJ9G/ref=sr_1_79?qid=1672895770&s=electronics&sr=1-79,1,56.20872661472238,3,-1.3878788776146738,-3.7456936370060694,premium bem avaliado
B097RN7BBK,"Kitchen Kit Electric Kettle, 1.8L Stainless Steel Tea Kettle, Fast Boil Water Warmer with Auto Shut Off and Boil Dry Protection Tech",Home&Kitchen|Kitchen&HomeAppliances|SmallKitchenAppliances|Kettles&HotWaterDispensers|Kettle&ToasterSets,Home&Kitchen,Kitchen&HomeAppliances,479.0,1999.0,76.0,3.4,1066.0,1520.0,budget,high,high,https://m.media-amazon.com/images/I/31B-f4QcESS._SX300_SY300_QL70_FMwebp_.jpg,https://www.amazon.in/Kitchen-Kit-Electric-Stainless-Protection/dp/B097RN7BBK/ref=sr_1_390?qid=1672923612&s=kitchen&sr=1-390,1,56.20558368260541,1,-0.9722155442761835,2.3498049990466563,segmento misto
B08Y7MXFMK,"Offbeat® - DASH 2.4GHz Wireless + Bluetooth 5.1 Mouse, Multi-Device Dual Mode Slim Rechargeable Silent Click Buttons Wireless Bluetooth Mouse, 3 Adjustable DPI, Works on 2 devices at the same time with a switch button for Windows/Mac/Android/Ipad/Smart TV","Computers&Accessories|Accessories&Peripherals|Keyboards,Mice&InputDevices|Mice",Computers&Accessories,Accessories&Peripherals,1099.0,1499.0,27.0,4.2,2375.0,400.0,mid,medium,high,https://m.media-amazon.com/images/I/31dnZ234ZOL._SY300_SX300_QL70_FMwebp_.jpg,https://www.amazon.in/Offbeat-Wireless-Bluetooth-Rechargeable-Adjustable/dp/B08Y7MXFMK/ref=sr_1_466?qid=1672903018&s=computers&sr=1-466,1,56.20171891956923,0,-0.7324552476438535,-0.5104422919577207,segmento misto
B09N3BFP4M,"Bajaj New Shakti Neo Plus 15 Litre 4 Star Rated Storage Water Heater (Geyser) with Multiple Safety System, White","Home&Kitchen|Heating,Cooling&AirQuality|WaterHeaters&Geysers|StorageWaterHeaters",Home&Kitchen,"Heating,Cooling&AirQuality",5499.0,11500.0,52.0,3.9,959.0,6001.0,premium,high,medium,https://m.media-amazon.com/images/W/WEBP_402378-T2/images/I/31U-ACCgQ1L._SX300_SY300_QL70_FMwebp_.jpg,https://www.amazon.in/Bajaj-New-Shakti-Neo-Storage/dp/B09N3BFP4M/ref=sr_1_291?qid=1672923606&s=kitchen&sr=1-291,1,56.177574712674925,1,-0.7800857026370216,0.3753314930138562,segmento misto
B09C6H53KH,"Duracell Type-C To Micro 1.2M braided Sync & Charge Cable, USB C to Micro Fast Charge Compatible for fast data transmission (Black)",Computers&Accessories|Accessories&Peripherals|Cables&Accessories|Cables|USBCables,Computers&Accessories,Accessories&Peripherals,368.0,699.0,47.0,4.2,387.0,331.0,budget,medium,medium,https://m.media-amazon.com/images/W/WEBP_402378-T1/images/I/41qhsp6qcNL._SX300_SY300_QL70_FMwebp_.jpg,https://www.amazon.in/DURACELL-Type-C-Micro-braided-Charge/dp/B09C6H53KH/ref=sr_1_168?qid=1672909131&s=electronics&sr=1-168,1,56.17562871915258,0,-0.39771765560042166,0.1111931959288546,segmento misto
B0B54Y2SNX,"iPhone Original 20W C Type Fast PD Charger Compatible with I-Phone13/13 mini/13pro/13 pro Max I-Phone 12/12 Pro/12mini/12 Pro Max, I-Phone11/11 Pro/11 Pro Max 2020 (Only Adapter)",Electronics|Mobiles&Accessories|MobileAccessories|Chargers|WallChargers,Electronics,Mobiles&Accessories,799.0,3990.0,80.0,3.8,119.0,3191.0,mid,high,medium,https://m.media-amazon.com/images/I/21rFBH5Lf2L._SX300_SY300_QL70_ML2_.jpg,https://www.amazon.in/Compatible-I-Phone13-I-Phone11-Only-Adapter/dp/B0B54Y2SNX/ref=sr_1_315?qid=1672895842&s=electronics&sr=1-315,1,56.15745177979482,1,-0.37743833527270404,1.7170505827295977,segmento misto
B09SFRNKSR,"FABWARE Lint Remover for Clothes - Sticky Lint Roller for Clothes, Furniture, Wool, Coat, Car Seats, Carpet, Fabric, Dust Cleaner, Pet Hair Remover with 1 Handle & 1 Refill Total 60 Sheets & 1 Cover","Home&Kitchen|Kitchen&HomeAppliances|Vacuum,Cleaning&Ironing|Irons,Steamers&Accessories|LintShavers",Home&Kitchen,Kitchen&HomeAppliances,298.0,499.0,40.0,4.4,290.0,201.0,budget,medium,medium,https://m.media-amazon.com/images/W/WEBP_402378-T2/images/I/31kDhgD+VYL._SX300_SY300_.jpg,https://www.amazon.in/FABWARE-Lint-Remover-Clothes-Furniture/dp/B09SFRNKSR/ref=sr_1_189?qid=1672923600&s=kitchen&sr=1-189,1,56.1320355177488,0,-0.25132461630467856,-0.4382286996240675,segmento misto
B0BBMGLQDW,"Tuarso 8K HDMI 2.1 Cable 48Gbps , 1.5 Meter High-Speed Braided HDMI Cable ( 8K@60HZ、4K@120HZ、2K@240HZ ) HDMI 2.1 Cable Compatible with Monitors , Television , Laptops , Projectors , Game Consoles and more with HDMI Ports Device","Electronics|HomeTheater,TV&Video|Accessories|Cables|HDMICables",Electronics,"HomeTheater,TV&Video",599.0,1999.0,70.0,4.2,47.0,1400.0,mid,high,low,https://m.media-amazon.com/images/I/41+BBk2fGcL._SX342_SY445_.jpg,https://www.amazon.in/Tuarso-High-Speed-Compatible-Television-Projectors/dp/B0BBMGLQDW/ref=sr_1_457?qid=1672909147&s=electronics&sr=1-457,1,56.12848542350917,4,-0.008506178994987786,0.7339410863930464,barato com alto desconto
B0BNV7JM5Y,"boAt Newly Launched Wave Electra with 1.81"" HD Display, Smart Calling with Ultra-Seamless BT Calling Chip,20 Built-In Watch Faces,100 + Sports Modes,Menu Personalization,In-Built Games(Charcoal Black)",Electronics|WearableTechnology|SmartWatches,Electronics,WearableTechnology,2999.0,7990.0,62.0,4.1,154.0,4991.0,premium,high,medium,https://m.media-amazon.com/images/I/41fXq5ZKACL._SX300_SY300_QL70_ML2_.jpg,https://www.amazon.in/boAt-Launched-Ultra-Seamless-Personalization-Charcoal/dp/B0BNV7JM5Y/ref=sr_1_133?qid=1672895784&s=electronics&sr=1-133,1,56.125128336302325,4,-0.31416291815292785,0.4974405718394855,barato com alto desconto
B08MXJYB2V,USHA RapidMix 500-Watt Copper Motor Mixer Grinder with 3 Jars and 5 Years Warranty(Sea Green/White),Home&Kitchen|Kitchen&HomeAppliances|SmallKitchenAppliances|MixerGrinders,Home&Kitchen,Kitchen&HomeAppliances,2449.0,3390.0,28.0,4.0,5206.0,941.0,premium,medium,high,https://m.media-amazon.com/images/W/WEBP_402378-T2/images/I/41-76LhAc4S._SX300_SY300_QL70_FMwebp_.jpg,https://www.amazon.in/USHA-RapidMix-500-Watt-Copper-Grinder/dp/B08MXJYB2V/ref=sr_1_331?qid=1672923609&s=kitchen&sr=1-331,1,56.11525219032871,0,-0.9825234915573078,-0.23907704356957105,segmento misto
B07YCBSCYB,AmazonBasics Induction Cooktop 1600 Watt (Black),Home&Kitchen|Kitchen&HomeAppliances|SmallKitchenAppliances|InductionCooktop,Home&Kitchen,Kitchen&HomeAppliances,1999.0,3300.0,39.0,4.2,780.0,1301.0,mid,medium,medium,https://m.media-amazon.com/images/I/4153SQc2VYL._SX300_SY300_QL70_FMwebp_.jpg,https://www.amazon.in/AmazonBasics-Induction-Cooktop-1600-Watt/dp/B07YCBSCYB/ref=sr_1_247?qid=1672923605&s=kitchen&sr=1-247,1,56.11144627538547,0,-0.5593696515289095,-0.24421484521713077,segmento misto
B09MFR93KS,"Bajaj Rex DLX 750 W 4 Jars Mixer Grinder, White and Blue",Home&Kitchen|Kitchen&HomeAppliances|SmallKitchenAppliances|MixerGrinders,Home&Kitchen,Kitchen&HomeAppliances,3041.67,5999.0,49.0,4.0,777.0,2957.33,premium,medium,medium,https://m.media-amazon.com/images/W/WEBP_402378-T1/images/I/31uBcZhDMjL._SX300_SY300_QL70_FMwebp_.jpg,https://www.amazon.in/Bajaj-Jars-Mixer-Grinder-White/dp/B09MFR93KS/ref=sr_1_447?qid=1672923614&s=kitchen&sr=1-447,1,56.0930020274148,1,-0.6724899404122832,0.3106132289900084,segmento misto
B09XJ5LD6L,"Samsung Galaxy M53 5G (Deep Ocean Blue, 6GB, 128GB Storage) | 108MP | sAmoled+ 120Hz | 12GB RAM with RAM Plus | Travel Adapter to be Purchased Separately",Electronics|Mobiles&Accessories|Smartphones&BasicMobiles|Smartphones,Electronics,Mobiles&Accessories,23999.0,32999.0,27.0,3.9,8866.0,9000.0,luxury,medium,high,https://m.media-amazon.com/images/I/418vxJS4AML._SX300_SY300_QL70_ML2_.jpg,https://www.amazon.in/Samsung-Storage-sAmoled-Purchased-Separately/dp/B09XJ5LD6L/ref=sr_1_333?qid=1672895842&s=electronics&sr=1-333,1,56.08614958205027,3,-1.3860105366840283,-1.836992533391049,premium bem avaliado
B07KSB1MLX,AmazonBasics Digital Optical Coax to Analog RCA Audio Converter Adapter with Fiber Cable,"Electronics|HomeTheater,TV&Video|Accessories|Cables|OpticalCables",Electronics,"HomeTheater,TV&Video",1089.0,1600.0,32.0,4.0,3565.0,511.0,mid,medium,high,https://m.media-amazon.com/images/W/WEBP_402378-T1/images/I/41OrFRgZhYL._SX300_SY300_QL70_FMwebp_.jpg,https://www.amazon.in/AmazonBasics-Digital-Optical-Converter-Adapter/dp/B07KSB1MLX/ref=sr_1_179?qid=1672909133&s=electronics&sr=1-179,1,56.06246922539601,0,-0.9159516465745087,-0.013053210835223244,segmento misto
B0B2DJDCPX,"SWAPKART Fast Charging Cable and Data Sync USB Cable Compatible for iPhone 6/6S/7/7+/8/8+/10/11, 12, 13 Pro max iPad Air/Mini, iPod and iOS Devices (White)",Computers&Accessories|Accessories&Peripherals|Cables&Accessories|Cables|USBCables,Computers&Accessories,Accessories&Peripherals,209.0,499.0,58.0,3.9,536.0,290.0,budget,high,medium,https://m.media-amazon.com/images/I/41KmCJuybRL._SX300_SY300_QL70_FMwebp_.jpg,https://www.amazon.in/SWAPKART-Charging-Compatible-iPhone-Devices/dp/B0B2DJDCPX/ref=sr_1_87?qid=1672909128&s=electronics&sr=1-87,2,56.05977135102735,1,-0.6195183133760681,0.9709072564710052,segmento misto
B00TDD0YM4,"Philips GC026/30 Fabric Shaver, Lint Remover for Woolen Sweaters, Blankets, Jackets/Burr Remover Pill Remover from Carpets, Curtains (White)","Home&Kitchen|Kitchen&HomeAppliances|Vacuum,Cleaning&Ironing|Irons,Steamers&Accessories|LintShavers",Home&Kitchen,Kitchen&HomeAppliances,1490.0,1695.0,12.0,4.4,3543.0,205.0,mid,low,high,https://m.media-amazon.com/images/I/41E0TjbPBAL._SX300_SY300_QL70_FMwebp_.jpg,https://www.amazon.in/Philips-GC026-30-Fabric-Shaver/dp/B00TDD0YM4/ref=sr_1_54?qid=1672923592&s=kitchen&sr=1-54,1,56.05839983203141,0,-0.7261744404912269,-1.3232760887374921,segmento misto
B0B7B9V9QP,VU 108 cm (43 inches) Premium Series Full HD Smart LED TV 43GA (Black),"Electronics|HomeTheater,TV&Video|Televisions|SmartTelevisions",Electronics,"HomeTheater,TV&Video",18999.0,35000.0,46.0,4.0,1001.0,16001.0,luxury,medium,high,https://m.media-amazon.com/images/I/51eyIMn02bL._SX300_SY300_QL70_FMwebp_.jpg,https://www.amazon.in/VU-inches-Premium-Smart-43GA/dp/B0B7B9V9QP/ref=sr_1_449?qid=1672909146&s=electronics&sr=1-449,1,56.04146682141457,3,-0.9376869673285042,-1.061732988999123,premium bem avaliado
B09P1MFKG1,"Melbon VM-905 2000-Watt Room Heater (ISI Certified, White Color) Ideal Electric Fan Heater for Small to Medium Room/Area (Plastic Body)","Home&Kitchen|Heating,Cooling&AirQuality|RoomHeaters|FanHeaters",Home&Kitchen,"Heating,Cooling&AirQuality",998.0,2999.0,67.0,4.6,9.0,2001.0,mid,high,low,https://m.media-amazon.com/images/I/41xLjSyJtYL._SX300_SY300_QL70_FMwebp_.jpg,https://www.amazon.in/Melbon-Blower-Heater-2000-Watt-White/dp/B09P1MFKG1/ref=sr_1_313?qid=1672923607&s=kitchen&sr=1-313,1,56.03709856478165,4,0.4694553270873011,-0.10262359181076455,barato com alto desconto
B08TT63N58,"ROYAL STEP - AMAZON'S BRAND - Portable Electric USB Juice Maker Juicer Bottle Blender Grinder Mixer,4 Blades Rechargeable Bottle with (Multi color) (MULTI)",Home&Kitchen|Kitchen&HomeAppliances|SmallKitchenAppliances|Juicers,Home&Kitchen,Kitchen&HomeAppliances,499.0,2199.0,77.0,3.1,3527.0,1700.0,budget,high,high,https://m.media-amazon.com/images/W/WEBP_402378-T2/images/I/51ngprQwafL._SY300_SX300_QL70_FMwebp_.jpg,https://www.amazon.in/ROYAL-STEP-Portable-Electric-Rechargeable/dp/B08TT63N58/ref=sr_1_337?qid=1672923609&s=kitchen&sr=1-337,1,55.9989537438537,1,-1.3537596615394414,2.9101370306076078,segmento misto
B00N1U9AJS,"3M Scotch Double Sided Heavy Duty Tape(1m holds 4.5Kgs) for indoor hanging applications (Photo frames, Mirrors, Key Holders, Car Interiors, Extension Boards, Wall decoration, etc)(L: 3m, W: 24mm)",Home&Kitchen|CraftMaterials|Scrapbooking|Tape,Home&Kitchen,CraftMaterials,130.0,165.0,21.0,3.9,14778.0,35.0,budget,medium,high,https://m.media-amazon.com/images/W/WEBP_402378-T2/images/I/41BeawIQB5L._SX300_SY300_QL70_FMwebp_.jpg,https://www.amazon.in/Scotch-Double-Foam-Tape-24/dp/B00N1U9AJS/ref=sr_1_36?qid=1672902996&s=computers&sr=1-36,1,55.997288218084975,0,-1.121085430070833,-0.09400953346097052,segmento misto
B084MZYBTV,"Belkin USB C to USB-C Fast Charging Type C Cable, 60W PD, 3.3 feet (1 meter) for Laptop, Personal Computer, Tablet, Smartphone - White, USB-IF Certified",Computers&Accessories|Accessories&Peripherals|Cables&Accessories|Cables|USBCables,Computers&Accessories,Accessories&Peripherals,599.0,849.0,29.0,4.5,474.0,250.0,mid,medium,medium,https://m.media-amazon.com/images/I/21DySoa1X+L._SY300_SX300_.jpg,https://www.amazon.in/Belkin-USB-C-Charging-USB-IF-Certified/dp/B084MZYBTV/ref=sr_1_257?qid=1672909136&s=electronics&sr=1-257,1,55.98513419714571,0,-0.32043363634627253,-0.9492926705990877,segmento misto
B08QDPB1SL,Duracell Chhota Power AA Battery Set of 10 Pcs,Electronics|GeneralPurposeBatteries&BatteryChargers|DisposableBatteries,Electronics,GeneralPurposeBatteries&BatteryChargers,190.0,220.0,14.0,4.4,2866.0,30.0,budget,low,high,https://m.media-amazon.com/images/W/WEBP_402378-T2/images/I/41hmoJUQTuL._SX300_SY300_QL70_FMwebp_.jpg,https://www.amazon.in/Duracell-Chhota-Power-Battery-Set/dp/B08QDPB1SL/ref=sr_1_194?qid=1672903005&s=computers&sr=1-194,1,55.96502159200156,0,-0.6885506998288634,-1.1604941522391015,segmento misto
B01M6453MB,"Prestige Delight PRWO Electric Rice Cooker (1 L, White)",Home&Kitchen|Kitchen&HomeAppliances|SmallKitchenAppliances|Rice&PastaCookers,Home&Kitchen,Kitchen&HomeAppliances,2280.0,3045.0,25.0,4.1,4118.0,765.0,premium,medium,high,https://m.media-amazon.com/images/I/41gzDxk4+kL._SY300_SX300_.jpg,https://www.amazon.in/Prestige-Delight-PRWO-1-Litre-Electric/dp/B01M6453MB/ref=sr_1_503?qid=1672923617&s=kitchen&sr=1-503,1,55.95933751978548,0,-0.9201275330615875,-0.4857674097483456,segmento misto
B0BPBXNQQT,"Room Heater Warmer Wall-Outlet 400 Watts Electric Handy Room Heater (Room Heaters Home for Bedroom, Reading Books, Work, bathrooms, Rooms, Offices, Home Offices,2022","Home&Kitchen|Heating,Cooling&AirQuality|RoomHeaters|ElectricHeaters",Home&Kitchen,"Heating,Cooling&AirQuality",799.0,1989.0,60.0,4.3,70.0,1190.0,mid,high,low,https://m.media-amazon.com/images/W/WEBP_402378-T1/images/I/51ey0zzictL._SX300_SY300_QL70_FMwebp_.jpg,https://www.amazon.in/Wall-Outlet-Electric-Heaters-Bedroom-bathrooms/dp/B0BPBXNQQT/ref=sr_1_78?qid=1672923593&s=kitchen&sr=1-78,1,55.9569649122348,4,-0.06250796140754378,0.25938698191689286,barato com alto desconto
B00DJ5N9VK,Faber-Castell Connector Pen Set - Pack of 25 (Assorted),Toys&Games|Arts&Crafts|Drawing&PaintingSupplies|ColouringPens&Markers,Toys&Games,Arts&Crafts,150.0,150.0,0.0,4.3,15867.0,0.0,budget,low,high,https://m.media-amazon.com/images/I/41rJGx-w9iL._SX300_SY300_QL70_FMwebp_.jpg,https://www.amazon.in/Faber-Castell-Connector-Pen-Set-Assorted/dp/B00DJ5N9VK/ref=sr_1_381?qid=1672903013&s=computers&sr=1-381,1,55.95522625663581,0,-0.9353448997218633,-1.4044631853630862,segmento misto
B016XVRKZM,"APC Back-UPS BX600C-IN 600VA / 360W, 230V, UPS System, an Ideal Power Backup & Protection for Home Office, Desktop PC & Home Electronics",Computers&Accessories|Accessories&Peripherals|UninterruptedPowerSupplies,Computers&Accessories,Accessories&Peripherals,3299.0,4100.0,20.0,3.9,15783.0,801.0,premium,medium,high,https://m.media-amazon.com/images/W/WEBP_402378-T1/images/I/31sSNZUSkfL._SX300_SY300_QL70_FMwebp_.jpg,https://www.amazon.in/APC-BX600C-600VA-230V-Back/dp/B016XVRKZM/ref=sr_1_211?qid=1672903005&s=computers&sr=1-211,1,55.92538597006163,0,-1.1759011156870989,-0.3804666657943829,segmento misto
B07GLSKXS1,KENT 16026 Electric Kettle Stainless Steel 1.8 L | 1500W | Superfast Boiling | Auto Shut-Off | Boil Dry Protection | 360° Rotating Base | Water Level Indicator,Home&Kitchen|Kitchen&HomeAppliances|SmallKitchenAppliances|Kettles&HotWaterDispensers|Kettle&ToasterSets,Home&Kitchen,Kitchen&HomeAppliances,1199.0,1950.0,39.0,3.9,2832.0,751.0,mid,medium,high,https://m.media-amazon.com/images/W/WEBP_402378-T1/images/I/41fyxXj8N5L._SX300_SY300_QL70_FMwebp_.jpg,https://www.amazon.in/Kent-16026-1-8-Liter-Electric-Kettle/dp/B07GLSKXS1/ref=sr_1_175?qid=1672923600&s=kitchen&sr=1-175,1,55.91210202397738,1,-0.9510105711599045,0.35565100746423967,segmento misto
B00O24PUO6,Orpat OEH-1260 2000-Watt Fan Heater (Grey),"Home&Kitchen|Heating,Cooling&AirQuality|RoomHeaters|FanHeaters",Home&Kitchen,"Heating,Cooling&AirQuality",1464.0,1650.0,11.0,4.1,14120.0,186.0,mid,low,high,https://m.media-amazon.com/images/W/WEBP_402378-T1/images/I/41DwZuxPCaL._SY300_SX300_QL70_FMwebp_.jpg,https://www.amazon.in/Orpat-OEH-1260-2000-Watt-Heater-Grey/dp/B00O24PUO6/ref=sr_1_24?qid=1672923591&s=kitchen&sr=1-24,1,55.87004154118347,0,-1.0577578348104728,-0.83850598264682,segmento misto
B0B8CB7MHW,"KNOWZA Electric Handheld Milk Wand Mixer Frother for Latte Coffee Hot Milk, Milk Frother for Coffee, Egg Beater, Hand Blender, Coffee Beater (BLACK COFFEE BEATER)",Home&Kitchen|Kitchen&HomeAppliances|SmallKitchenAppliances|HandBlenders,Home&Kitchen,Kitchen&HomeAppliances,426.0,999.0,57.0,4.1,222.0,573.0,budget,high,medium,https://m.media-amazon.com/images/I/51HzkPoNUzL._SX300_SY300_QL70_FMwebp_.jpg,https://www.amazon.in/Electric-Handheld-BLACK-COFFEE-BEATER/dp/B0B8CB7MHW/ref=sr_1_491?qid=1672923617&s=kitchen&sr=1-491,1,55.86826176300396,4,-0.38669472453542164,0.5662764074229996,barato com alto desconto
B0BCKJJN8R,Hindware Atlantic Xceed 5L 3kW Instant Water Heater with Copper Heating Element and High Grade Stainless Steel Tank,"Home&Kitchen|Heating,Cooling&AirQuality|WaterHeaters&Geysers|InstantWaterHeaters",Home&Kitchen,"Heating,Cooling&AirQuality",3599.0,7290.0,51.0,3.9,942.0,3691.0,premium,high,medium,https://m.media-amazon.com/images/W/WEBP_402378-T1/images/I/31i-KNZeKML._SX300_SY300_QL70_FMwebp_.jpg,https://www.amazon.in/Hindware-Atlantic-Instant-Heating-Stainless/dp/B0BCKJJN8R/ref=sr_1_275?qid=1672923606&s=kitchen&sr=1-275,1,55.858916092761554,1,-0.7978361088902545,0.5015625154147508,segmento misto
B01N1XVVLC,"Bajaj OFR Room Heater, 13 Fin 2900 Watts Oil Filled Room Heater with 400W PTC Ceramic Fan Heater, ISI Approved (Majesty 13F Plus Black)","Home&Kitchen|Heating,Cooling&AirQuality|RoomHeaters|FanHeaters",Home&Kitchen,"Heating,Cooling&AirQuality",9590.0,15999.0,40.0,4.1,1017.0,6409.0,premium,medium,high,https://m.media-amazon.com/images/I/41PhEVR4X4L._SX300_SY300_QL70_FMwebp_.jpg,https://www.amazon.in/Bajaj-Majesty-Filled-Radiator-Heater/dp/B01N1XVVLC/ref=sr_1_125?qid=1672923597&s=kitchen&sr=1-125,1,55.82578337694882,0,-0.7985800882870998,-0.6490596493100887,segmento misto
B009P2LITG,"Bajaj Majesty RX11 2000 Watts Heat Convector Room Heater (White, ISI Approved)","Home&Kitchen|Heating,Cooling&AirQuality|RoomHeaters|ElectricHeaters",Home&Kitchen,"Heating,Cooling&AirQuality",2169.0,3279.0,34.0,4.1,1716.0,1110.0,premium,medium,high,https://m.media-amazon.com/images/W/WEBP_402378-T1/images/I/31Di52QEVdL._SX300_SY300_QL70_FMwebp_.jpg,https://www.amazon.in/Bajaj-RX-11-2000-Watt-Convector/dp/B009P2LITG/ref=sr_1_98?qid=1672923595&s=kitchen&sr=1-98,1,55.77192810056475,0,-0.80171159045235,-0.21890433136241816,segmento misto
B07KKJPTWB,"Brayden Chopro, Electric Vegetable Chopper for Kitchen with 500 ML Capacity, 400 Watts Copper Motor and 4 Bi-Level SS Blades (Black)",Home&Kitchen|Kitchen&HomeAppliances|SmallKitchenAppliances|MiniFoodProcessors&Choppers,Home&Kitchen,Kitchen&HomeAppliances,1599.0,1999.0,20.0,4.4,1558.0,400.0,mid,medium,high,https://m.media-amazon.com/images/I/31GXpZTtghL._SX300_SY300_QL70_FMwebp_.jpg,https://www.amazon.in/Brayden-Plastic-Express-Bi-Level-Stainless/dp/B07KKJPTWB/ref=sr_1_254?qid=1672923605&s=kitchen&sr=1-254,1,55.76378359261111,0,-0.6323274610777307,-1.1030128129643046,segmento misto
B09FHHTL8L,Empty Mist Trigger Plastic Spray Bottle for Multi use 200ml Pack of 2,Home&Kitchen|HomeStorage&Organization|LaundryOrganization|IroningAccessories|SprayBottles,Home&Kitchen,HomeStorage&Organization,85.0,199.0,57.0,4.1,212.0,114.0,budget,high,medium,https://m.media-amazon.com/images/W/WEBP_402378-T1/images/I/41Qu+vkjbcL._SY300_SX300_.jpg,https://www.amazon.in/Empty-Trigger-Plastic-Spray-Bottle/dp/B09FHHTL8L/ref=sr_1_430_mod_primary_new?qid=1672923613&s=kitchen&sbo=RZvfv%2F%2FHxDF%2BO5021pAnSA%3D%3D&sr=1-430,1,55.73293357152176,4,-0.39305332312991353,0.5941025925905472,barato com alto desconto
B0BQ3K23Y1,"Oratech Coffee Frother electric, milk frother electric, coffee beater, cappuccino maker, Coffee Foamer, Mocktail Mixer, Coffee Foam Maker, coffee whisker electric, Froth Maker, coffee stirrers electric, coffee frothers, Coffee Blender, (6 Month Warranty) (Multicolour)",Home&Kitchen|Kitchen&HomeAppliances|SmallKitchenAppliances|HandBlenders,Home&Kitchen,Kitchen&HomeAppliances,279.0,499.0,44.0,4.8,28.0,220.0,budget,medium,low,https://m.media-amazon.com/images/W/WEBP_402378-T2/images/I/41t3WVUlRmL._SX300_SY300_QL70_FMwebp_.jpg,https://www.amazon.in/Oratech-electric-cappuccino-Mocktail-Multicolour/dp/B0BQ3K23Y1/ref=sr_1_216?qid=1672923601&s=kitchen&sr=1-216,1,55.72725434353845,0,0.3265277029505236,-1.0448987309775701,segmento misto
B07Y1RCCW5,"ZIGMA WinoteK WinoteK Sun Instant Water Geyser, Water Heater, Portable Water Heater, Geysers Made of First Class ABS Plastic, automatic Reset Model, AE10-3 W (Yellow)","Home&Kitchen|Heating,Cooling&AirQuality|WaterHeaters&Geysers|InstantWaterHeaters",Home&Kitchen,"Heating,Cooling&AirQuality",1190.0,2550.0,53.0,3.8,1181.0,1360.0,mid,high,high,https://m.media-amazon.com/images/W/WEBP_402378-T2/images/I/31C71rcp+1L._SY300_SX300_.jpg,https://www.amazon.in/WinoteK-Instant-Portable-Geysers-automatic/dp/B07Y1RCCW5/ref=sr_1_409?qid=1672923612&s=kitchen&sr=1-409,1,55.723811596096176,1,-0.875277249530443,0.9315812698496372,segmento misto
B00935MD1C,"Prestige PRWO 1.8-2 700-Watts Delight Electric Rice Cooker with 2 Aluminium Cooking Pans - 1.8 Liters, White",Home&Kitchen|Kitchen&HomeAppliances|SmallKitchenAppliances|Rice&PastaCookers,Home&Kitchen,Kitchen&HomeAppliances,2719.0,3945.0,31.0,3.7,13406.0,1226.0,premium,medium,high,https://m.media-amazon.com/images/I/41f4XKOolpL._SX300_SY300_QL70_FMwebp_.jpg,https://www.amazon.in/Prestige-PRWO-1-8-2-700-Watts-Aluminium/dp/B00935MD1C/ref=sr_1_149?qid=1672923597&s=kitchen&sr=1-149,1,55.70281199592371,1,-1.2905882397748314,0.3404984458849287,segmento misto
B00KIE28X0,"Camel Artist Acrylic Color Box - 9ml Tubes, 12 Shades",Home&Kitchen|CraftMaterials|PaintingMaterials|Paints,Home&Kitchen,CraftMaterials,310.0,310.0,0.0,4.5,5882.0,0.0,budget,low,high,https://m.media-amazon.com/images/I/51UTH-oHa9L._SY300_SX300_QL70_FMwebp_.jpg,https://www.amazon.in/Camel-Camlin-Kokuyo-Acrylic-Color/dp/B00KIE28X0/ref=sr_1_334?qid=1672903011&s=computers&sr=1-334,1,55.69515179797272,0,-0.7883229537732945,-1.7484431883104863,segmento misto
B085LPT5F4,Solidaire 550-Watt Mixer Grinder with 3 Jars (Black) (SLD-550-B),Home&Kitchen|Kitchen&HomeAppliances|SmallKitchenAppliances|MixerGrinders,Home&Kitchen,Kitchen&HomeAppliances,1649.0,2800.0,41.0,3.9,2162.0,1151.0,mid,medium,high,https://m.media-amazon.com/images/I/41SWYTwG5-L._SX300_SY300_QL70_FMwebp_.jpg,https://www.amazon.in/Solidaire-550-Watt-Mixer-Grinder-SLD-550-B/dp/B085LPT5F4/ref=sr_1_356?qid=1672923610&s=kitchen&sr=1-356,1,55.64808659976016,1,-0.950066840152302,0.37746747295830724,segmento misto
B0846D5CBP,"Casio FX-991ES Plus-2nd Edition Scientific Calculator, Black",OfficeProducts|OfficeElectronics|Calculators|Scientific,OfficeProducts,OfficeElectronics,1295.0,1295.0,0.0,4.5,5760.0,0.0,mid,low,high,https://m.media-amazon.com/images/W/WEBP_402378-T1/images/I/41PDEAuwT3L._SX300_SY300_QL70_FMwebp_.jpg,https://www.amazon.in/Casio-FX-991ES-Plus-2nd-Scientific-Calculator/dp/B0846D5CBP/ref=sr_1_56?qid=1672902997&s=computers&sr=1-56,1,55.63333989374976,0,-0.8075261048141861,-1.8274886398181778,segmento misto
B07N2MGB3G,"AGARO Marvel 9 Liters Oven Toaster Griller, Cake Baking OTG (Black)",Home&Kitchen|Kitchen&HomeAppliances|SmallKitchenAppliances|OvenToasterGrills,Home&Kitchen,Kitchen&HomeAppliances,1699.0,1999.0,15.0,4.1,8873.0,300.0,mid,low,high,https://m.media-amazon.com/images/W/WEBP_402378-T1/images/I/41LKiR8QpwL._SX300_SY300_QL70_FMwebp_.jpg,https://www.amazon.in/AGARO-Marvel-Litre-Toaster-Griller/dp/B07N2MGB3G/ref=sr_1_222?qid=1672923601&s=kitchen&sr=1-222,1,55.5636545417599,0,-1.0692043036876124,-0.7302820575908521,segmento misto
B09C6FML9B,"Duracell Micro USB 3A Braided Sync & Fast Charging Cable, 3.9 Feet (1.2M). Supports QC 2.0/3.0 Charging, High Speed Data Transmission - Black",Computers&Accessories|Accessories&Peripherals|Cables&Accessories|Cables|USBCables,Computers&Accessories,Accessories&Peripherals,320.0,599.0,47.0,4.1,491.0,279.0,budget,medium,medium,https://m.media-amazon.com/images/I/41Fu3K9KAZL._SX300_SY300_QL70_FMwebp_.jpg,https://www.amazon.in/DURACELL-Micro-braided-Charge-Cable/dp/B09C6FML9B/ref=sr_1_214?qid=1672909134&s=electronics&sr=1-214,1,55.54275569037126,0,-0.5821499053930397,0.29629744552540377,segmento misto
B09FKDH6FS,"realme narzo 50i (Mint Green, 2GB RAM+32GB Storage) Octa Core Processor | 6.5"" inch Large Display",Electronics|Mobiles&Accessories|Smartphones&BasicMobiles|Smartphones,Electronics,Mobiles&Accessories,7499.0,7999.0,6.0,4.0,30907.0,500.0,premium,low,high,https://m.media-amazon.com/images/I/4147W6koDNL._SX300_SY300_QL70_ML2_.jpg,https://www.amazon.in/realme-narzo-Mint-Green-Storage/dp/B09FKDH6FS/ref=sr_1_115?qid=1672895777&s=electronics&sr=1-115,1,55.517525164535584,0,-1.2173938514572447,-1.3326806044788846,segmento misto
B09DL9978Y,"Hindware Atlantic Compacto 3 Litre Instant water heater with Stainless Steel Tank, Robust Construction, Pressure Relief Valve And I-thermostat Feature (White And Grey)","Home&Kitchen|Heating,Cooling&AirQuality|WaterHeaters&Geysers|InstantWaterHeaters",Home&Kitchen,"Heating,Cooling&AirQuality",2399.0,4590.0,48.0,4.1,444.0,2191.0,premium,medium,medium,https://m.media-amazon.com/images/I/21nPIBIwF0L._SX300_SY300_QL70_FMwebp_.jpg,https://www.amazon.in/Hindware-Atlantic-Compacto-Instant-HI03PDW30/dp/B09DL9978Y/ref=sr_1_151?qid=1672923598&s=kitchen&sr=1-151,1,55.5125564834375,0,-0.5951884876206938,0.15649014424188304,segmento misto
B009P2LK08,"Bajaj Minor 1000 Watts Radiant Room Heater (Steel, ISI Approved)","Home&Kitchen|Heating,Cooling&AirQuality|RoomHeaters|ElectricHeaters",Home&Kitchen,"Heating,Cooling&AirQuality",749.0,1129.0,34.0,4.0,2446.0,380.0,mid,medium,high,https://m.media-amazon.com/images/W/WEBP_402378-T1/images/I/41B-iX4Pf5L._SX300_SY300_QL70_FMwebp_.jpg,https://www.amazon.in/Bajaj-Minor-1000-Watt-Room-Heater/dp/B009P2LK08/ref=sr_1_57?qid=1672923593&s=kitchen&sr=1-57,1,55.48360462764048,0,-0.9341807451525433,0.0744673846236839,segmento misto
B078JF6X9B,"Havells Instanio 3-Litre 4.5KW Instant Water Heater (Geyser), White Blue","Home&Kitchen|Heating,Cooling&AirQuality|WaterHeaters&Geysers|InstantWaterHeaters",Home&Kitchen,"Heating,Cooling&AirQuality",3645.0,6070.0,40.0,4.2,561.0,2425.0,premium,medium,medium,https://m.media-amazon.com/images/W/WEBP_402378-T2/images/I/31991seDfcL._SY300_SX300_QL70_FMwebp_.jpg,https://www.amazon.in/Havells-Instanio-3-Litre-Instant-Geyser/dp/B078JF6X9B/ref=sr_1_347?qid=1672923610&s=kitchen&sr=1-347,1,55.40675687773853,0,-0.6221130205017862,-0.3472332972579913,segmento misto
B00P93X6EK,"Classmate Soft Cover 6 Subject Spiral Binding Notebook, Unruled, 300 Pages","OfficeProducts|OfficePaperProducts|Paper|Stationery|Notebooks,WritingPads&Diaries|WireboundNotebooks",OfficeProducts,OfficePaperProducts,157.0,160.0,2.0,4.5,4428.0,3.0,budget,low,high,https://m.media-amazon.com/images/W/WEBP_402378-T2/images/I/51fhn5ex+GL._SY300_SX300_.jpg,https://www.amazon.in/Classmate-Pulse-Spiral-Notebook-Unruled/dp/B00P93X6EK/ref=sr_1_311?qid=1672903010&s=computers&sr=1-311,1,55.38968530793355,0,-0.7906775311932355,-1.6755871746433215,segmento misto
B09CKSYBLR,"InstaCuppa Rechargeable Mini Electric Chopper - Stainless Steel Blades, One Touch Operation, for Mincing Garlic, Ginger, Onion, Vegetable, Meat, Nuts, (White, 250 ML, Pack of 1, 45 Watts)",Home&Kitchen|Kitchen&HomeAppliances|SmallKitchenAppliances|MiniFoodProcessors&Choppers,Home&Kitchen,Kitchen&HomeAppliances,999.0,1499.0,33.0,4.1,1646.0,500.0,mid,medium,high,https://m.media-amazon.com/images/I/411ipFfM1vL._SX300_SY300_QL70_FMwebp_.jpg,https://www.amazon.in/InstaCuppa-Rechargeable-Mini-Electric-Chopper/dp/B09CKSYBLR/ref=sr_1_145?qid=1672923597&s=kitchen&sr=1-145,1,55.38319751933239,0,-0.835243963022262,-0.1513159079376299,segmento misto
B0B5F3YZY4,"Wayona 3in1 Nylon Braided 66W USB Fast Charging Cable with Type C, Lightening and Micro USB Port, Compatible with iPhone, iPad, Samsung Galaxy, OnePlus, Mi, Oppo, Vivo, iQOO, Xiaomi (1M, Black)",Computers&Accessories|Accessories&Peripherals|Cables&Accessories|Cables|USBCables,Computers&Accessories,Accessories&Peripherals,449.0,1099.0,59.0,4.0,242.0,650.0,budget,high,medium,https://m.media-amazon.com/images/W/WEBP_402378-T2/images/I/31MQ2YXMb4L._SY445_SX342_QL70_FMwebp_.jpg,https://www.amazon.in/Wayona-Braided-Charging-Lightening-Compatible/dp/B0B5F3YZY4/ref=sr_1_259?qid=1672909136&s=electronics&sr=1-259,1,55.32018669388543,1,-0.5314349913088213,0.8014047221983959,segmento misto
B082KVTRW8,KENT 16055 Amaze Cool Touch Electric Kettle 1.8 L 1500 W | Plastic Outer & Stainless Steel Inside body | Auto shut off Over heating protection | Multipurpose hot water Kettle | 1 Year Warranty,Home&Kitchen|Kitchen&HomeAppliances|SmallKitchenAppliances|Kettles&HotWaterDispensers|Kettle&ToasterSets,Home&Kitchen,Kitchen&HomeAppliances,1199.0,1900.0,37.0,4.0,1765.0,701.0,mid,medium,high,https://m.media-amazon.com/images/W/WEBP_402378-T2/images/I/31lKVhGarbL._SX300_SY300_QL70_FMwebp_.jpg,https://www.amazon.in/Amaze-Litre-Electric-Kettle-Stainless/dp/B082KVTRW8/ref=sr_1_81?qid=1672923595&s=kitchen&sr=1-81,1,55.31946553356613,0,-0.9080304513392415,0.12395837059048134,segmento misto
B08BG4M4N7,"PRUSHTI COVER AND BAGS, Protective Case for Airtel Xstream settop Box Remote Remote Control Pouch Cover Holder PU Leather Cover Holder(only Cover for Selling Purpose)","Electronics|HomeTheater,TV&Video|Accessories|RemoteControls",Electronics,"HomeTheater,TV&Video",199.0,499.0,60.0,3.8,538.0,300.0,budget,high,medium,https://m.media-amazon.com/images/W/WEBP_402378-T2/images/I/41Bi9ZwBQ7L._SX300_SY300_QL70_FMwebp_.jpg,https://www.amazon.in/PRUSHTI-COVER-BAGS-Protective-Xstream/dp/B08BG4M4N7/ref=sr_1_486?qid=1672909149&s=electronics&sr=1-486,1,55.26931811796172,1,-0.7832971196913933,1.2092307638231174,segmento misto
B08F47T4X5,"VR 18 Pcs - 3 Different Size Plastic Food Snack Bag Pouch Clip Sealer Large, Medium, Small Plastic Snack Seal Sealing Bag Clips Vacuum Sealer (Set of 18, Multi-Color) (Multicolor)",Home&Kitchen|Kitchen&HomeAppliances|SmallKitchenAppliances|VacuumSealers,Home&Kitchen,Kitchen&HomeAppliances,89.0,89.0,0.0,4.2,19621.0,0.0,budget,low,high,https://m.media-amazon.com/images/I/51swXR+r2xL._SY300_SX300_.jpg,https://www.amazon.in/VR-Pcs-Different-Multi-Color-Multicolor/dp/B08F47T4X5/ref=sr_1_94?qid=1672923595&s=kitchen&sr=1-94,1,55.24823918729358,0,-1.0883407715742723,-1.2287585371151446,segmento misto
B0B8XNPQPN,"Pigeon Healthifry Digital Air Fryer, 360° High Speed Air Circulation Technology 1200 W with Non-Stick 4.2 L Basket - Green",Home&Kitchen|Kitchen&HomeAppliances|SmallKitchenAppliances|DeepFatFryers|AirFryers,Home&Kitchen,Kitchen&HomeAppliances,3599.0,7950.0,55.0,4.2,136.0,4351.0,premium,high,medium,https://m.media-amazon.com/images/I/31Jad8ITgaL._SX300_SY300_QL70_FMwebp_.jpg,https://www.amazon.in/Pigeon-Healthifry-Circulation-Technology-Non-Stick/dp/B0B8XNPQPN/ref=sr_1_44?qid=1672923592&s=kitchen&sr=1-44,1,55.23264396478215,0,-0.3791567682316923,0.0756561213581937,segmento misto
B086Q3QMFS,"Classmate Drawing Book - Unruled, 40 Pages, 210 mm x 297 mm - Pack Of 4","OfficeProducts|OfficePaperProducts|Paper|Stationery|Notebooks,WritingPads&Diaries|CompositionNotebooks",OfficeProducts,OfficePaperProducts,120.0,120.0,0.0,4.5,4951.0,0.0,budget,low,high,https://m.media-amazon.com/images/W/WEBP_402378-T2/images/I/41KFL-3kiUL._SX300_SY300_QL70_FMwebp_.jpg,https://www.amazon.in/Classmate-Drawing-Book-Unruled-Pages/dp/B086Q3QMFS/ref=sr_1_468?qid=1672903018&s=computers&sr=1-468,1,55.187002164333634,0,-0.8357329853803054,-1.7293976617931672,segmento misto
B07GLNJC25,"ZEBRONICS Zeb-100HB 4 Ports USB Hub for Laptop, PC Computers, Plug & Play, Backward Compatible - Black",Computers&Accessories|Accessories&Peripherals|USBHubs,Computers&Accessories,Accessories&Peripherals,330.0,499.0,34.0,3.7,8566.0,169.0,budget,medium,high,https://m.media-amazon.com/images/W/WEBP_402378-T1/images/I/413ZmbHlAKL._SX300_SY300_QL70_FMwebp_.jpg,https://www.amazon.in/Zebronics-100HB-High-Speed-Port/dp/B07GLNJC25/ref=sr_1_370?qid=1672903013&s=computers&sr=1-370,1,55.179661753616806,1,-1.297772160208903,0.6319717669548385,segmento misto
B09ZPJT8B2,TCL 80 cm (32 inches) HD Ready Certified Android Smart LED TV 32S615 (Black),"Electronics|HomeTheater,TV&Video|Televisions|SmartTelevisions",Electronics,"HomeTheater,TV&Video",11990.0,31990.0,63.0,4.2,64.0,20000.0,luxury,high,low,https://m.media-amazon.com/images/I/51lDlqmDxQL._SY300_SX300_QL70_FMwebp_.jpg,https://www.amazon.in/TCL-inches-Certified-Android-32S615/dp/B09ZPJT8B2/ref=sr_1_227?qid=1672909135&s=electronics&sr=1-227,1,55.16107276150058,4,-0.3577293744079933,-0.37870251827612694,barato com alto desconto
B00R1P3B4O,Fujifilm Instax Mini Single Pack 10 Sheets Instant Film for Fuji Instant Cameras,Electronics|Cameras&Photography|Accessories|Film,Electronics,Cameras&Photography,549.0,549.0,0.0,4.5,4875.0,0.0,mid,low,high,https://m.media-amazon.com/images/I/51fEftU7HAL._SX300_SY300_QL70_FMwebp_.jpg,https://www.amazon.in/Fujifilm-Instax-Instant-Fuji-Cameras/dp/B00R1P3B4O/ref=sr_1_129?qid=1672903001&s=computers&sr=1-129,1,55.14138212053608,0,-0.8458177439386979,-1.763721254298053,segmento misto
B0B21C4BMX,"Portronics Konnect Spydr 31 3-in-1 Multi Functional Cable with 3.0A Output, Tangle Resistant, 1.2M Length, Nylon Braided(Zebra)",Computers&Accessories|Accessories&Peripherals|Cables&Accessories|Cables|USBCables,Computers&Accessories,Accessories&Peripherals,228.0,899.0,75.0,3.8,132.0,671.0,budget,high,medium,https://m.media-amazon.com/images/I/41LCWn4aUHL._SX300_SY300_QL70_FMwebp_.jpg,https://www.amazon.in/Portronics-Konnect-Functional-Resistant-Braided/dp/B0B21C4BMX/ref=sr_1_133?qid=1672909130&s=electronics&sr=1-133,1,55.13105651532979,1,-0.53828678872768,1.6259392600575242,segmento misto
B018SJJ0GE,Libra Roti Maker Electric Automatic | chapati Maker Electric Automatic | roti Maker Machine with 900 Watts for Making Roti/Chapati/Parathas - Stainless Steel,Home&Kitchen|Kitchen&HomeAppliances|SmallKitchenAppliances|RotiMakers,Home&Kitchen,Kitchen&HomeAppliances,1999.0,2999.0,33.0,4.4,388.0,1000.0,mid,medium,medium,https://m.media-amazon.com/images/I/41Mm2LXiZrL._SX300_SY300_QL70_FMwebp_.jpg,https://www.amazon.in/Libra-Athena-Roti-Maker-Black/dp/B018SJJ0GE/ref=sr_1_455?qid=1672923614&s=kitchen&sr=1-455,1,55.12648350841693,0,-0.4744667772622193,-0.7687323495712035,segmento misto
B08235JZFB,"Crompton InstaGlide 1000-Watts Dry Iron with American Heritage Coating, Pack of 1 Iron","Home&Kitchen|Kitchen&HomeAppliances|Vacuum,Cleaning&Ironing|Irons,Steamers&Accessories|Irons|DryIrons",Home&Kitchen,Kitchen&HomeAppliances,850.0,1000.0,15.0,4.1,7619.0,150.0,mid,low,high,https://m.media-amazon.com/images/I/31TSknJ2JbL._SY300_SX300_QL70_FMwebp_.jpg,https://www.amazon.in/Crompton-InstaGlide-Certified-Dry-Iron/dp/B08235JZFB/ref=sr_1_283?qid=1672923606&s=kitchen&sr=1-283,1,55.11427942966829,0,-1.1064999454028517,-0.6572121536602538,segmento misto
B08W9BK4MD,"Tom & Jerry Folding Laundry Basket for Clothes with Lid & Handle, Toys Organiser, 75 Litre, Green",Home&Kitchen|HomeStorage&Organization|LaundryOrganization|LaundryBaskets,Home&Kitchen,HomeStorage&Organization,351.0,899.0,61.0,3.9,296.0,548.0,budget,high,medium,https://m.media-amazon.com/images/I/41nfxayjM9L._SX300_SY300_QL70_FMwebp_.jpg,https://www.amazon.in/PrettyKrafts-Folding-Laundry-Clothes-Organiser/dp/B08W9BK4MD/ref=sr_1_288?qid=1672923606&s=kitchen&sr=1-288,1,55.11067400087353,1,-0.6472790908368222,1.045534242673928,segmento misto
B00NW4UWN6,Prestige PKGSS 1.7L 1500W Electric Kettle (Stainless Steel),Home&Kitchen|Kitchen&HomeAppliances|SmallKitchenAppliances|Kettles&HotWaterDispensers|ElectricKettles,Home&Kitchen,Kitchen&HomeAppliances,1043.0,1345.0,22.0,3.8,15592.0,302.0,mid,medium,high,https://m.media-amazon.com/images/W/WEBP_402378-T1/images/I/41J3yWKhnxL._SX300_SY300_QL70_FMwebp_.jpg,https://www.amazon.in/Prestige-PKGSS-Electric-Kettle-Stainless/dp/B00NW4UWN6/ref=sr_1_22?qid=1672923591&s=kitchen&sr=1-22,1,55.08805666171581,0,-1.315639906105742,0.039835309381575486,segmento misto
B01MUAUOCX,"Sujata Chutney Steel Jar, 400 ml, (White), Stainless Steel",Home&Kitchen|Kitchen&HomeAppliances|SmallKitchenAppliances|SmallApplianceParts&Accessories,Home&Kitchen,Kitchen&HomeAppliances,688.0,747.0,8.0,4.5,2280.0,59.0,mid,low,high,https://m.media-amazon.com/images/W/WEBP_402378-T1/images/I/315uFBgWK3L._SX300_SY300_QL70_FMwebp_.jpg,https://www.amazon.in/SUJATA-Chutney-Jar-Small-8x8x8cm/dp/B01MUAUOCX/ref=sr_1_386?qid=1672923611&s=kitchen&sr=1-386,1,55.02816908270184,0,-0.7441399702927114,-1.5444675208466758,segmento misto
B08G1RW2Q3,"EYNK Extra Long Micro USB Fast Charging USB Cable | Micro USB Data Cable | Quick Fast Charging Cable | Charger Sync Cable | High Speed Transfer Android Smartphones V8 Cable (2.4 Amp, 3m,) (White)",Computers&Accessories|Accessories&Peripherals|Cables&Accessories|Cables|USBCables,Computers&Accessories,Accessories&Peripherals,299.0,799.0,63.0,4.0,151.0,500.0,budget,high,medium,https://m.media-amazon.com/images/W/WEBP_402378-T2/images/I/31WPRa-K7GL._SY445_SX342_QL70_FMwebp_.jpg,https://www.amazon.in/EYNK-Charging-Charger-Transfer-Smartphones/dp/B08G1RW2Q3/ref=sr_1_483?qid=1672909149&s=electronics&sr=1-483,1,55.00010298229565,1,-0.48637728171211264,0.9257705244519085,segmento misto
B09VGS66FV,"Tesora - Inspired by you Large Premium Electric Kettle 1.8L, Stainless Steel Inner Body - Auto Power Cut, Boil Dry Protection & Cool Touch Double Wall, Portable | 1500 Watts |1 Year Warranty | (White)",Home&Kitchen|Kitchen&HomeAppliances|SmallKitchenAppliances|Kettles&HotWaterDispensers|Kettle&ToasterSets,Home&Kitchen,Kitchen&HomeAppliances,1349.0,1850.0,27.0,4.4,638.0,501.0,mid,medium,medium,https://m.media-amazon.com/images/W/WEBP_402378-T1/images/I/31qaROshXhL._SX300_SY300_QL70_FMwebp_.jpg,https://www.amazon.in/Tesora-Electric-Stainless-Protection-White/dp/B09VGS66FV/ref=sr_1_266?qid=1672923605&s=kitchen&sr=1-266,1,54.9947178336456,0,-0.578016735581463,-0.883760778050008,segmento misto
B0BB3CBFBM,VU 138 cm (55 inches) Premium Series 4K Ultra HD Smart IPS LED TV 55UT (Black),"Electronics|HomeTheater,TV&Video|Televisions|SmartTelevisions",Electronics,"HomeTheater,TV&Video",29990.0,65000.0,54.0,4.1,211.0,35010.0,luxury,high,medium,https://m.media-amazon.com/images/I/41HhmJpfjNL._SX300_SY300_QL70_FMwebp_.jpg,https://www.amazon.in/VU-inches-Premium-Ultra-Smart/dp/B0BB3CBFBM/ref=sr_1_169?qid=1672909133&s=electronics&sr=1-169,1,54.92118055987019,3,-0.905713058317418,-1.9021217416185592,premium bem avaliado
B07TTSS5MP,Lifelong LLMG74 750 Watt Mixer Grinder with 3 Jars (White and Grey),Home&Kitchen|Kitchen&HomeAppliances|SmallKitchenAppliances|MixerGrinders,Home&Kitchen,Kitchen&HomeAppliances,1799.0,3299.0,45.0,3.8,1846.0,1500.0,mid,medium,high,https://m.media-amazon.com/images/I/31Sh9NZmX-L._SX300_SY300_QL70_FMwebp_.jpg,https://www.amazon.in/Lifelong-LLMG74-Mixer-Grinder-White/dp/B07TTSS5MP/ref=sr_1_412?qid=1672923612&s=kitchen&sr=1-412,1,54.91273668818521,1,-1.0800780759289872,0.6593677656116822,segmento misto
B09LQH3SD9,"Lifelong LLQH922 Regalia 800 W (ISI Certified) Quartz Room Heater with 2 Power settings, Overheating Protection, 2 Rod Heater (1 Year Warranty, White)","Home&Kitchen|Heating,Cooling&AirQuality|RoomHeaters|ElectricHeaters",Home&Kitchen,"Heating,Cooling&AirQuality",999.0,2000.0,50.0,3.8,1163.0,1001.0,mid,medium,high,https://m.media-amazon.com/images/I/51DxyRgcEdL._SX300_SY300_QL70_FMwebp_.jpg,https://www.amazon.in/Lifelong-LLQH922-Certified-Overheating-Protection/dp/B09LQH3SD9/ref=sr_1_36?qid=1672923592&s=kitchen&sr=1-36,1,54.880675392623935,1,-0.9921480869216354,0.8651992716775442,segmento misto
B07V5YF4ND,LOHAYA LCD/LED Remote Compatible for Sony Bravia Smart LCD LED UHD OLED QLED 4K Ultra HD TV Remote Control with YouTube & Netflix Function [ Compatible for Sony Tv Remote Control ],"Electronics|HomeTheater,TV&Video|Accessories|RemoteControls",Electronics,"HomeTheater,TV&Video",299.0,1199.0,75.0,3.5,466.0,900.0,budget,high,medium,https://m.media-amazon.com/images/I/4173mQ7F-mL._SX300_SY300_QL70_FMwebp_.jpg,https://www.amazon.in/LOHAYA-Remote-Compatible-Smart-Control/dp/B07V5YF4ND/ref=sr_1_255?qid=1672909136&s=electronics&sr=1-255,1,54.83574221771492,1,-0.9665904475822444,2.160663659843321,segmento misto
B08BQ947H3,"LIRAMARK Webcam Cover Slide, Ultra Thin Laptop Camera Cover Slide Blocker for Computer MacBook Pro iMac PC Tablet (Pack of 3)",Computers&Accessories|Accessories&Peripherals|LaptopAccessories|CameraPrivacyCovers,Computers&Accessories,Accessories&Peripherals,149.0,149.0,0.0,4.3,10833.0,0.0,budget,low,high,https://m.media-amazon.com/images/I/41PeQz-jDSL._SX300_SY300_QL70_ML2_.jpg,https://www.amazon.in/LIRAMARK-Webcam-Blocker-Computer-MacBook/dp/B08BQ947H3/ref=sr_1_317?qid=1672895842&s=electronics&sr=1-317,2,54.82959997164536,0,-1.0761812243409357,-1.3875459275373567,segmento misto
B0BDG6QDYD,Activa Heat-Max 2000 Watts Room Heater (White color ) with ABS body,"Home&Kitchen|Heating,Cooling&AirQuality|RoomHeaters|FanHeaters",Home&Kitchen,"Heating,Cooling&AirQuality",899.0,1990.0,55.0,4.1,185.0,1091.0,mid,high,medium,https://m.media-amazon.com/images/W/WEBP_402378-T1/images/I/41s6tfIVmeL._SX300_SY300_QL70_FMwebp_.jpg,https://www.amazon.in/Activa-Heat-Max-Watts-Heater-White/dp/B0BDG6QDYD/ref=sr_1_167?qid=1672923598&s=kitchen&sr=1-167,1,54.80120865348802,0,-0.5130040056812984,0.4746252261362815,segmento misto
B0814ZY6FP,"Zebronics ZEB-VITA Wireless Bluetooth 10W Portable Bar Speaker With Supporting USB, SD Card, AUX, FM, TWS & Call Function",Electronics|HomeAudio|Speakers|BluetoothSpeakers,Electronics,HomeAudio,899.0,1199.0,25.0,3.8,10751.0,300.0,mid,medium,high,https://m.media-amazon.com/images/I/31c2Mxy32-L._SX300_SY300_QL70_FMwebp_.jpg,https://www.amazon.in/Zebronics-Zeb-Vita-Portable-Speaker-Bluetooth/dp/B0814ZY6FP/ref=sr_1_352?qid=1672903012&s=computers&sr=1-352,1,54.7894594489517,0,-1.3346836026348894,0.14962309483703634,segmento misto
B08RP2L2NL,"King Shine Multi Retractable 3.0A Fast Charger Cord, Multiple Charging Cable 4Ft/1.2m 3-in-1 USB Charge Cord Compatible with Phone/Type C/Micro USB for All Android and iOS Smartphones (Random Colour)",Computers&Accessories|Accessories&Peripherals|Cables&Accessories|Cables|USBCables,Computers&Accessories,Accessories&Peripherals,347.0,999.0,65.0,3.5,1121.0,652.0,budget,high,high,https://m.media-amazon.com/images/W/WEBP_402378-T1/images/I/416GZEi9SuL._SX300_SY300_QL70_FMwebp_.jpg,https://www.amazon.in/Retractable-Multiple-Charging-Compatible-Smartphones/dp/B08RP2L2NL/ref=sr_1_131?qid=1672909130&s=electronics&sr=1-131,1,54.76163927825919,1,-1.1401438538008757,1.8766347625164812,segmento misto
B0162K34H2,"boAt LTG 500 Apple MFI Certified for iPhone, iPad and iPod 2Mtr Data Cable(Space Grey)",Computers&Accessories|Accessories&Peripherals|Cables&Accessories|Cables|USBCables,Computers&Accessories,Accessories&Peripherals,849.0,999.0,15.0,4.1,6736.0,150.0,mid,low,high,https://m.media-amazon.com/images/I/41vVXPCqnML._SX300_SY300_QL70_FMwebp_.jpg,https://www.amazon.in/LTG500-Indestructible-Certified-Lightning-2Meter/dp/B0162K34H2/ref=sr_1_202?qid=1672909134&s=electronics&sr=1-202,1,54.750997252910096,0,-1.1443927666583473,-0.6538505957889702,segmento misto
B0B65P827P,"Zebronics CU3100V Fast charging Type C cable with QC 18W support, 3A max capacity, 1 meter braided cable, Data transfer and Superior durability (Braided Black )",Computers&Accessories|Accessories&Peripherals|Cables&Accessories|Cables|USBCables,Computers&Accessories,Accessories&Peripherals,128.31,549.0,77.0,3.9,61.0,420.69,budget,high,low,https://m.media-amazon.com/images/W/WEBP_402378-T2/images/I/31q4l5k9uOL._SX300_SY300_QL70_FMwebp_.jpg,https://www.amazon.in/Zebronics-charging-capacity-durability-Black/dp/B0B65P827P/ref=sr_1_256?qid=1672909136&s=electronics&sr=1-256,1,54.74509815022943,1,-0.3979196853275709,1.5103548344106548,segmento misto
B0B5GF6DQD,"Noise Agile 2 Buzz Bluetooth Calling Smart Watch with 1.28"" TFT Display,Dual Button,in-Built Mic & Speaker,AI Voice Assistant, Health Suite,in-Built Games, 100 Watch Faces-(Jet Black)",Electronics|WearableTechnology|SmartWatches,Electronics,WearableTechnology,2499.0,5999.0,58.0,3.7,828.0,3500.0,premium,high,medium,https://m.media-amazon.com/images/I/41DgrxyBPTL._SX300_SY300_QL70_ML2_.jpg,https://www.amazon.in/Noise-Bluetooth-Calling-Display-Assistant/dp/B0B5GF6DQD/ref=sr_1_238?qid=1672895814&s=electronics&sr=1-238,1,54.67390222402483,1,-1.028678544337581,1.1484809937940146,segmento misto
B01I1LDZGA,"Pigeon Kessel Multipurpose Kettle (12173) 1.2 litres with Stainless Steel Body, used for boiling Water and milk, Tea, Coffee, Oats, Noodles, Soup etc. 600 Watt (Black & Silver)",Home&Kitchen|Kitchen&HomeAppliances|SmallKitchenAppliances|Kettles&HotWaterDispensers|ElectricKettles,Home&Kitchen,Kitchen&HomeAppliances,1499.0,1775.0,16.0,3.9,14667.0,276.0,mid,low,high,https://m.media-amazon.com/images/I/41orhoQwtGL._SX300_SY300_QL70_FMwebp_.jpg,https://www.amazon.in/Pigeon-Kessel-1-2-Litre-Multi-purpose-Kettle/dp/B01I1LDZGA/ref=sr_1_125_mod_primary_new?qid=1672923596&s=kitchen&sbo=RZvfv%2F%2FHxDF%2BO5021pAnSA%3D%3D&sr=1-125,1,54.645263657383545,0,-1.3347998847576283,-0.34073910931197005,segmento misto
B09HN7LD5L,"PROLEGEND® PL-T002 Universal TV Stand Table Top for Most 22 to 65 inch LCD Flat Screen TV, VESA up to 800 by 400mm","Electronics|HomeTheater,TV&Video|Accessories|TVMounts,Stands&Turntables|TVWall&CeilingMounts",Electronics,"HomeTheater,TV&Video",1850.0,4500.0,59.0,4.0,184.0,2650.0,mid,high,medium,https://m.media-amazon.com/images/I/21rEkD8xxpL._SX300_SY300_QL70_FMwebp_.jpg,https://www.amazon.in/PROLEGEND%C2%AE-PL-T002-Universal-Stand-Screen/dp/B09HN7LD5L/ref=sr_1_465?qid=1672909147&s=electronics&sr=1-465,1,54.51580405975819,1,-0.6145993771605274,0.6900554643505941,segmento misto
B00LOD70SC,Pilot V7 Liquid Ink Roller Ball Pen (2 Blue + 1 Black),"OfficeProducts|OfficePaperProducts|Paper|Stationery|Pens,Pencils&WritingSupplies|Pens&Refills|RetractableBallpointPens",OfficeProducts,OfficePaperProducts,178.0,210.0,15.0,4.3,2450.0,32.0,budget,low,high,https://m.media-amazon.com/images/I/31pJvN8OkSL._SX300_SY300_QL70_FMwebp_.jpg,https://www.amazon.in/Pilot-Liquid-Roller-Ball-Black/dp/B00LOD70SC/ref=sr_1_300?qid=1672903010&s=computers&sr=1-300,1,54.43523083994942,0,-0.9327757013266121,-0.9471752557752263,segmento misto
B009UORDX4,"Philips Hi113 1000-Watt Plastic Body Ptfe Coating Dry Iron, Pack of 1","Home&Kitchen|Kitchen&HomeAppliances|Vacuum,Cleaning&Ironing|Irons,Steamers&Accessories|Irons|DryIrons",Home&Kitchen,Kitchen&HomeAppliances,949.0,975.0,3.0,4.3,7223.0,26.0,mid,low,high,https://images-na.ssl-images-amazon.com/images/W/WEBP_402378-T1/images/I/41EK0QNFSUL._SX300_SY300_QL70_FMwebp_.jpg,https://www.amazon.in/Philips-HI113-1000-Watt-Plastic-Coating/dp/B009UORDX4/ref=sr_1_319?qid=1672923609&s=kitchen&sr=1-319,1,54.432041813729214,0,-1.103066227182496,-1.357347774160877,segmento misto
B09ZDVL7L8,"TTK Prestige Limited Orion Mixer Grinder 500 Watts, 3 Jars (1200ml, 1000ml, 500ml) (Red)",Home&Kitchen|Kitchen&HomeAppliances|SmallKitchenAppliances|MixerGrinders,Home&Kitchen,Kitchen&HomeAppliances,2199.0,3895.0,44.0,3.9,1085.0,1696.0,premium,medium,high,https://m.media-amazon.com/images/I/41+oy999w7L._SY300_SX300_.jpg,https://www.amazon.in/TTK-Prestige-Limited-Grinder-1200ml/dp/B09ZDVL7L8/ref=sr_1_413?qid=1672923612&s=kitchen&sr=1-413,1,54.41367388286709,1,-1.0144612915991693,0.42214880939860905,segmento misto
B0073QGKAS,Bajaj ATX 4 750-Watt Pop-up Toaster (White),Home&Kitchen|Kitchen&HomeAppliances|SmallKitchenAppliances|Pop-upToasters,Home&Kitchen,Kitchen&HomeAppliances,1499.0,1499.0,0.0,4.3,9331.0,0.0,mid,low,high,https://m.media-amazon.com/images/W/WEBP_402378-T2/images/I/313jBpnrJVL._SX300_SY300_QL70_FMwebp_.jpg,https://www.amazon.in/Bajaj-ATX-750-Watt-Pop-up-Toaster/dp/B0073QGKAS/ref=sr_1_194?qid=1672923600&s=kitchen&sr=1-194,1,54.38939616701099,0,-1.1443858964178895,-1.4913054068031755,segmento misto
B08WWKM5HQ,Crompton Highspeed Markle Prime 1200 mm (48 inch) Anti-Dust Ceiling Fan with Energy Efficient 55W Motor (Burgundy),"Home&Kitchen|Heating,Cooling&AirQuality|Fans|CeilingFans",Home&Kitchen,"Heating,Cooling&AirQuality",2599.0,4780.0,46.0,3.9,898.0,2181.0,premium,medium,medium,https://m.media-amazon.com/images/I/31rcvrnc1RL._SX300_SY300_QL70_FMwebp_.jpg,https://www.amazon.in/Crompton-Highspeed-Anti-Dust-Ceiling-Efficient/dp/B08WWKM5HQ/ref=sr_1_467?qid=1672923615&s=kitchen&sr=1-467,1,54.38818561278039,1,-0.9889521393025524,0.4461286618483451,segmento misto
B09HSKYMB3,"MI REDMI 9i Sport (Carbon Black, 64 GB) (4 GB RAM)",Electronics|Mobiles&Accessories|Smartphones&BasicMobiles|Smartphones,Electronics,Mobiles&Accessories,7915.0,9999.0,21.0,4.3,1376.0,2084.0,premium,medium,high,https://m.media-amazon.com/images/I/31Hb9RGI+jL._SY300_SX300_.jpg,https://www.amazon.in/REDMI-Sport-Carbon-Black-RAM/dp/B09HSKYMB3/ref=sr_1_405?qid=1672895864&s=electronics&sr=1-405,1,54.33024750163111,0,-0.9502888955963308,-1.4014397734375845,segmento misto
B09LHXNZLR,"Skadioo WiFi Adapter for pc | Car Accessories, WiFi Dongle for pc | USB WiFi Adapter for pc | Wi-Fi Receiver 2.4GHz, 802.11b/g/n UNano Size WiFi Dongle Compatible Adapter,WiFi dongle for pc",Computers&Accessories|NetworkingDevices|NetworkAdapters|WirelessUSBAdapters,Computers&Accessories,NetworkingDevices,199.0,499.0,60.0,3.7,612.0,300.0,budget,high,medium,https://m.media-amazon.com/images/W/WEBP_402378-T2/images/I/31HMoFzGZjL._SY300_SX300_QL70_FMwebp_.jpg,https://www.amazon.in/Skadioo-Accessories-Receiver-Compatible-dongle/dp/B09LHXNZLR/ref=sr_1_195?qid=1672909134&s=electronics&sr=1-195,1,54.3154537364557,1,-0.9942197448031014,1.3911809749687147,segmento misto
B00YQLG7GK,"PHILIPS HL1655/00 Hand Blender, White Jar 250W",Home&Kitchen|Kitchen&HomeAppliances|SmallKitchenAppliances|HandBlenders,Home&Kitchen,Kitchen&HomeAppliances,1695.0,1695.0,0.0,4.2,14290.0,0.0,mid,low,high,https://m.media-amazon.com/images/W/WEBP_402378-T1/images/I/31MVkjIpLiL._SX300_SY300_QL70_FMwebp_.jpg,https://www.amazon.in/Philips-Collection-HL1655-00-250-Watt/dp/B00YQLG7GK/ref=sr_1_169?qid=1672923598&s=kitchen&sr=1-169,1,54.3131410242983,0,-1.2383120107781524,-1.3410928979872603,segmento misto
B09NL7LBWT,"Bulfyss USB Rechargeable Lint Remover Fabric Shaver Pet Hair Remover, Effectively and Quickly Remove Fuzz for Clothes, Sweater, Couch, Sofa, Blanket, Curtain, Wool, Cashmere (Grey, 1 Year Warranty)","Home&Kitchen|Kitchen&HomeAppliances|Vacuum,Cleaning&Ironing|Irons,Steamers&Accessories|LintShavers",Home&Kitchen,Kitchen&HomeAppliances,1099.0,1999.0,45.0,4.0,604.0,900.0,mid,medium,medium,https://m.media-amazon.com/images/I/41KeuNgJDiL._SX300_SY300_QL70_FMwebp_.jpg,https://www.amazon.in/Bulfyss-Rechargeable-Effectively-Cashmere-Warranty/dp/B09NL7LBWT/ref=sr_1_74?qid=1672923593&s=kitchen&sr=1-74,1,54.28734419052484,0,-0.8617286050697902,0.3601595736762505,segmento misto
B0BPCJM7TB,"WIDEWINGS Electric Handheld Milk Wand Mixer Frother for Latte Coffee Hot Milk, Milk Frother for Coffee, Egg Beater, Hand Blender, Coffee Beater with Stand",Home&Kitchen|Kitchen&HomeAppliances|SmallKitchenAppliances|HandBlenders,Home&Kitchen,Kitchen&HomeAppliances,259.0,999.0,74.0,4.0,43.0,740.0,budget,high,low,https://m.media-amazon.com/images/I/41sJ4KQa5xL._SX300_SY300_QL70_FMwebp_.jpg,https://www.amazon.in/WIDEWINGS-Electric-Handheld-Frother-Blender/dp/B0BPCJM7TB/ref=sr_1_205?qid=1672923601&s=kitchen&sr=1-205,1,54.26899655037006,1,-0.3540824290120539,1.2369960595858411,segmento misto
B00P93X0VO,"Classmate Pulse 6 Subject Notebook - Unruled, 300 Pages, Spiral Binding, 240mm*180mm","OfficeProducts|OfficePaperProducts|Paper|Stationery|Notebooks,WritingPads&Diaries|WireboundNotebooks",OfficeProducts,OfficePaperProducts,114.0,120.0,5.0,4.2,8938.0,6.0,budget,low,high,https://m.media-amazon.com/images/I/51LTAUNKg9L._SX300_SY300_QL70_FMwebp_.jpg,https://www.amazon.in/Classmate-Pulse-Spiral-Notebook-Unruled/dp/B00P93X0VO/ref=sr_1_290?qid=1672903010&s=computers&sr=1-290,1,54.25894007499925,0,-1.1893426849890676,-1.058611871556502,segmento misto
B0B65MJ45G,"Zebronics CU3100V Fast charging Type C cable with QC 18W support, 3A max capacity, 1 meter braided cable, Data transfer and Superior durability (Braided Black + White)",Computers&Accessories|Accessories&Peripherals|Cables&Accessories|Cables|USBCables,Computers&Accessories,Accessories&Peripherals,139.0,549.0,75.0,3.9,61.0,410.0,budget,high,low,https://m.media-amazon.com/images/I/31PBfa92GVL._SX300_SY300_QL70_FMwebp_.jpg,https://www.amazon.in/Zebronics-CU3100V-charging-capacity-durability/dp/B0B65MJ45G/ref=sr_1_215?qid=1672909134&s=electronics&sr=1-215,1,54.21318325661242,1,-0.47513691179488093,1.4548627340552869,segmento misto
B07F1T31ZZ,"Raffles Premium Stainless Steel South Indian Coffee Filter/Drip Coffee Maker, 2-3 Cups, 150 ml","Home&Kitchen|Kitchen&HomeAppliances|Coffee,Tea&Espresso|DripCoffeeMachines",Home&Kitchen,Kitchen&HomeAppliances,249.0,400.0,38.0,4.1,693.0,151.0,budget,medium,medium,https://m.media-amazon.com/images/I/41UGgTLOD4L._SX300_SY300_QL70_FMwebp_.jpg,https://www.amazon.in/Raffles-Premium-Stainless-Indian-Coffee/dp/B07F1T31ZZ/ref=sr_1_397?qid=1672923612&s=kitchen&sr=1-397,1,54.16379393547898,0,-0.845231958819804,0.05360806188087547,segmento misto
B09JS562TP,"Motorola a10 Dual Sim keypad Mobile with 1750 mAh Battery, Expandable Storage Upto 32GB, Wireless FM with Recording - Rose Gold",Electronics|Mobiles&Accessories|Smartphones&BasicMobiles|BasicMobiles,Electronics,Mobiles&Accessories,1399.0,1630.0,14.0,4.0,9378.0,231.0,mid,low,high,https://m.media-amazon.com/images/I/41MOWVL2YNL._SX300_SY300_QL70_ML2_.jpg,https://www.amazon.in/Motorola-keypad-Mobile-Expandable-Battery/dp/B09JS562TP/ref=sr_1_125?qid=1672895784&s=electronics&sr=1-125,1,54.127618790092825,0,-1.3275141753844466,-0.552250635645443,segmento misto
B09JS94MBV,"Motorola a10 Dual Sim keypad Mobile with 1750 mAh Battery, Expandable Storage Upto 32GB, Wireless FM with Recording - Dark Blue",Electronics|Mobiles&Accessories|Smartphones&BasicMobiles|BasicMobiles,Electronics,Mobiles&Accessories,1399.0,1630.0,14.0,4.0,9378.0,231.0,mid,low,high,https://m.media-amazon.com/images/I/412DrCgktiL._SX300_SY300_QL70_ML2_.jpg,https://www.amazon.in/Motorola-keypad-Mobile-Expandable-Battery/dp/B09JS94MBV/ref=sr_1_239?qid=1672895814&s=electronics&sr=1-239,1,54.127618790092825,0,-1.3275141753844466,-0.552250635645443,segmento misto
B00H3H03Q4,HUL Pureit Germkill kit for Classic 23 L water purifier - 3000 L Capacity,Home&Kitchen|Kitchen&HomeAppliances|WaterPurifiers&Accessories|WaterCartridges,Home&Kitchen,Kitchen&HomeAppliances,1130.0,1130.0,0.0,4.2,13250.0,0.0,mid,low,high,https://m.media-amazon.com/images/I/41rkDPlAt+L._SY300_SX300_.jpg,https://www.amazon.in/HUL-Pureit-Germkill-Classic-Purifier/dp/B00H3H03Q4/ref=sr_1_131?qid=1672923597&s=kitchen&sr=1-131,1,54.09027544266327,0,-1.2591597064556272,-1.2920197116516556,segmento misto
B07GXPDLYQ,PRO365 Indo Mocktails/Coffee Foamer/Cappuccino/Lemonade/Milk Frother (6 Months Warranty),Home&Kitchen|Kitchen&HomeAppliances|SmallKitchenAppliances|HandBlenders,Home&Kitchen,Kitchen&HomeAppliances,249.0,499.0,50.0,3.3,8427.0,250.0,budget,medium,high,https://m.media-amazon.com/images/I/31MmLP6awML._SX300_SY300_QL70_FMwebp_.jpg,https://www.amazon.in/PRO365-Electric-Coffee-Stirrer-Frother/dp/B07GXPDLYQ/ref=sr_1_25?qid=1672923591&s=kitchen&sr=1-25,1,54.05339705880545,1,-1.6528701334509253,1.8077007766203024,segmento misto
B08H6B3G96,"Philips EasySpeed Plus Steam Iron GC2147/30-2400W, Quick Heat up with up to 30 g/min steam, 150g steam Boost, Scratch Resistant Ceramic Soleplate, Vertical steam, Drip-Stop","Home&Kitchen|Kitchen&HomeAppliances|Vacuum,Cleaning&Ironing|Irons,Steamers&Accessories|Irons|SteamIrons",Home&Kitchen,Kitchen&HomeAppliances,3349.0,3995.0,16.0,4.3,1954.0,646.0,premium,low,high,https://m.media-amazon.com/images/W/WEBP_402378-T2/images/I/4145oJH-y0L._SX300_SY300_QL70_FMwebp_.jpg,https://www.amazon.in/EasySpeed-GC2147-30-Resistant-Soleplate/dp/B08H6B3G96/ref=sr_1_290?qid=1672923606&s=kitchen&sr=1-290,1,54.03425788199295,0,-0.9943554358210537,-1.1731068810232526,segmento misto
B0B3G5XZN5,"InstaCuppa Portable Blender for Smoothie, Milk Shakes, Crushing Ice and Juices, USB Rechargeable Personal Blender Machine for Kitchen with 4000 mAh Rechargeable Battery, 230 Watt Motor, 500 ML",Home&Kitchen|Kitchen&HomeAppliances|SmallKitchenAppliances|HandBlenders,Home&Kitchen,Kitchen&HomeAppliances,2799.0,3499.0,20.0,4.5,546.0,700.0,premium,medium,medium,https://m.media-amazon.com/images/I/31ZbGgybh0L._SX300_SY300_QL70_FMwebp_.jpg,https://www.amazon.in/InstaCuppa-Portable-Smoothie-Crushing-Rechargeable/dp/B0B3G5XZN5/ref=sr_1_148?qid=1672923598&s=kitchen&sr=1-148,1,54.007811266585485,0,-0.662533290053112,-1.3737666913559374,segmento misto
B09P182Z2H,"AGARO Glory Cool Mist Ultrasonic Humidifier, 4.5Litres, For Large Area, Room, Home, Office, Adjustable Mist Output, Ceramic Ball Filter, Ultra Quiet, 360° Rotatable Nozzle, Auto Shut Off, Grey","Home&Kitchen|Heating,Cooling&AirQuality|Humidifiers",Home&Kitchen,"Heating,Cooling&AirQuality",3290.0,5799.0,43.0,4.3,168.0,2509.0,premium,medium,medium,https://m.media-amazon.com/images/I/31hQyi26uAL._SX300_SY300_QL70_FMwebp_.jpg,https://www.amazon.in/AGARO-Ultrasonic-Humidifier-4-5Litres-Adjustable/dp/B09P182Z2H/ref=sr_1_441?qid=1672923614&s=kitchen&sr=1-441,1,53.9936692544161,0,-0.5460300781043956,-0.4114024045160579,segmento misto
B08497Z1MQ,"HP M270 Backlit USB Wired Gaming Mouse with 6 Buttons, 4-Speed Customizable 2400 DPI, Ergonomic Design, Breathing LED Lighting, Metal Scroll Wheel, Lightweighted / 3 Years Warranty (7ZZ87AA), Black",Computers&Accessories|Accessories&Peripherals|PCGamingPeripherals|GamingMice,Computers&Accessories,Accessories&Peripherals,599.0,700.0,14.0,4.3,2301.0,101.0,mid,low,high,https://m.media-amazon.com/images/I/31mYeD0VSTL._SX300_SY300_QL70_FMwebp_.jpg,https://www.amazon.in/HP-M270-Gaming-Mouse-7ZZ87AA/dp/B08497Z1MQ/ref=sr_1_450?qid=1672903017&s=computers&sr=1-450,1,53.98427865462414,0,-0.9931292363658945,-1.0076803078476104,segmento misto
B078KRFWQB,"Havells Cista Room Heater, White, 2000 Watts","Home&Kitchen|Heating,Cooling&AirQuality|RoomHeaters|ElectricHeaters",Home&Kitchen,"Heating,Cooling&AirQuality",2499.0,3945.0,37.0,3.8,2732.0,1446.0,premium,medium,high,https://m.media-amazon.com/images/W/WEBP_402378-T2/images/I/410H+3lohIL._SX300_SY300_.jpg,https://www.amazon.in/Havells-Cista-room-Heater/dp/B078KRFWQB/ref=sr_1_52?qid=1672923593&s=kitchen&sr=1-52,1,53.94085470899256,1,-1.2966330373208532,0.3794836868090847,segmento misto
B09MM6P76N,7SEVEN® Compatible Lg Smart Tv Remote Suitable for Any LG LED OLED LCD UHD Plasma Android Television and AKB75095303 replacement of Original Lg Tv Remote Control,"Electronics|HomeTheater,TV&Video|Accessories|RemoteControls",Electronics,"HomeTheater,TV&Video",349.0,599.0,42.0,4.2,284.0,250.0,budget,medium,medium,https://m.media-amazon.com/images/I/31Bfu6liMWL._SX300_SY300_QL70_FMwebp_.jpg,https://www.amazon.in/7SEVENTM-Universal-Replacement-Original-AKB75095303/dp/B09MM6P76N/ref=sr_1_143?qid=1672909130&s=electronics&sr=1-143,1,53.93583074710659,0,-0.6636366872227687,-0.021749040270687803,segmento misto
B00RGLI0ZS,"Amkette 30 Pin to USB Charging & Data Sync Cable for iPhone 3G/3GS/4/4s/iPad 1/2/3, iPod Nano 5th/6th Gen and iPod Touch 3rd/4th Gen -1.5m (Black)",Computers&Accessories|Accessories&Peripherals|Cables&Accessories|Cables|USBCables,Computers&Accessories,Accessories&Peripherals,449.0,599.0,25.0,4.0,3231.0,150.0,budget,medium,high,https://m.media-amazon.com/images/I/31Lqjmed98L._SX300_SY300_QL70_FMwebp_.jpg,https://www.amazon.in/Amkette-Charging-Cable-iPhone-Touch/dp/B00RGLI0ZS/ref=sr_1_226?qid=1672909135&s=electronics&sr=1-226,1,53.91068981008167,0,-1.2037327241337332,-0.15104348448728577,segmento misto
B081B1JL35,"CSI INTERNATIONAL® Instant Water Geyser, Water Heater, Portable Water Heater, Geyser Made of First Class ABS Plastic 3KW (Red)","Home&Kitchen|Heating,Cooling&AirQuality|WaterHeaters&Geysers|InstantWaterHeaters",Home&Kitchen,"Heating,Cooling&AirQuality",1049.0,2499.0,58.0,3.7,638.0,1450.0,mid,high,medium,https://m.media-amazon.com/images/I/41NJizePolL._SX300_SY300_QL70_FMwebp_.jpg,https://www.amazon.in/CSI-INTERNATIONAL%C2%AE-Instant-portable-Plastic/dp/B081B1JL35/ref=sr_1_332?qid=1672923609&s=kitchen&sr=1-332,1,53.9060653513761,1,-1.0725318598053089,1.2676116240184305,segmento misto
B09FPP3R1D,"Glen 3 in 1 Electric Multi Cooker - Steam, Cook & Egg Boiler with 350 W (SA 3035MC) - 350 Watts",Home&Kitchen|Kitchen&HomeAppliances|SmallKitchenAppliances|EggBoilers,Home&Kitchen,Kitchen&HomeAppliances,1624.0,2495.0,35.0,4.1,827.0,871.0,mid,medium,medium,https://m.media-amazon.com/images/I/31afXBXOUVL._SX300_SY300_QL70_FMwebp_.jpg,https://www.amazon.in/Glen-Electric-Multi-Cooker-Boiler/dp/B09FPP3R1D/ref=sr_1_456?qid=1672923614&s=kitchen&sr=1-456,1,53.88665406645919,0,-0.9362377537130476,-0.1407605595894995,segmento misto
B00H47GVGY,"USHA Quartz Room Heater with Overheating Protection (3002, Ivory, 800 Watts)","Home&Kitchen|Heating,Cooling&AirQuality|RoomHeaters|ElectricHeaters",Home&Kitchen,"Heating,Cooling&AirQuality",1199.0,1695.0,29.0,3.6,13300.0,496.0,mid,medium,high,https://m.media-amazon.com/images/I/514Zxz-eqKL._SX300_SY300_QL70_FMwebp_.jpg,https://www.amazon.in/Usha-Quartz-800-Watt-Overheating-Protection/dp/B00H47GVGY/ref=sr_1_6?qid=1672923591&s=kitchen&sr=1-6,1,53.81415032101492,1,-1.5923626028785087,0.5918515956245288,segmento misto
B0BBWJFK5C,"Shakti Technology S3 High Pressure Car Washer Machine 1800 Watts and Pressure 120 Bar for Cleaning Car, Bike & Home","Home&Kitchen|Kitchen&HomeAppliances|Vacuum,Cleaning&Ironing|PressureWashers,Steam&WindowCleaners",Home&Kitchen,Kitchen&HomeAppliances,4899.0,8999.0,46.0,4.1,297.0,4100.0,premium,medium,medium,https://m.media-amazon.com/images/W/WEBP_402378-T1/images/I/413b+0JACfL._SX300_SY300_.jpg,https://www.amazon.in/Shakti-Technology-S3-Pressure-Cleaning/dp/B0BBWJFK5C/ref=sr_1_439?qid=1672923614&s=kitchen&sr=1-439,1,53.79789372161209,0,-0.8010012139073547,-0.09720767681752873,segmento misto
B0B5V47VK4,"OnePlus 10T 5G (Moonstone Black, 8GB RAM, 128GB Storage)",Electronics|Mobiles&Accessories|Smartphones&BasicMobiles|Smartphones,Electronics,Mobiles&Accessories,44999.0,49999.0,10.0,4.3,3075.0,5000.0,luxury,low,high,https://m.media-amazon.com/images/I/413c3ZnFLxL._SX300_SY300_QL70_ML2_.jpg,https://www.amazon.in/OnePlus-Moonstone-Black-128GB-Storage/dp/B0B5V47VK4/ref=sr_1_300?qid=1672895835&s=electronics&sr=1-300,1,53.77540634385919,3,-1.659188936516266,-4.7054054202812985,premium bem avaliado
B08H21B6V7,Nokia 150 (2020) (Cyan),Electronics|Mobiles&Accessories|Smartphones&BasicMobiles|BasicMobiles,Electronics,Mobiles&Accessories,2599.0,2999.0,13.0,3.9,14266.0,400.0,premium,low,high,https://m.media-amazon.com/images/I/41fMEQ-GoHL._SX300_SY300_QL70_ML2_.jpg,https://www.amazon.in/Nokia-150-Cyan/dp/B08H21B6V7/ref=sr_1_301?qid=1672895835&s=electronics&sr=1-301,1,53.76563011103032,0,-1.4755677162526089,-0.5101631124127933,segmento misto
B00LM4X3XE,Parker Quink Ink Bottle (Black),"OfficeProducts|OfficePaperProducts|Paper|Stationery|Pens,Pencils&WritingSupplies|Pens&Refills|BottledInk",OfficeProducts,OfficePaperProducts,90.0,100.0,10.0,4.3,3061.0,10.0,budget,low,high,https://m.media-amazon.com/images/I/41ds2zVHE4L._SX300_SY300_QL70_FMwebp_.jpg,https://www.amazon.in/Parker-Quink-Ink-Bottle-Black/dp/B00LM4X3XE/ref=sr_1_324?qid=1672903011&s=computers&sr=1-324,1,53.7619508233963,0,-1.0658238755379663,-1.079713888283407,segmento misto
B0BCYQY9X5,"Livpure Glo Star RO+UV+UF+Mineraliser - 7 L Storage Tank, 15 LPH Water Purifier for Home, Black",Home&Kitchen|Kitchen&HomeAppliances|WaterPurifiers&Accessories|WaterFilters&Purifiers,Home&Kitchen,Kitchen&HomeAppliances,8499.0,16490.0,48.0,4.3,97.0,7991.0,premium,medium,low,https://m.media-amazon.com/images/I/319t03ZuOML._SX300_SY300_QL70_FMwebp_.jpg,https://www.amazon.in/Livpure-Glo-Star-RO-Mineraliser/dp/B0BCYQY9X5/ref=sr_1_318?qid=1672923609&s=kitchen&sr=1-318,1,53.71610704685854,0,-0.5509665332660146,-0.6919852582967051,segmento misto
B095JPKPH3,OnePlus 163.8 cm (65 inches) U Series 4K LED Smart Android TV 65U1S (Black),"Electronics|HomeTheater,TV&Video|Televisions|SmartTelevisions",Electronics,"HomeTheater,TV&Video",61999.0,69999.0,11.0,4.1,6753.0,8000.0,luxury,low,high,https://m.media-amazon.com/images/I/41sSPp4pkYL._SY300_SX300_QL70_FMwebp_.jpg,https://www.amazon.in/OnePlus-163-8-inches-Android-65U1S/dp/B095JPKPH3/ref=sr_1_492?qid=1672909149&s=electronics&sr=1-492,1,53.69460114128297,3,-2.107382834951647,-5.699976673429733,premium bem avaliado
B07YQ5SN4H,Cello Non-Stick Aluminium Sandwich Gas Toaster(Black),Home&Kitchen|Kitchen&HomeAppliances|SmallKitchenAppliances|SandwichMakers,Home&Kitchen,Kitchen&HomeAppliances,299.0,595.0,50.0,4.0,314.0,296.0,budget,medium,medium,https://m.media-amazon.com/images/W/WEBP_402378-T1/images/I/318oSoMwjsL._SX300_SY300_QL70_FMwebp_.jpg,https://www.amazon.in/Cello-Non-Stick-Aluminium-Sandwich-Toaster/dp/B07YQ5SN4H/ref=sr_1_339?qid=1672923609&s=kitchen&sr=1-339,1,53.692033546584014,1,-0.8146292188330112,0.5659628156126809,segmento misto
B014HDJ7ZE,"Bajaj Majesty Duetto Gas 6 Ltr Vertical Water Heater ( LPG), White","Home&Kitchen|Heating,Cooling&AirQuality|WaterHeaters&Geysers|InstantWaterHeaters",Home&Kitchen,"Heating,Cooling&AirQuality",5365.0,7445.0,28.0,3.9,3584.0,2080.0,premium,medium,high,https://m.media-amazon.com/images/I/31MEXd6TAoL._SX300_SY300_QL70_FMwebp_.jpg,https://www.amazon.in/Bajaj-Majesty-Duetto-LPG-6-Litre/dp/B014HDJ7ZE/ref=sr_1_365?qid=1672923611&s=kitchen&sr=1-365,1,53.68098034298541,0,-1.3671546902826286,-0.28469586126952023,segmento misto
B077T3BG5L,Zebronics ZEB-KM2100 Multimedia USB Keyboard Comes with 114 Keys Including 12 Dedicated Multimedia Keys & with Rupee Key,"Computers&Accessories|Accessories&Peripherals|Keyboards,Mice&InputDevices|Keyboards",Computers&Accessories,Accessories&Peripherals,329.0,399.0,18.0,3.6,33735.0,70.0,budget,low,high,https://m.media-amazon.com/images/I/41XQP3N-SdL._SX300_SY300_QL70_FMwebp_.jpg,https://www.amazon.in/Zebronics-Km2100-Multimedia-USB-Keyboard/dp/B077T3BG5L/ref=sr_1_89?qid=1672902998&s=computers&sr=1-89,1,53.63392330470568,1,-1.578182819916825,0.29688604113979195,segmento misto
B07LG96SDB,ESN 999 Supreme Quality 1500W Immersion Water Heater Rod (Black),"Home&Kitchen|Heating,Cooling&AirQuality|WaterHeaters&Geysers|ImmersionRods",Home&Kitchen,"Heating,Cooling&AirQuality",335.0,510.0,34.0,3.8,3195.0,175.0,budget,medium,high,https://m.media-amazon.com/images/W/WEBP_402378-T1/images/I/41d2SJq5sxL._SX300_SY300_QL70_FMwebp_.jpg,https://www.amazon.in/ESN-999-Quality-Immersion-Heater/dp/B07LG96SDB/ref=sr_1_392?qid=1672923612&s=kitchen&sr=1-392,1,53.60460094591682,1,-1.3421391718341418,0.4699897678215819,segmento misto
B083RD1J99,"HP Wired Mouse 100 with 1600 DPI Optical Sensor, USB Plug-and -Play,ambidextrous Design, Built-in Scrolling and 3 Handy Buttons. 3-Years Warranty (6VY96AA)","Computers&Accessories|Accessories&Peripherals|Keyboards,Mice&InputDevices|Mice",Computers&Accessories,Accessories&Peripherals,328.0,399.0,18.0,4.1,3441.0,71.0,budget,low,high,https://m.media-amazon.com/images/I/214VmJYxx9L._SX300_SY300_QL70_FMwebp_.jpg,https://www.amazon.in/HP-Wired-Mouse-100-6VY96AA/dp/B083RD1J99/ref=sr_1_286?qid=1672903008&s=computers&sr=1-286,1,53.56800526996963,0,-1.213097848132346,-0.5163675260190878,segmento misto
B0123P3PWE,Rico IRPRO 1500 Watt Japanese Technology Electric Water Heater Immersion Rod Shockproof Protection & Stainless Steel Heating Element for Instant Heating| ISI Certified 1 Year Replacement Warranty,"Home&Kitchen|Heating,Cooling&AirQuality|WaterHeaters&Geysers|ImmersionRods",Home&Kitchen,"Heating,Cooling&AirQuality",999.0,1075.0,7.0,4.1,9275.0,76.0,mid,low,high,https://m.media-amazon.com/images/W/WEBP_402378-T1/images/I/51mvimcd7EL._SY445_SX342_QL70_FMwebp_.jpg,https://www.amazon.in/Rico-1500-W-immersion-water-heater/dp/B0123P3PWE/ref=sr_1_272?qid=1672923606&s=kitchen&sr=1-272,1,53.56667795416145,0,-1.3537445179242298,-0.893710540004327,segmento misto
B00K32PEW4,"Casio MJ-120D 150 Steps Check and Correct Desktop Calculator with Tax Keys, Black",OfficeProducts|OfficeElectronics|Calculators|Financial&Business,OfficeProducts,OfficeElectronics,535.0,535.0,0.0,4.4,4426.0,0.0,mid,low,high,https://m.media-amazon.com/images/I/51yFKniMhcL._SX300_SY300_QL70_FMwebp_.jpg,https://www.amazon.in/Casio-MJ-120D-Electronic-Calculator/dp/B00K32PEW4/ref=sr_1_411?qid=1672903016&s=computers&sr=1-411,1,53.52310481483944,0,-1.1147642527868575,-1.5778101839632965,segmento misto
B0B466C3G4,Karbonn 80 cm (32 inches) Millenium Bezel-Less Series HD Ready Smart LED TV KJW32SKHD (Phantom Black),"Electronics|HomeTheater,TV&Video|Televisions|SmartTelevisions",Electronics,"HomeTheater,TV&Video",8990.0,18990.0,53.0,3.9,350.0,10000.0,premium,high,medium,https://m.media-amazon.com/images/W/WEBP_402378-T1/images/I/41Q5zqyjWPL._SY300_SX300_QL70_FMwebp_.jpg,https://www.amazon.in/Karbonn-Millennium-KJW32SKHD-Phantom-Bezel-Less/dp/B0B466C3G4/ref=sr_1_208?qid=1672909134&s=electronics&sr=1-208,1,53.475763367624026,1,-1.0301887037630362,0.128438206854331,segmento misto
B00GHL8VP2,"USHA 1212 PTC with Adjustable Thermostat Fan Heater (Black/Brown, 1500-Watts).","Home&Kitchen|Heating,Cooling&AirQuality|RoomHeaters|ElectricHeaters",Home&Kitchen,"Heating,Cooling&AirQuality",3487.77,4990.0,30.0,4.1,1127.0,1502.23,premium,medium,high,https://m.media-amazon.com/images/W/WEBP_402378-T1/images/I/41lsUHKNfSL._SY300_SX300_QL70_FMwebp_.jpg,https://www.amazon.in/Usha-1212-PTC-Adjustable-Thermostat/dp/B00GHL8VP2/ref=sr_1_494?qid=1672923617&s=kitchen&sr=1-494,1,53.4688600756087,0,-1.0779576673682967,-0.4304726888005097,segmento misto
B08HD7JQHX,"HUMBLE Dynamic Lapel Collar Mic Voice Recording Filter Microphone for Singing Youtube SmartPhones, Black",Computers&Accessories|Accessories&Peripherals|Audio&VideoAccessories|PCMicrophones,Computers&Accessories,Accessories&Peripherals,199.0,499.0,60.0,3.3,2804.0,300.0,budget,high,high,https://m.media-amazon.com/images/I/41T3Z43M4yL._SX300_SY300_QL70_FMwebp_.jpg,https://www.amazon.in/HUMBLE-Dynamic-Recording-Microphone-SmartPhones/dp/B08HD7JQHX/ref=sr_1_205?qid=1672903005&s=computers&sr=1-205,1,53.467910599083865,1,-1.582373445524244,2.1076155262049525,segmento misto
B08HQL67D6,OFIXO Multi-Purpose Laptop Table/Study Table/Bed Table/Foldable and Portable Wooden/Writing Desk (Wooden),Computers&Accessories|Accessories&Peripherals|LaptopAccessories|Lapdesks,Computers&Accessories,Accessories&Peripherals,599.0,599.0,0.0,4.0,26423.0,0.0,mid,low,high,https://m.media-amazon.com/images/W/WEBP_402378-T1/images/I/41tWgm56a0L._SX300_SY300_QL70_FMwebp_.jpg,https://www.amazon.in/OFIXO-Multi-Purpose-Foldable-Portable-Writing/dp/B08HQL67D6/ref=sr_1_264?qid=1672903007&s=computers&sr=1-264,1,53.45944738319866,0,-1.439722024294452,-0.9255824991759137,segmento misto
B094JNXNPV,"Ambrane Unbreakable 3 in 1 Fast Charging Braided Multipurpose Cable for Speaker with 2.1 A Speed - 1.25 meter, Black",Computers&Accessories|Accessories&Peripherals|Cables&Accessories|Cables|USBCables,Computers&Accessories,Accessories&Peripherals,299.0,399.0,25.0,4.0,2766.0,100.0,budget,medium,high,https://m.media-amazon.com/images/W/WEBP_402378-T2/images/I/41GeM83DzzL._SX300_SY300_QL70_FMwebp_.jpg,https://www.amazon.in/Ambrane-Unbreakable-Charging-Braided-Multipurpose/dp/B094JNXNPV/ref=sr_1_31?qid=1672909125&s=electronics&sr=1-31,2,53.45250072015892,0,-1.2429510172235863,-0.1366786942903912,segmento misto
B08H6CZSHT,"Philips EasySpeed Plus Steam Iron GC2145/20-2200W, Quick Heat Up with up to 30 g/min steam, 110 g steam Boost, Scratch Resistant Ceramic Soleplate, Vertical steam & Drip-Stop","Home&Kitchen|Kitchen&HomeAppliances|Vacuum,Cleaning&Ironing|Irons,Steamers&Accessories|Irons|SteamIrons",Home&Kitchen,Kitchen&HomeAppliances,2903.0,3295.0,12.0,4.3,2299.0,392.0,premium,low,high,https://m.media-amazon.com/images/I/41iBNm2ivFL._SX300_SY300_QL70_FMwebp_.jpg,https://www.amazon.in/EasySpeed-GC2145-Resistant-Soleplate-Drip-Stop/dp/B08H6CZSHT/ref=sr_1_268?qid=1672923606&s=kitchen&sr=1-268,1,53.44979997362961,0,-1.1009334707784415,-1.2483066204154851,segmento misto
B07GWTWFS2,"KENT 16025 Sandwich Grill 700W | Non-Toxic Ceramic Coating | Automatic Temperature Cut-off with LED Indicator | Adjustable Height Control, Metallic Silver, Standard",Home&Kitchen|Kitchen&HomeAppliances|SmallKitchenAppliances|SandwichMakers,Home&Kitchen,Kitchen&HomeAppliances,1699.0,1975.0,14.0,4.1,4716.0,276.0,mid,low,high,https://m.media-amazon.com/images/W/WEBP_402378-T2/images/I/41mtYvY3VdS._SX300_SY300_QL70_FMwebp_.jpg,https://www.amazon.in/Kent-16025-700-Watt-Sandwich-Grill/dp/B07GWTWFS2/ref=sr_1_296?qid=1672923607&s=kitchen&sr=1-296,1,53.43366605881896,0,-1.2984359063188335,-0.741847346751923,segmento misto
B09L8DT7D6,Sony TV - Remote Compatible for Sony LED Remote Control Works with Sony LED TV by Trend Trail Speed tech & Remote hi Remote & REO India only,"Electronics|HomeTheater,TV&Video|Accessories|RemoteControls",Electronics,"HomeTheater,TV&Video",205.0,499.0,59.0,3.8,313.0,294.0,budget,high,medium,https://m.media-amazon.com/images/I/319bv0gNOeL._SX300_SY300_QL70_FMwebp_.jpg,https://www.amazon.in/Sony-TV-Remote-Compatible-Control/dp/B09L8DT7D6/ref=sr_1_200?qid=1672909134&s=electronics&sr=1-200,1,53.40960507869079,1,-0.9510608402035831,1.1852330776218678,segmento misto
B0B935YNR7,"KENT Electric Chopper-B for Kitchen 250 Watt | Chop, Mince, Puree, Whisk, 400 ml Capacity | Stainless Steel Double Chopping Blades | Transparent Chopping Bowl | Anti-Skid | One Touch Operation | Black",Home&Kitchen|Kitchen&HomeAppliances|SmallKitchenAppliances|MiniFoodProcessors&Choppers,Home&Kitchen,Kitchen&HomeAppliances,1349.0,2999.0,55.0,3.8,441.0,1650.0,mid,high,medium,https://m.media-amazon.com/images/I/41VM+D8AGWL._SY300_SX300_.jpg,https://www.amazon.in/KENT-Chopper-B-Stainless-Transparent-Anti-Skid/dp/B0B935YNR7/ref=sr_1_293?qid=1672923607&s=kitchen&sr=1-293,1,53.35430608501351,1,-1.0387807379064364,0.9812530578750944,segmento misto
B08RWCZ6SY,7SEVEN® Compatible for Sony Bravia LCD LED UHD OLED QLED 4K Ultra HD TV remote control with YouTube and NETFLIX Hotkeys. Universal Replacement for Original Sony Smart Android tv Remote Control,"Electronics|HomeTheater,TV&Video|Accessories|RemoteControls",Electronics,"HomeTheater,TV&Video",399.0,899.0,56.0,3.9,254.0,500.0,budget,high,medium,https://m.media-amazon.com/images/I/31yHKPd+rsL._SY300_SX300_.jpg,https://www.amazon.in/7SEVEN-Control-YouTube-Netflix-Compatible/dp/B08RWCZ6SY/ref=sr_1_178?qid=1672909133&s=electronics&sr=1-178,1,53.33115973238709,1,-0.8768276464025335,0.906096656573015,segmento misto
B09Z7YGV3R,"Anjaney Enterprise Smart Multipurpose Foldable Laptop Table with Cup Holder, Study Table, Bed Table, Breakfast Table, Foldable and Portable/Ergonomic & Rounded Edges/Non-Slip (Black)",Computers&Accessories|Accessories&Peripherals|LaptopAccessories|Lapdesks,Computers&Accessories,Accessories&Peripherals,269.0,699.0,62.0,4.0,93.0,430.0,budget,high,low,https://m.media-amazon.com/images/I/51ucu0nCeSL._SX300_SY300_QL70_FMwebp_.jpg,https://www.amazon.in/Anjaney-Enterprise-Multipurpose-Breakfast-Ergonomic/dp/B09Z7YGV3R/ref=sr_1_287?qid=1672903008&s=computers&sr=1-287,1,53.31659196697851,1,-0.63793916033177,0.9038463873322139,segmento misto
B0B56YRBNT,"Tecno Spark 9 (Sky Mirror, 6GB RAM,128GB Storage) | 11GB Expandable RAM | Helio G37 Gaming Processor",Electronics|Mobiles&Accessories|Smartphones&BasicMobiles|Smartphones,Electronics,Mobiles&Accessories,8999.0,13499.0,33.0,3.8,3145.0,4500.0,premium,medium,high,https://m.media-amazon.com/images/I/41PNVbmQdfL._SX300_SY300_QL70_ML2_.jpg,https://www.amazon.in/Tecno-Spark-Storage-Expandable-Processor/dp/B0B56YRBNT/ref=sr_1_153?qid=1672895791&s=electronics&sr=1-153,1,53.29213296130349,1,-1.49959629524674,-0.25655576543400166,segmento misto
B07JZSG42Y,Borosil Prime Grill Sandwich Maker (Grey),Home&Kitchen|Kitchen&HomeAppliances|SmallKitchenAppliances|SandwichMakers,Home&Kitchen,Kitchen&HomeAppliances,1928.0,2590.0,26.0,4.0,2377.0,662.0,mid,medium,high,https://m.media-amazon.com/images/W/WEBP_402378-T1/images/I/51IMz58igdL._SX300_SY300_QL70_FMwebp_.jpg,https://www.amazon.in/Borosil-Prime-BGRILLPS11-Grill-Sandwich/dp/B07JZSG42Y/ref=sr_1_437?qid=1672923613&s=kitchen&sr=1-437,1,53.271576621294834,0,-1.265510925837964,-0.23886577771005,segmento misto
B01JOFKL0A,Canon PIXMA E477 All-in-One Wireless Ink Efficient Colour Printer (White/Blue),"Computers&Accessories|Printers,Inks&Accessories|Printers",Computers&Accessories,"Printers,Inks&Accessories",5299.0,6355.0,17.0,3.9,8280.0,1056.0,premium,low,high,https://m.media-amazon.com/images/I/31ejgWaEayL._SY300_SX300_QL70_FMwebp_.jpg,https://www.amazon.in/Canon-E477-Wireless-Efficient-Printer/dp/B01JOFKL0A/ref=sr_1_427?qid=1672903016&s=computers&sr=1-427,1,53.22490020042899,0,-1.5458267983279652,-0.5983371443991278,segmento misto
B08YDFX7Y1,"ZEBRONICS Zeb-Dash Plus 2.4GHz High Precision Wireless Mouse with up to 1600 DPI, Power Saving Mode, Nano Receiver and Plug & Play Usage - USB","Computers&Accessories|Accessories&Peripherals|Keyboards,Mice&InputDevices|Mice",Computers&Accessories,Accessories&Peripherals,299.0,449.0,33.0,3.5,11827.0,150.0,budget,medium,high,https://m.media-amazon.com/images/I/31HWJqJdtjL._SX300_SY300_QL70_FMwebp_.jpg,https://www.amazon.in/ZEBRONICS-Zeb-Dash-Wireless-Receiver-Buttons/dp/B08YDFX7Y1/ref=sr_1_46?qid=1672902996&s=computers&sr=1-46,1,53.19844898331393,1,-1.710729042613086,0.9616435084171705,segmento misto
B08S74GTBT,"Zebronics Astra 10 Portable Wireless BT v5.0 Speaker, 10W RMS Power, 15* Hours Backup, 2.25"" Drive Size, up to 6.4"" Mobile Holder Support, Carry Handle, USB, mSD, AUX Input and FM Radio with Antenna",Electronics|HomeAudio|Speakers|OutdoorSpeakers,Electronics,HomeAudio,799.0,1999.0,60.0,3.7,418.0,1200.0,mid,high,medium,https://m.media-amazon.com/images/I/41uoxHxPDaL._SX300_SY300_QL70_FMwebp_.jpg,https://www.amazon.in/ZEBRONICS-Zeb-Astra-Wireless-Portable-Function/dp/B08S74GTBT/ref=sr_1_495?qid=1672903019&s=computers&sr=1-495,1,53.19313443544023,1,-1.0934701859399387,1.3455214030400935,segmento misto
B00S2SEV7K,"Pilot Frixion Clicker Roller Pen (Blue), (9000019529)","OfficeProducts|OfficePaperProducts|Paper|Stationery|Pens,Pencils&WritingSupplies|Pens&Refills|LiquidInkRollerballPens",OfficeProducts,OfficePaperProducts,90.0,100.0,10.0,4.1,6199.0,10.0,budget,low,high,https://m.media-amazon.com/images/I/21t8TMvuq6L._SX300_SY300_QL70_FMwebp_.jpg,https://www.amazon.in/Pilot-Frixion-Clicker-Roller-Blue/dp/B00S2SEV7K/ref=sr_1_457?qid=1672903018&s=computers&sr=1-457,1,53.17619713737373,0,-1.3520026116342532,-0.7271043407206151,segmento misto
B0BFWGBX61,"Ambrane Unbreakable 3A Fast Charging Braided Type C Cable    1.5 Meter (RCT15, Blue) Supports QC 2.0/3.0 Charging",Computers&Accessories|Accessories&Peripherals|Cables&Accessories|Cables|USBCables,Computers&Accessories,Accessories&Peripherals,199.0,349.0,43.0,4.1,314.0,150.0,budget,medium,medium,https://m.media-amazon.com/images/W/WEBP_402378-T2/images/I/41rbKciLrcL._SX300_SY300_QL70_FMwebp_.jpg,https://www.amazon.in/Ambrane-Unbreakable-Charging-RCT15-Supports/dp/B0BFWGBX61/ref=sr_1_59?qid=1672909126&s=electronics&sr=1-59,2,53.16366475225778,0,-0.8411901470823473,0.19991976923107993,segmento misto
B087FXHB6J,Zebronics Zeb-Companion 107 USB Wireless Keyboard and Mouse Set with Nano Receiver (Black),"Computers&Accessories|Accessories&Peripherals|Keyboards,Mice&InputDevices|Keyboard&MouseSets",Computers&Accessories,Accessories&Peripherals,699.0,999.0,30.0,3.5,15295.0,300.0,mid,medium,high,https://m.media-amazon.com/images/I/41UUBwBt05S._SX300_SY300_QL70_FMwebp_.jpg,https://www.amazon.in/Zebronics-Zeb-Companion-107-Wireless-Keyboard/dp/B087FXHB6J/ref=sr_1_48?qid=1672902996&s=computers&sr=1-48,1,53.15899253233116,1,-1.7359617388020048,0.8358415592349664,segmento misto
B09DSQXCM8,"House of Quirk Reusable Sticky Picker Cleaner Easy-Tear Sheets Travel Pet Hair Lint Rollers Brush (10cm Sheet, Set of 3 Rolls, 180 Sheets, 60 Sheets Each roll Lint Roller Remover, Multicolour)","Home&Kitchen|Kitchen&HomeAppliances|Vacuum,Cleaning&Ironing|Irons,Steamers&Accessories|LintShavers",Home&Kitchen,Kitchen&HomeAppliances,299.0,499.0,40.0,3.9,1015.0,200.0,budget,medium,high,https://m.media-amazon.com/images/I/31t6ATbG1jL._SX300_SY300_QL70_FMwebp_.jpg,https://www.amazon.in/House-Quirk-Reusable-Easy-Tear-Multicolour/dp/B09DSQXCM8/ref=sr_1_292?qid=1672923606&s=kitchen&sr=1-292,1,53.15331604530135,1,-1.159812824189617,0.46687417941344556,segmento misto
B00Y4ORQ46,Logitech H111 Wired On Ear Headphones With Mic Black,"Electronics|Headphones,Earbuds&Accessories|Headphones|On-Ear",Electronics,"Headphones,Earbuds&Accessories",745.0,795.0,6.0,4.0,13797.0,50.0,mid,low,high,https://m.media-amazon.com/images/W/WEBP_402378-T1/images/I/31puHGasbOL._SX300_SY300_QL70_FMwebp_.jpg,https://www.amazon.in/Logitech-H111-Stero-Headset-Black/dp/B00Y4ORQ46/ref=sr_1_123?qid=1672903001&s=computers&sr=1-123,1,53.13866814792163,0,-1.4915291312359809,-0.733044823031173,segmento misto
B0978V2CP6,"Cubetek 3 in 1 LCD Display V5.0 Bluetooth Transmitter Receiver, Bypass Audio Adapter with Aux, Optical, Dual Link Support for TV, Home Stereo, PC, Headphones, Speakers, Model: CB-BT27","Electronics|HomeTheater,TV&Video|AVReceivers&Amplifiers",Electronics,"HomeTheater,TV&Video",1990.0,3100.0,36.0,4.0,897.0,1110.0,mid,medium,medium,https://m.media-amazon.com/images/W/WEBP_402378-T2/images/I/315GvM3Qq6S._SX300_SY300_QL70_FMwebp_.jpg,https://www.amazon.in/Bluetooth-Transmitter-Receiver-Headphones-Speakers/dp/B0978V2CP6/ref=sr_1_385?qid=1672909144&s=electronics&sr=1-385,1,53.05866163162172,0,-1.1246591185040398,0.039244339490788836,segmento misto
B098QXR9X2,"Ambrane 27000mAh Power Bank, 20W Fast Charging, Triple Output, Type C PD (Input & Output), Quick Charge, Li-Polymer, Multi-Layer Protection for iPhone, Smartphones & Other Devices (Stylo Pro, Black)",Electronics|Mobiles&Accessories|MobileAccessories|Chargers|PowerBanks,Electronics,Mobiles&Accessories,2499.0,2999.0,17.0,4.1,3156.0,500.0,premium,low,high,https://m.media-amazon.com/images/I/31zYqHExOPS._SX300_SY300_QL70_ML2_.jpg,https://www.amazon.in/Ambrane-Multi-Layer-Protection-Li-Polymer-Stylo/dp/B098QXR9X2/ref=sr_1_469?qid=1672895886&s=electronics&sr=1-469,1,53.04710924059323,0,-1.3035726613279863,-0.7176218332746228,segmento misto
B09X76VL5L,"boAt Airdopes 191G True Wireless Earbuds with ENx™ Tech Equipped Quad Mics, Beast™ Mode(Low Latency- 65ms) for Gaming, 2x6mm Dual Drivers, 30H Playtime, IPX5, IWP™, Appealing Case LEDs(Sport Blue)","Electronics|Headphones,Earbuds&Accessories|Headphones|In-Ear",Electronics,"Headphones,Earbuds&Accessories",1599.0,3490.0,54.0,3.7,676.0,1891.0,mid,high,medium,https://m.media-amazon.com/images/W/WEBP_402378-T1/images/I/41akwKtryWL._SX300_SY300_QL70_FMwebp_.jpg,https://www.amazon.in/boAt-Airdopes-191G-Wireless-Appealing/dp/B09X76VL5L/ref=sr_1_301?qid=1672903010&s=computers&sr=1-301,1,53.01262672056277,1,-1.2200157955889912,1.1135036316162221,segmento misto
B07KCMR8D6,Classmate Octane Neon- Blue Gel Pens(Pack of 5)|Smooth Writing Pen|Attractive body colour for Boys & Girls|Waterproof ink for smudge free writing|Preferred by Students for Exam|Study at home essential,"OfficeProducts|OfficePaperProducts|Paper|Stationery|Pens,Pencils&WritingSupplies|Pens&Refills|GelInkRollerballPens",OfficeProducts,OfficePaperProducts,50.0,50.0,0.0,4.3,5792.0,0.0,budget,low,high,https://m.media-amazon.com/images/W/WEBP_402378-T2/images/I/414BHyTttvL._SX300_SY300_QL70_FMwebp_.jpg,https://www.amazon.in/Classmate-Octane-Neon-Pack-5/dp/B07KCMR8D6/ref=sr_1_35?qid=1672902996&s=computers&sr=1-35,1,52.98301192043445,0,-1.2731765445742314,-1.3612724529424065,segmento misto
B08ZXZ362Z,"akiara - Makes life easy Mini Sewing Machine for Home Tailoring use | Mini Silai Machine with Sewing Kit Set Sewing Box with Thread Scissors, Needle All in One Sewing Accessories (White & Purple)",Home&Kitchen|Kitchen&HomeAppliances|SewingMachines&Accessories|Sewing&EmbroideryMachines,Home&Kitchen,Kitchen&HomeAppliances,1563.0,3098.0,50.0,3.5,2283.0,1535.0,mid,medium,high,https://m.media-amazon.com/images/W/WEBP_402378-T2/images/I/51WNhYBloRL._SY300_SX300_QL70_FMwebp_.jpg,https://www.amazon.in/akiara-Tailoring-Stitching-Scissors-Accessories/dp/B08ZXZ362Z/ref=sr_1_493?qid=1672923617&s=kitchen&sr=1-493,1,52.86892536651992,1,-1.5555963366051662,1.3612312117814014,segmento misto
B08CKW1KH9,Tata Sky Universal Remote Compatible for SD/HD,"Electronics|HomeTheater,TV&Video|Accessories|RemoteControls",Electronics,"HomeTheater,TV&Video",204.0,599.0,66.0,3.6,339.0,395.0,budget,high,medium,https://m.media-amazon.com/images/W/WEBP_402378-T2/images/I/416A01cyQYL._SX300_SY300_QL70_FMwebp_.jpg,https://www.amazon.in/Tata-Sky-Universal-Remote-Compatible/dp/B08CKW1KH9/ref=sr_1_230?qid=1672909135&s=electronics&sr=1-230,1,52.83929194088308,1,-1.146100862666725,1.7418057286180169,segmento misto
B08QW937WV,Homeistic Applience™ Instant Electric Water Heater Faucet Tap For Kitchen And Bathroom Sink Digital Water Heating Tap with Shower Head ABS Body- Shock Proof (Pack Of 1. White),"Home&Kitchen|Heating,Cooling&AirQuality|WaterHeaters&Geysers|InstantWaterHeaters",Home&Kitchen,"Heating,Cooling&AirQuality",1448.0,2999.0,52.0,4.5,19.0,1551.0,mid,high,low,https://m.media-amazon.com/images/I/31dCji7nmsL._SX300_SY300_QL70_FMwebp_.jpg,https://www.amazon.in/Homeistic-Applience-Electric-bathroom-Tankless/dp/B08QW937WV/ref=sr_1_173?qid=1672923598&s=kitchen&sr=1-173,1,52.75893623271568,0,-0.19361313609664366,-0.3698242634853302,segmento misto
B07989VV5K,"Usha Steam Pro SI 3713, 1300 W Steam Iron, Powerful steam Output up to 18 g/min, Non-Stick Soleplate (White & Blue)","Home&Kitchen|Kitchen&HomeAppliances|Vacuum,Cleaning&Ironing|Irons,Steamers&Accessories|Irons|SteamIrons",Home&Kitchen,Kitchen&HomeAppliances,999.0,1560.0,36.0,3.6,4881.0,561.0,mid,medium,high,https://m.media-amazon.com/images/W/WEBP_402378-T1/images/I/41TMMpVWKqL._SY300_SX300_QL70_FMwebp_.jpg,https://www.amazon.in/Usha-Steam-3713-1300-Watt-White/dp/B07989VV5K/ref=sr_1_203?qid=1672923601&s=kitchen&sr=1-203,1,52.71947755251335,1,-1.6409836250489092,0.8294788738982164,segmento misto
B014SZPBM4,"Duracell Ultra Alkaline D Battery, 2 Pcs",Electronics|GeneralPurposeBatteries&BatteryChargers|DisposableBatteries,Electronics,GeneralPurposeBatteries&BatteryChargers,380.0,400.0,5.0,4.4,2111.0,20.0,budget,low,high,https://m.media-amazon.com/images/I/51BGUyveMfL._SX300_SY300_QL70_FMwebp_.jpg,https://www.amazon.in/Duracell-Alkaline-Battery-Duralock-Technology/dp/B014SZPBM4/ref=sr_1_490?qid=1672903019&s=computers&sr=1-490,1,52.66990453387541,0,-1.117349294265545,-1.4176917876639306,segmento misto
B0912WJ87V,"Reffair AX30 [MAX] Portable Air Purifier for Car, Home & Office | Smart Ionizer Function | H13 Grade True HEPA Filter [Internationally Tested] Aromabuds Fragrance Option - Black",Car&Motorbike|CarAccessories|InteriorAccessories|AirPurifiers&Ionizers,Car&Motorbike,CarAccessories,2339.0,4000.0,42.0,3.8,1118.0,1661.0,premium,medium,high,https://m.media-amazon.com/images/W/WEBP_402378-T2/images/I/31y+z3bqZcL._SY300_SX300_.jpg,https://www.amazon.in/Reffair-AX30-MAX-Internationally-Aromabuds/dp/B0912WJ87V/ref=sr_1_164?qid=1672923598&s=kitchen&sr=1-164,1,52.63672070861357,1,-1.3279067014117032,0.5388615410559063,segmento misto
B00VA7YYUO,Apsara Platinum Pencils Value Pack - Pack of 20,Home&Kitchen|CraftMaterials|DrawingMaterials|DrawingMedia|Pencils|WoodenPencils,Home&Kitchen,CraftMaterials,99.0,99.0,0.0,4.3,5036.0,0.0,budget,low,high,https://m.media-amazon.com/images/I/41q7jfLMl3L._SY300_SX300_QL70_FMwebp_.jpg,https://www.amazon.in/Apsara-Platinum-Pencils-Value-Pack/dp/B00VA7YYUO/ref=sr_1_296?qid=1672903010&s=computers&sr=1-296,1,52.57053576056663,0,-1.31435387736249,-1.3622190242626233,segmento misto
B0B72BSW7K,SKE Bed Study Table Portable Wood Multifunction Laptop-Table Lapdesk for Children Bed Foldabe Table Work with Tablet Slot & Cup Holder Brown Black,Computers&Accessories|Accessories&Peripherals|LaptopAccessories|Lapdesks,Computers&Accessories,Accessories&Peripherals,263.0,699.0,62.0,3.5,690.0,436.0,budget,high,medium,https://m.media-amazon.com/images/I/41EbxurQIDL._SX300_SY300_QL70_FMwebp_.jpg,https://www.amazon.in/SKE-Portable-Multifunction-Laptop-Table-Children/dp/B0B72BSW7K/ref=sr_1_9?qid=1672902995&s=computers&sr=1-9,1,52.53399442723612,1,-1.3728368517869225,1.8055480335646577,segmento misto
B07VZYMQNZ,"Borosil Rio 1.5 L Electric Kettle, Stainless Steel Inner Body, Boil Water For Tea, Coffee, Soup, Silver",Home&Kitchen|Kitchen&HomeAppliances|SmallKitchenAppliances|Kettles&HotWaterDispensers|ElectricKettles,Home&Kitchen,Kitchen&HomeAppliances,1180.0,1440.0,18.0,4.2,1527.0,260.0,mid,low,high,https://m.media-amazon.com/images/W/WEBP_402378-T2/images/I/414WPLTqm0L._SX300_SY300_QL70_FMwebp_.jpg,https://www.amazon.in/Borosil-Rio-1-5L-Electric-Kettle/dp/B07VZYMQNZ/ref=sr_1_479?qid=1672923615&s=kitchen&sr=1-479,1,52.505958866259725,0,-1.1926469463835196,-0.7577787187321394,segmento misto
B09Y5FZK9N,"Pigeon 1.5 litre Hot Kettle and Stainless Steel Water Bottle Combo used for boiling Water, Making Tea and Coffee, Instant Noodles, Soup, 1500 Watt with Auto Shut- off Feature - (Silver)",Home&Kitchen|Kitchen&HomeAppliances|SmallKitchenAppliances|Kettles&HotWaterDispensers|Kettle&ToasterSets,Home&Kitchen,Kitchen&HomeAppliances,809.0,1545.0,48.0,3.7,976.0,736.0,mid,medium,medium,https://m.media-amazon.com/images/I/41HqmhflMWL._SX300_SY300_QL70_FMwebp_.jpg,https://www.amazon.in/Pigeon-Stainless-boiling-Instant-Noodles/dp/B09Y5FZK9N/ref=sr_1_50?qid=1672923592&s=kitchen&sr=1-50,1,52.498854324637854,1,-1.3516090782215355,1.0103872012794484,segmento misto
B0B59K1C8F,Wolpin 1 Lint Roller with 60 Sheets Remove Clothes Lint Dog Hair Dust (19 x 13 cm) Orange,"Home&Kitchen|Kitchen&HomeAppliances|Vacuum,Cleaning&Ironing|Irons,Steamers&Accessories|LintShavers",Home&Kitchen,Kitchen&HomeAppliances,179.0,799.0,78.0,3.6,101.0,620.0,budget,high,medium,https://m.media-amazon.com/images/W/WEBP_402378-T2/images/I/51wxUA6-CBL._SX300_SY300_QL70_FMwebp_.jpg,https://www.amazon.in/Wolpin-Roller-Sheets-Remove-Clothes/dp/B0B59K1C8F/ref=sr_1_442?qid=1672923614&s=kitchen&sr=1-442,1,52.47949834064043,1,-0.9684045856504471,2.0793040769367934,segmento misto
B016MDK4F4,Technotech High Speed HDMI Cable 5 Meter V1.4 - Supports Full HD 1080p (Color May Vary),"Electronics|HomeTheater,TV&Video|Accessories|Cables|HDMICables",Electronics,"HomeTheater,TV&Video",185.0,499.0,63.0,4.2,25.0,314.0,budget,high,low,https://m.media-amazon.com/images/I/51UUmio53PL._SX300_SY300_QL70_FMwebp_.jpg,https://www.amazon.in/Technotech-High-Speed-Cable-Meter/dp/B016MDK4F4/ref=sr_1_469?qid=1672909147&s=electronics&sr=1-469,1,52.458347539966695,4,-0.41695698672573334,0.5797986914829831,barato com alto desconto
B09474JWN6,"HealthSense Rechargeable Lint Remover for Clothes | Fuzz and Fur Remover | Electric Fabric Shaver, Trimmer for Clothes, Carpet, Sofa, Sweaters, Curtains | One-Year Warranty Included - New-Feel LR350","Home&Kitchen|Kitchen&HomeAppliances|Vacuum,Cleaning&Ironing|Irons,Steamers&Accessories|LintShavers",Home&Kitchen,Kitchen&HomeAppliances,999.0,1500.0,33.0,4.2,386.0,501.0,mid,medium,medium,https://m.media-amazon.com/images/W/WEBP_402378-T1/images/I/41lGZWRZqOS._SX300_SY300_QL70_FMwebp_.jpg,https://www.amazon.in/HealthSense-New-Feel-Rechargeable-Electric-Sweaters/dp/B09474JWN6/ref=sr_1_361?qid=1672923610&s=kitchen&sr=1-361,1,52.44461249266155,0,-0.9462177859110544,-0.3221346674203552,segmento misto
B09SZ5TWHW,"Swiss Military VC03 Wireless Car Vacuum Cleaner | Wireless Vacuum Cleaner for Home, Car, Living Room | Wireless Vacuum Cleaner Dust Collection/Lighting Car Pet Hair Vacuum with Powerful Motor","Home&Kitchen|Kitchen&HomeAppliances|Vacuum,Cleaning&Ironing|Vacuums&FloorCare|Vacuums|HandheldVacuums",Home&Kitchen,Kitchen&HomeAppliances,1547.0,2890.0,46.0,3.9,463.0,1343.0,mid,medium,medium,https://m.media-amazon.com/images/W/WEBP_402378-T2/images/I/418x3St8EAL._SX300_SY300_QL70_FMwebp_.jpg,https://www.amazon.in/Swiss-Military-VC03-Wireless-Collection/dp/B09SZ5TWHW/ref=sr_1_242?qid=1672923603&s=kitchen&sr=1-242,1,52.43730005073556,1,-1.134734536936607,0.5361757271090561,segmento misto
B07J9KXQCC,"Libra Room Heater for Home, Room Heaters Home for Winter, Electric Heater with 2000 Watts Power as per IS Specification for Small to Medium Rooms - FH12 (Grey)","Home&Kitchen|Heating,Cooling&AirQuality|RoomHeaters|ElectricHeaters",Home&Kitchen,"Heating,Cooling&AirQuality",949.0,2299.0,59.0,3.6,550.0,1350.0,mid,high,medium,https://m.media-amazon.com/images/I/51GEjZAmNRL._SX300_SY300_QL70_FMwebp_.jpg,https://www.amazon.in/LIBRA-Portable-Heater-Adjustable-Thermostat/dp/B07J9KXQCC/ref=sr_1_500?qid=1672923617&s=kitchen&sr=1-500,1,52.40164276855302,1,-1.3102329705619702,1.4870327426463537,segmento misto
B07Q7561HD,Eveready 1015 Carbon Zinc AA Battery - 10 Pieces,Electronics|GeneralPurposeBatteries&BatteryChargers|DisposableBatteries,Electronics,GeneralPurposeBatteries&BatteryChargers,149.0,180.0,17.0,4.4,644.0,31.0,budget,low,medium,https://m.media-amazon.com/images/W/WEBP_402378-T2/images/I/51MA5PwP6xL._SX300_SY300_QL70_FMwebp_.jpg,https://www.amazon.in/Eveready-1015-Carbon-Zinc-Battery/dp/B07Q7561HD/ref=sr_1_70?qid=1672902997&s=computers&sr=1-70,1,52.36271026894179,0,-0.9452523640989573,-1.060098760605123,segmento misto
B09L8DSSFH,7SEVEN® Compatible for Samsung Smart 4K Ultra HD TV Monitor Remote Control Replacement of Original Samsung TV Remote for LED OLED UHD QLED and Suitable for 6 7 8 Series Samsung TV with Hot Keys BN59-01259E,"Electronics|HomeTheater,TV&Video|Accessories|RemoteControls",Electronics,"HomeTheater,TV&Video",399.0,999.0,60.0,3.6,493.0,600.0,budget,high,medium,https://m.media-amazon.com/images/W/WEBP_402378-T1/images/I/21rBnbHkW9L._SX300_SY300_QL70_FMwebp_.jpg,https://www.amazon.in/7SEVENTM-Compatible-Replacement-Original-BN59-01259E/dp/B09L8DSSFH/ref=sr_1_52?qid=1672909126&s=electronics&sr=1-52,1,52.34550192242806,1,-1.2906312135656655,1.5595519502829924,segmento misto
B077BTLQ67,"Orient Electric Aura Neo Instant 3L Water Heater (Geyser), 5-level Safety Shield, Stainless Steel Tank (White & Turquoise)","Home&Kitchen|Heating,Cooling&AirQuality|WaterHeaters&Geysers|InstantWaterHeaters",Home&Kitchen,"Heating,Cooling&AirQuality",2790.0,4890.0,43.0,3.9,588.0,2100.0,premium,medium,medium,https://m.media-amazon.com/images/W/WEBP_402378-T1/images/I/21vWJo4CXKL._SX300_SY300_QL70_FMwebp_.jpg,https://www.amazon.in/Orient-Electric-Aura-Neo-IWAN03WSM3/dp/B077BTLQ67/ref=sr_1_374?qid=1672923611&s=kitchen&sr=1-374,1,52.34303897823196,1,-1.2095280336663243,0.35212871174408794,segmento misto
B09YLFHFDW,"Sony WI-C100 Wireless Headphones with Customizable Equalizer for Deep Bass & 25 Hrs Battery, DSEE-Upscale, Splash Proof, 360RA, Fast Pair, in-Ear Bluetooth Headset with mic for Phone Calls (Black)","Electronics|Headphones,Earbuds&Accessories|Headphones|In-Ear",Electronics,"Headphones,Earbuds&Accessories",1599.0,2790.0,43.0,3.6,2272.0,1191.0,mid,medium,high,https://m.media-amazon.com/images/I/31lF-FdlrHL._SX300_SY300_QL70_FMwebp_.jpg,https://www.amazon.in/Sony-Headphones-Customizable-Equalizer-DSEE-Upscale/dp/B09YLFHFDW/ref=sr_1_325?qid=1672903011&s=computers&sr=1-325,1,52.3263164703144,1,-1.5852032999425025,0.9842685794809497,segmento misto
B09M3F4HGB,"Borosil Volcano 13 Fin Oil Filled Radiator Room Heater, 2900 W, Black","Home&Kitchen|Heating,Cooling&AirQuality|RoomHeaters|ElectricHeaters",Home&Kitchen,"Heating,Cooling&AirQuality",9495.0,18990.0,50.0,4.2,79.0,9495.0,premium,medium,low,https://m.media-amazon.com/images/I/41qqrzjPySL._SX300_SY300_QL70_FMwebp_.jpg,https://www.amazon.in/Borosil-Volcano-Filled-Radiator-Heater/dp/B09M3F4HGB/ref=sr_1_371?qid=1672923611&s=kitchen&sr=1-371,1,52.316086745888704,0,-0.7767867504613465,-0.5336167193864443,segmento misto
B012ELCYUG,"Preethi MGA-502 0.4-Litre Grind and Store Jar (White), stainless steel, Set of 1",Home&Kitchen|Kitchen&HomeAppliances|SmallKitchenAppliances|SmallApplianceParts&Accessories|StandMixerAccessories,Home&Kitchen,Kitchen&HomeAppliances,635.0,635.0,0.0,4.3,4570.0,0.0,mid,low,high,https://m.media-amazon.com/images/I/414iVhwacbL._SX300_SY300_QL70_FMwebp_.jpg,https://www.amazon.in/Preethi-MGA-502-0-4-Litre-Grind-Store/dp/B012ELCYUG/ref=sr_1_321?qid=1672923609&s=kitchen&sr=1-321,1,52.2841889126008,0,-1.3489868951507105,-1.4035733901555292,segmento misto
B009LJ2BXA,"Hp Wired On Ear Headphones With Mic With 3.5 Mm Drivers, In-Built Noise Cancelling, Foldable And Adjustable For Laptop/Pc/Office/Home/ 1 Year Warranty (B4B09Pa)",Computers&Accessories|Accessories&Peripherals|Audio&VideoAccessories|PCHeadsets,Computers&Accessories,Accessories&Peripherals,649.0,999.0,35.0,3.5,7222.0,350.0,mid,medium,high,https://m.media-amazon.com/images/I/31eE6slx4EL._SX300_SY300_QL70_FMwebp_.jpg,https://www.amazon.in/HP-B4B09PA-Headphones-with-Mic/dp/B009LJ2BXA/ref=sr_1_361?qid=1672903013&s=computers&sr=1-361,1,52.275605105875314,1,-1.8009662280964969,1.0042574488714018,segmento misto
B0B1MDZV9C,"INALSA Upright Vacuum Cleaner, 2-in-1,Handheld & Stick for Home & Office Use,800W- with 16KPA Strong Suction & HEPA Filtration|0.8L Dust Tank|Includes Multiple Accessories,(Grey/Black)","Home&Kitchen|Kitchen&HomeAppliances|Vacuum,Cleaning&Ironing|Vacuums&FloorCare|Vacuums|HandheldVacuums",Home&Kitchen,Kitchen&HomeAppliances,2286.0,4495.0,49.0,3.9,326.0,2209.0,premium,medium,medium,https://m.media-amazon.com/images/I/31RLcOp57gL._SX300_SY300_QL70_FMwebp_.jpg,https://www.amazon.in/Dura-Clean-Plus-Filtration-Accessories/dp/B0B1MDZV9C/ref=sr_1_334?qid=1672923609&s=kitchen&sr=1-334,1,52.20302242156233,1,-1.1124543248481291,0.5608943403805106,segmento misto
B00E9G8KOY,HUL Pureit Germkill kit for Classic 23 L water purifier - 1500 L Capacity,Home&Kitchen|Kitchen&HomeAppliances|WaterPurifiers&Accessories|WaterPurifierAccessories,Home&Kitchen,Kitchen&HomeAppliances,600.0,600.0,0.0,4.1,10907.0,0.0,mid,low,high,https://m.media-amazon.com/images/I/41OxPvBpwYL._SX300_SY300_QL70_FMwebp_.jpg,https://www.amazon.in/HUL-Pureit-Germkill-Classic-Purifier/dp/B00E9G8KOY/ref=sr_1_130?qid=1672923597&s=kitchen&sr=1-130,1,52.18301186215466,0,-1.5635607694155302,-1.0583816888703539,segmento misto
B07HK53XM4,"Bulfyss Plastic Sticky Lint Roller Hair Remover Cleaner Set of 5 Rolls 150 Sheets, 30 Sheets Each roll Lint Roller Remover for Clothes, Furniture, Carpet, Dog Fur, Sweater, Dust & Dirt","Home&Kitchen|Kitchen&HomeAppliances|Vacuum,Cleaning&Ironing|Irons,Steamers&Accessories|LintShavers",Home&Kitchen,Kitchen&HomeAppliances,279.0,599.0,53.0,3.5,1367.0,320.0,budget,high,high,https://m.media-amazon.com/images/I/41Fo2P8-4ZL._SY300_SX300_QL70_FMwebp_.jpg,https://www.amazon.in/Bulfyss-Plastic-Remover-Cleaner-Remover/dp/B07HK53XM4/ref=sr_1_428?qid=1672923613&s=kitchen&sr=1-428,1,52.154877180302186,1,-1.5526514429231897,1.552481075365834,segmento misto
B08TZD7FQN,"Astigo Compatible Remote Control for Mi Smart LED 4A (43""/32"")","Electronics|HomeTheater,TV&Video|Accessories|RemoteControls",Electronics,"HomeTheater,TV&Video",299.0,599.0,50.0,3.7,708.0,300.0,budget,medium,medium,https://m.media-amazon.com/images/W/WEBP_402378-T2/images/I/31yPzs3mAlL._SX300_SY300_QL70_FMwebp_.jpg,https://www.amazon.in/Astigo-Compatible-Remote-Control-Smart/dp/B08TZD7FQN/ref=sr_1_423?qid=1672909145&s=electronics&sr=1-423,1,52.08502372549629,1,-1.3457868286431829,1.1088360142566813,segmento misto
B086199CWG,Maharaja Whiteline Odacio Plus 550-Watt Juicer Mixer Grinder with 3 Jars (Black/Silver),Home&Kitchen|Kitchen&HomeAppliances|SmallKitchenAppliances|JuicerMixerGrinders,Home&Kitchen,Kitchen&HomeAppliances,3349.0,4799.0,30.0,3.7,4200.0,1450.0,premium,medium,high,https://m.media-amazon.com/images/I/41QKvmjpVFL._SX300_SY300_QL70_FMwebp_.jpg,https://www.amazon.in/Maharaja-Whiteline-Odacio-550-Watt-Grinder/dp/B086199CWG/ref=sr_1_438?qid=1672923614&s=kitchen&sr=1-438,1,52.01393519012495,1,-1.7036487460728489,0.29580744014658544,segmento misto
B08CYNJ5KY,HP 682 Black Original Ink Cartridge,"Computers&Accessories|Printers,Inks&Accessories|Inks,Toners&Cartridges|InkjetInkCartridges",Computers&Accessories,"Printers,Inks&Accessories",828.0,861.0,4.0,4.2,4567.0,33.0,mid,low,high,https://m.media-amazon.com/images/I/4152kKO7W8L._SY300_SX300_QL70_FMwebp_.jpg,https://www.amazon.in/682-Black-Original-Ink-Cartridge/dp/B08CYNJ5KY/ref=sr_1_122?qid=1672903001&s=computers&sr=1-122,1,52.01274885005679,0,-1.4394554777955362,-1.1269695518990646,segmento misto
B09SDDQQKP,"INALSA Vaccum Cleaner Handheld 800W High Powerful Motor- Dura Clean with HEPA Filtration & Strong Powerful 16KPA Suction| Lightweight, Compact & Durable Body|Includes Multiple Accessories,(Grey/Black)","Home&Kitchen|Kitchen&HomeAppliances|Vacuum,Cleaning&Ironing|Vacuums&FloorCare|Vacuums|HandheldVacuums",Home&Kitchen,Kitchen&HomeAppliances,1799.0,3295.0,45.0,3.8,687.0,1496.0,mid,medium,medium,https://m.media-amazon.com/images/W/WEBP_402378-T1/images/I/41MrcJcvi3L._SX300_SY300_QL70_FMwebp_.jpg,https://www.amazon.in/Handheld-Powerful-Filtration-Lightweight-Accessories/dp/B09SDDQQKP/ref=sr_1_343?qid=1672923610&s=kitchen&sr=1-343,1,51.9998840018521,1,-1.3237282684740743,0.6684858728436766,segmento misto
B08QX1CC14,SKYWALL 81.28 cm (32 inches) HD Ready Smart LED TV 32SWELS-PRO (Black),"Electronics|HomeTheater,TV&Video|Televisions|SmartTelevisions",Electronics,"HomeTheater,TV&Video",7299.0,19125.0,62.0,3.4,902.0,11826.0,premium,high,medium,https://m.media-amazon.com/images/I/41M9BBMSUdL._SX300_SY300_QL70_FMwebp_.jpg,https://www.amazon.in/Skywall-81-28-inches-Smart-32SWELS-PRO/dp/B08QX1CC14/ref=sr_1_91?qid=1672909128&s=electronics&sr=1-91,1,51.98993306524628,1,-1.6428900244314921,1.41825297874322,segmento misto
B086PXQ2R4,"Classmate Long Book - Unruled, 160 Pages, 314 mm x 194 mm - Pack Of 3","OfficeProducts|OfficePaperProducts|Paper|Stationery|Notebooks,WritingPads&Diaries|CompositionNotebooks",OfficeProducts,OfficePaperProducts,165.0,165.0,0.0,4.5,1674.0,0.0,budget,low,high,https://m.media-amazon.com/images/W/WEBP_402378-T1/images/I/41BDLm8-jLL._SX300_SY300_QL70_FMwebp_.jpg,https://www.amazon.in/Classmate-Long-Book-Unruled-Pages/dp/B086PXQ2R4/ref=sr_1_431?qid=1672903016&s=computers&sr=1-431,1,51.98965924841394,0,-1.1241880134132187,-1.7172022756299548,segmento misto
B00SMFPJG0,"Kent Gold, Optima, Gold+ Spare Kit",Home&Kitchen|Kitchen&HomeAppliances|WaterPurifiers&Accessories|WaterCartridges,Home&Kitchen,Kitchen&HomeAppliances,649.0,670.0,3.0,4.1,7786.0,21.0,mid,low,high,https://m.media-amazon.com/images/W/WEBP_402378-T2/images/I/41emm+fTJmL._SX300_SY300_.jpg,https://www.amazon.in/Kent-Gold-Optima-Spare-Kit/dp/B00SMFPJG0/ref=sr_1_324?qid=1672923609&s=kitchen&sr=1-324,1,51.98673615788693,0,-1.559502784037338,-0.969370382823217,segmento misto
B09XB1R2F3,"Portable Lint Remover Pet Fur Remover Clothes Fuzz Remover Pet Hairball Quick Epilator Shaver Removing Dust Pet Hair from Clothing Furniture Perfect for Clothing,Furniture,Couch,Carpet (Standard)","Home&Kitchen|Kitchen&HomeAppliances|Vacuum,Cleaning&Ironing|Irons,Steamers&Accessories|LintShavers",Home&Kitchen,Kitchen&HomeAppliances,179.0,799.0,78.0,3.5,132.0,620.0,budget,high,medium,https://m.media-amazon.com/images/I/51d1BSuCGfL._SY300_SX300_QL70_FMwebp_.jpg,https://www.amazon.in/Portable-Hairball-Epilator-Removing-Furniture/dp/B09XB1R2F3/ref=sr_1_157?qid=1672923598&s=kitchen&sr=1-157,1,51.92892885575533,1,-1.147664625930647,2.2605824963059113,segmento misto
B08VGFX2B6,"Kuber Industries Waterproof Round Non Wovan Laundry Bag/Hamper|Metalic Printed With Handles|Foldable Bin & 45 Liter Capicity|Size 37 x 37 x 49, Pack of 1 (Beige & Brown)-KUBMART11450",Home&Kitchen|HomeStorage&Organization|LaundryOrganization|LaundryBaskets,Home&Kitchen,HomeStorage&Organization,177.0,199.0,11.0,4.1,3688.0,22.0,budget,low,high,https://m.media-amazon.com/images/I/41wqOJ5t9QL._SX300_SY300_QL70_FMwebp_.jpg,https://www.amazon.in/Kuber-Industries-Foldable-Laundry-KUBMART11450/dp/B08VGFX2B6/ref=sr_1_116?qid=1672923596&s=kitchen&sr=1-116,1,51.91072102517138,0,-1.462077988995627,-0.6964994199504612,segmento misto
B07VJ9ZTXS,Aine HDMI Male to VGA Female Video Converter Adapter Cable (Black),"Electronics|HomeTheater,TV&Video|Accessories|Cables|HDMICables",Electronics,"HomeTheater,TV&Video",299.0,599.0,50.0,4.0,171.0,300.0,budget,medium,medium,https://m.media-amazon.com/images/I/41dwFttHxpL._SX300_SY300_QL70_FMwebp_.jpg,https://www.amazon.in/Female-Converter-Adapter-Projectors-Devices/dp/B07VJ9ZTXS/ref=sr_1_487?qid=1672909149&s=electronics&sr=1-487,1,51.90727249577128,1,-0.958143897590785,0.5699033102038941,segmento misto
B0B2CWRDB1,Shakti Technology S5 High Pressure Car Washer Machine 1900 Watts and Pressure 125 Bar with 10 Meter Hose Pipe,"Home&Kitchen|Kitchen&HomeAppliances|Vacuum,Cleaning&Ironing|PressureWashers,Steam&WindowCleaners",Home&Kitchen,Kitchen&HomeAppliances,5999.0,9999.0,40.0,4.2,170.0,4000.0,premium,medium,medium,https://m.media-amazon.com/images/I/51RQbF6ZuLL._SX300_SY300_QL70_FMwebp_.jpg,https://www.amazon.in/Shakti-Technology-S5-Pressure-Machine/dp/B0B2CWRDB1/ref=sr_1_316?qid=1672923607&s=kitchen&sr=1-316,1,51.89716559493983,0,-0.9366073393555435,-0.5292106338848575,segmento misto
B00TI8E7BI,Philips HD9306/06 1.5-Litre Electric Kettle (Multicolor),Home&Kitchen|Kitchen&HomeAppliances|SmallKitchenAppliances|Kettles&HotWaterDispensers|ElectricKettles,Home&Kitchen,Kitchen&HomeAppliances,2695.0,2695.0,0.0,4.4,2518.0,0.0,premium,low,high,https://m.media-amazon.com/images/I/41JyZuDzDgL._SX300_SY300_QL70_FMwebp_.jpg,https://www.amazon.in/Philips-HD9306-06-1-5-Litre-Multicolor/dp/B00TI8E7BI/ref=sr_1_499?qid=1672923617&s=kitchen&sr=1-499,1,51.85992192642591,0,-1.2951702711444302,-1.7433688585569822,segmento misto
B0B5ZF3NRK,"CEDO 65W OnePlus Dash Warp Charge Cable, USB A to Type C Data Sync Fast Charging Cable Compatible with One Plus 3 /3T /5 /5T /6 /6T /7 /7T /7 pro & for All Type C Devices - 1 Meter, Red",Computers&Accessories|Accessories&Peripherals|Cables&Accessories|Cables|USBCables,Computers&Accessories,Accessories&Peripherals,349.0,599.0,42.0,4.1,210.0,250.0,budget,medium,medium,https://m.media-amazon.com/images/W/WEBP_402378-T2/images/I/41SNaWjuZWL._SX300_SY300_QL70_FMwebp_.jpg,https://www.amazon.in/CEDO-OnePlus-Charging-Compatible-Devices/dp/B0B5ZF3NRK/ref=sr_1_80?qid=1672909128&s=electronics&sr=1-80,2,51.71574489704689,0,-0.9768515580876536,0.16313192494776801,segmento misto
B08LVVTGZK,"Lifelong LLSM120G Sandwich Griller , Classic Pro 750 W Sandwich Maker with 4 Slice Non-Stick Fixed Plates for Sandwiches at Home with 1 Year Warranty (Black)",Home&Kitchen|Kitchen&HomeAppliances|SmallKitchenAppliances|SandwichMakers,Home&Kitchen,Kitchen&HomeAppliances,929.0,1300.0,29.0,3.9,1672.0,371.0,mid,medium,high,https://m.media-amazon.com/images/W/WEBP_402378-T2/images/I/41mcGL9ei0L._SX300_SY300_QL70_FMwebp_.jpg,https://www.amazon.in/Lifelong-Sandwich-Griller-Non-Stick-Plates/dp/B08LVVTGZK/ref=sr_1_422?qid=1672923613&s=kitchen&sr=1-422,1,51.698901146669606,0,-1.4682866219523993,0.1107396670130248,segmento misto
B0BNQMF152,"ROYAL STEP Portable Electric USB Juice Maker Juicer Bottle Blender Grinder Mixer,6 Blades Rechargeable Bottle with (MULTII) (MULTI COLOUR 6 BLED JUICER MIXER)",Home&Kitchen|Kitchen&HomeAppliances|SmallKitchenAppliances|JuicerMixerGrinders,Home&Kitchen,Kitchen&HomeAppliances,499.0,2199.0,77.0,3.7,53.0,1700.0,budget,high,low,https://m.media-amazon.com/images/I/519LLyO+jtL._SY300_SX300_.jpg,https://www.amazon.in/ROYAL-STEP-Portable-Electric-Rechargeable/dp/B0BNQMF152/ref=sr_1_224?qid=1672923603&s=kitchen&sr=1-224,1,51.67093810707533,1,-0.9191035988507503,1.847085321068433,segmento misto
B08MZNT7GP,Havells OFR 13 Wave Fin with PTC Fan Heater 2900 Watts (Black),"Home&Kitchen|Heating,Cooling&AirQuality|RoomHeaters|FanHeaters",Home&Kitchen,"Heating,Cooling&AirQuality",12499.0,19825.0,37.0,4.1,322.0,7326.0,luxury,medium,medium,https://m.media-amazon.com/images/I/41Dp3g8y8sL._SX300_SY300_QL70_FMwebp_.jpg,https://www.amazon.in/Havells-OFR-13-Wave-Fin/dp/B08MZNT7GP/ref=sr_1_221?qid=1672923603&s=kitchen&sr=1-221,1,51.64189604127088,0,-1.2292950990522586,-0.9571488500428988,segmento misto
B09VGKFM7Y,Amazon Basics 2 Amp USB Wall Charger & Micro USB Cable (White),Electronics|Mobiles&Accessories|MobileAccessories|Chargers|WallChargers,Electronics,Mobiles&Accessories,219.0,499.0,56.0,4.4,14.0,280.0,budget,high,low,https://m.media-amazon.com/images/I/31poWDDorOL._SY300_SX300_QL70_ML2_.jpg,https://www.amazon.in/Amazon-Basics-Charger-Micro-Cable/dp/B09VGKFM7Y/ref=sr_1_460?qid=1672895886&s=electronics&sr=1-460,1,51.64087494620551,0,-0.33266244280152957,0.023259568039933665,segmento misto
B00LZPQVMK,Parker Vector Standard Chrome Trim Ball Pen (Ink - Black),"OfficeProducts|OfficePaperProducts|Paper|Stationery|Pens,Pencils&WritingSupplies|Pens&Refills|StickBallpointPens",OfficeProducts,OfficePaperProducts,272.0,320.0,15.0,4.0,3686.0,48.0,budget,low,high,https://m.media-amazon.com/images/W/WEBP_402378-T2/images/I/41zNLdERuiL._SX300_SY300_QL70_FMwebp_.jpg,https://www.amazon.in/Parker-Vector-Standard-Ball-Black/dp/B00LZPQVMK/ref=sr_1_374?qid=1672903013&s=computers&sr=1-374,1,51.63961789270311,0,-1.5512120879511344,-0.4119873466189,segmento misto
B0BJYSCWFQ,"Kitchengenix's Mini Waffle Maker 4 Inch- 350 Watts: Stainless Steel Non-Stick Electric Iron Machine for Individual Belgian Waffles, Pan Cakes, Paninis or Other Snacks (Red)",Home&Kitchen|Kitchen&HomeAppliances|SmallKitchenAppliances|WaffleMakers&Irons,Home&Kitchen,Kitchen&HomeAppliances,899.0,1999.0,55.0,4.2,39.0,1100.0,mid,high,low,https://m.media-amazon.com/images/I/41wOaCtfCZL._SY300_SX300_QL70_FMwebp_.jpg,https://www.amazon.in/Kitchengenixs-Waffle-Maker-Inch-Watts/dp/B0BJYSCWFQ/ref=sr_1_489?qid=1672923617&s=kitchen&sr=1-489,1,51.60134127653624,0,-0.633432217702456,0.301088758264542,segmento misto
B08PKBMJKS,Airtel DigitalTV HD Setup Box Remote,"Electronics|HomeTheater,TV&Video|Accessories|RemoteControls",Electronics,"HomeTheater,TV&Video",197.0,499.0,61.0,3.8,136.0,302.0,budget,high,medium,https://m.media-amazon.com/images/W/WEBP_402378-T1/images/I/31Lfjbfc47L._SX300_SY300_QL70_FMwebp_.jpg,https://www.amazon.in/Airtel-DigitalTV-Setup-Box-Remote/dp/B08PKBMJKS/ref=sr_1_496?qid=1672909149&s=electronics&sr=1-496,1,51.49505531229986,1,-1.0704086198946192,1.2458542419758083,segmento misto
B07MP21WJD,"Lint Roller with 40 Paper Sheets, 22 x 5 cm (Grey)","Home&Kitchen|Kitchen&HomeAppliances|Vacuum,Cleaning&Ironing|Irons,Steamers&Accessories|LintShavers",Home&Kitchen,Kitchen&HomeAppliances,245.0,299.0,18.0,4.1,1660.0,54.0,budget,low,high,https://m.media-amazon.com/images/W/WEBP_402378-T2/images/I/31MNWLE6vuL._SY300_SX300_QL70_FMwebp_.jpg,https://www.amazon.in/Ikea-Lint-Roller-Paper-Sheets/dp/B07MP21WJD/ref=sr_1_156_mod_primary_new?qid=1672923598&s=kitchen&sbo=RZvfv%2F%2FHxDF%2BO5021pAnSA%3D%3D&sr=1-156,1,51.4188026655964,0,-1.4011992024042164,-0.5002514266574356,segmento misto
B0B3TBY2YX,"AGARO Royal Double Layered Kettle, 1.5 Litres, Double Layered Cool Touch , Dry Boiling Protection, Black",Home&Kitchen|Kitchen&HomeAppliances|SmallKitchenAppliances|Kettles&HotWaterDispensers|ElectricKettles,Home&Kitchen,Kitchen&HomeAppliances,1260.0,2299.0,45.0,4.3,55.0,1039.0,mid,medium,low,https://m.media-amazon.com/images/I/310R9iLp3mL._SX300_SY300_QL70_FMwebp_.jpg,https://www.amazon.in/AGARO-Double-Layered-Boiling-Protection/dp/B0B3TBY2YX/ref=sr_1_433_mod_primary_new?qid=1672923613&s=kitchen&sbo=RZvfv%2F%2FHxDF%2BO5021pAnSA%3D%3D&sr=1-433,1,51.26757116503929,0,-0.7025511674361338,-0.1861225023684824,segmento misto
B09MMD1FDN,7SEVEN® Suitable Sony Tv Remote Original Bravia for Smart Android Television Compatible for Any Model of LCD LED OLED UHD 4K Universal Sony Remote Control,"Electronics|HomeTheater,TV&Video|Accessories|RemoteControls",Electronics,"HomeTheater,TV&Video",349.0,699.0,50.0,3.9,214.0,350.0,budget,medium,medium,https://m.media-amazon.com/images/I/31NDmmkm19L._SX300_SY300_QL70_FMwebp_.jpg,https://www.amazon.in/7SEVENTM-Universal-Replacement-Original-Television/dp/B09MMD1FDN/ref=sr_1_464?qid=1672909147&s=electronics&sr=1-464,1,51.23213168057682,1,-1.1478590375793702,0.747356322382435,segmento misto
B08CYPB15D,HP 805 Black Original Ink Cartridge,"Computers&Accessories|Printers,Inks&Accessories|Inks,Toners&Cartridges|InkjetInkCartridges",Computers&Accessories,"Printers,Inks&Accessories",717.0,761.0,6.0,4.0,7199.0,44.0,mid,low,high,https://m.media-amazon.com/images/W/WEBP_402378-T1/images/I/41ZraPJKHYL._SY300_SX300_QL70_FMwebp_.jpg,https://www.amazon.in/805-Black-Original-Ink-Cartridge/dp/B08CYPB15D/ref=sr_1_62?qid=1672902997&s=computers&sr=1-62,1,51.220098380729816,0,-1.7110468638756875,-0.7078413979238376,segmento misto
B07H8W9PB6,"KLAM LCD Writing Tablet Screenwriting Toys Board Smart Digital E-Note Pad 8.5 Inch Light Weight Magic Slate for Drawing Playing Noting by Kids and Adults Best Birthday Gift Girls Boys, Multicolor","Computers&Accessories|Accessories&Peripherals|Keyboards,Mice&InputDevices|GraphicTablets",Computers&Accessories,Accessories&Peripherals,175.0,499.0,65.0,4.1,21.0,324.0,budget,high,low,https://m.media-amazon.com/images/W/WEBP_402378-T2/images/I/41KYzWomjVL._SX300_SY300_QL70_FMwebp_.jpg,https://www.amazon.in/Writing-Screenwriting-Digital-Birthday-Multicolor/dp/B07H8W9PB6/ref=sr_1_315?qid=1672903011&s=computers&sr=1-315,1,51.16418015903178,1,-0.6208901896185817,0.8191345868475234,segmento misto
B0BDZWMGZ1,Activa Easy Mix Nutri Mixer Grinder 500 Watt | Long Lasting Shock Proof ABS Body | Heavy Duty Motor With Nano - Grinding Technology,Home&Kitchen|Kitchen&HomeAppliances|SmallKitchenAppliances|MixerGrinders,Home&Kitchen,Kitchen&HomeAppliances,1199.0,2990.0,60.0,3.8,133.0,1791.0,mid,high,medium,https://m.media-amazon.com/images/I/41Peadim8bL._SX300_SY300_QL70_FMwebp_.jpg,https://www.amazon.in/Activa-Nutri-Mixer-Grinder-Lasting/dp/B0BDZWMGZ1/ref=sr_1_461?qid=1672923615&s=kitchen&sr=1-461,1,51.16378957712844,1,-1.1274413594776882,1.1377832640745873,segmento misto
B07WVQG8WZ,Black+Decker Handheld Portable Garment Steamer 1500 Watts with Anti Calc (Violet),"Home&Kitchen|Kitchen&HomeAppliances|Vacuum,Cleaning&Ironing|Irons,Steamers&Accessories|Irons|SteamIrons",Home&Kitchen,Kitchen&HomeAppliances,3299.0,4995.0,34.0,3.8,1393.0,1696.0,premium,medium,high,https://m.media-amazon.com/images/I/41CsMm+ZCgL._SY300_SX300_.jpg,https://www.amazon.in/BXGS1501IN-Handheld-Portable-Garment-Steamer/dp/B07WVQG8WZ/ref=sr_1_260?qid=1672923605&s=kitchen&sr=1-260,1,51.1572199649347,1,-1.5945291130314763,0.24076330785394987,segmento misto
B08SJVD8QD,"CARDEX Digital Kitchen Weighing Machine Multipurpose Electronic Weight Scale With Back Lite LCD Display for Measuring Food, Cake, Vegetable, Fruit (KITCHEN SCALE)",Home&Kitchen|Kitchen&HomeAppliances|SmallKitchenAppliances|DigitalKitchenScales,Home&Kitchen,Kitchen&HomeAppliances,379.0,389.0,3.0,4.2,3739.0,10.0,budget,low,high,https://m.media-amazon.com/images/I/31HohsWo-+L._SY445_SX342_.jpg,https://www.amazon.in/Weighing-Multipurpose-Electronic-Measuring-Vegetable/dp/B08SJVD8QD/ref=sr_1_445?qid=1672923614&s=kitchen&sr=1-445,1,51.15689387140965,0,-1.5274323247268378,-1.114466315838849,segmento misto
B00LM4X0KU,"Parker Quink Ink Bottle, Blue","OfficeProducts|OfficePaperProducts|Paper|Stationery|Pens,Pencils&WritingSupplies|Pens&Refills|BottledInk",OfficeProducts,OfficePaperProducts,100.0,100.0,0.0,4.3,3095.0,0.0,budget,low,high,https://m.media-amazon.com/images/W/WEBP_402378-T1/images/I/4127NZ2xG6L._SX300_SY300_QL70_FMwebp_.jpg,https://www.amazon.in/Parker-Quink-Ink-Bottle-Blue/dp/B00LM4X0KU/ref=sr_1_188?qid=1672903004&s=computers&sr=1-188,1,51.134948191499085,0,-1.4483959994730853,-1.353829590871251,segmento misto
B00B3VFJY2,"HUL Pureit Germkill kit for Advanced 23 L water purifier - 3000 L Capacity, Sand, Multicolour",Home&Kitchen|Kitchen&HomeAppliances|WaterPurifiers&Accessories|WaterPurifierAccessories,Home&Kitchen,Kitchen&HomeAppliances,980.0,980.0,0.0,4.2,4740.0,0.0,mid,low,high,https://m.media-amazon.com/images/I/51G5KRUKOgL._SX300_SY300_QL70_FMwebp_.jpg,https://www.amazon.in/HUL-Pureit-Germkill-Advanced-Purifier/dp/B00B3VFJY2/ref=sr_1_287?qid=1672923606&s=kitchen&sr=1-287,1,51.05856478042698,0,-1.5851305584766913,-1.2492178348230778,segmento misto
B07DXRGWDJ,"Philips Handheld Garment Steamer GC360/30 - Vertical & Horizontal Steaming, 1200 Watt, up to 22g/min","Home&Kitchen|Kitchen&HomeAppliances|Vacuum,Cleaning&Ironing|Irons,Steamers&Accessories|Irons|SteamIrons",Home&Kitchen,Kitchen&HomeAppliances,4280.0,5995.0,29.0,3.8,2112.0,1715.0,premium,medium,high,https://m.media-amazon.com/images/I/31JaiYt3IRL._SX300_SY300_QL70_FMwebp_.jpg,https://www.amazon.in/Philips-Handheld-Garment-Steamer-Purple/dp/B07DXRGWDJ/ref=sr_1_207?qid=1672923601&s=kitchen&sr=1-207,1,51.0542795352665,1,-1.6952344423715082,0.020481346036948452,segmento misto
B0B9RZ4G4W,"Amazon Basics 300 W Hand Blender with Stainless Steel Stem for Hot/Cold Blending and In-Built Cord Hook, ISI-Marked, Black",Home&Kitchen|Kitchen&HomeAppliances|SmallKitchenAppliances|HandBlenders,Home&Kitchen,Kitchen&HomeAppliances,799.0,1699.0,53.0,4.0,97.0,900.0,mid,high,low,https://m.media-amazon.com/images/I/31YvxM2eDDL._SX300_SY300_QL70_FMwebp_.jpg,https://www.amazon.in/Amazon-Blender-Stainless-Blending-ISI-Marked/dp/B0B9RZ4G4W/ref=sr_1_357?qid=1672923610&s=kitchen&sr=1-357,1,51.045894280901095,1,-0.9819722565196817,0.6149728465210835,segmento misto
B09HS1NDRQ,"PrettyKrafts Laundry Square Shape Basket Bag/Foldable/Multipurpose/Carry Handles/Slanting Lid for Home, Cloth Storage,(Single) Jute Grey",Home&Kitchen|HomeStorage&Organization|LaundryOrganization|LaundryBaskets,Home&Kitchen,HomeStorage&Organization,390.0,799.0,51.0,3.8,287.0,409.0,budget,high,medium,https://m.media-amazon.com/images/I/416VJv+z7CL._SY300_SX300_.jpg,https://www.amazon.in/PrettyKrafts-Laundry-Foldable-Multipurpose-Slanting/dp/B09HS1NDRQ/ref=sr_1_454?qid=1672923614&s=kitchen&sr=1-454,1,51.0270009705883,1,-1.282370077271449,0.952360317438368,segmento misto
B0BMTZ4T1D,!!1000 Watt/2000-Watt Room Heater!! Fan Heater!!Pure White!!HN-2500!!Made in India!!,"Home&Kitchen|Heating,Cooling&AirQuality|RoomHeaters|FanHeaters",Home&Kitchen,"Heating,Cooling&AirQuality",784.0,1599.0,51.0,4.5,11.0,815.0,mid,high,low,https://m.media-amazon.com/images/W/WEBP_402378-T1/images/I/314HwKNEFEL._SX300_SY300_QL70_FMwebp_.jpg,https://www.amazon.in/2000-Watt-Heater-White-HN-2500-India/dp/B0BMTZ4T1D/ref=sr_1_165?qid=1672923598&s=kitchen&sr=1-165,1,50.98622852735743,0,-0.3433716429954796,-0.34053283273017826,segmento misto
B00ZRBWPA0,Eveready Red 1012 AAA Batteries - Pack of 10,Electronics|GeneralPurposeBatteries&BatteryChargers|DisposableBatteries,Electronics,GeneralPurposeBatteries&BatteryChargers,159.0,180.0,12.0,4.3,989.0,21.0,budget,low,medium,https://m.media-amazon.com/images/W/WEBP_402378-T2/images/I/517nCRsjYeL._SX300_SY300_QL70_FMwebp_.jpg,https://www.amazon.in/Eveready-Alkaline-Batteries-1012-Battery/dp/B00ZRBWPA0/ref=sr_1_181?qid=1672903004&s=computers&sr=1-181,1,50.9633754025346,0,-1.2758498627028783,-1.018061990378306,segmento misto
B0BHNHMR3H,LONAXA Mini Travel Rechargeable Fruit Juicer - USB Electric Fruit & Vegetable Juice Blender/Grinder for Home and Office Use (Multicolor)…,Home&Kitchen|Kitchen&HomeAppliances|SmallKitchenAppliances|JuicerMixerGrinders,Home&Kitchen,Kitchen&HomeAppliances,499.0,1299.0,62.0,3.9,65.0,800.0,budget,high,low,https://m.media-amazon.com/images/I/51V0CstI47L._SX300_SY300_QL70_FMwebp_.jpg,https://www.amazon.in/LONAXA-Travel-Rechargeable-Fruit-Juicer/dp/B0BHNHMR3H/ref=sr_1_431?qid=1672923613&s=kitchen&sr=1-431,1,50.94014881831874,1,-0.9661761003686448,1.0703341492236984,segmento misto
B008P7IF02,Morphy Richards New Europa 800-Watt Espresso and Cappuccino 4-Cup Coffee Maker (Black),"Home&Kitchen|Kitchen&HomeAppliances|Coffee,Tea&Espresso|EspressoMachines",Home&Kitchen,Kitchen&HomeAppliances,4799.0,5795.0,17.0,3.9,3815.0,996.0,premium,low,high,https://m.media-amazon.com/images/W/WEBP_402378-T1/images/I/31M+TYWPdQL._SY300_SX300_.jpg,https://www.amazon.in/Morphy-Richards-Europa-Espresso-Cappuccino/dp/B008P7IF02/ref=sr_1_276?qid=1672923606&s=kitchen&sr=1-276,1,50.93963639744198,0,-1.7665648889409364,-0.5404954196168942,segmento misto
B08TM71L54,"PHILIPS Handheld Garment Steamer STH3000/20 - Compact & Foldable, Convenient Vertical Steaming, 1000 Watt Quick Heat Up, up to 20g/min, Kills 99.9%* Bacteria (Reno Blue), Small","Home&Kitchen|Kitchen&HomeAppliances|Vacuum,Cleaning&Ironing|Irons,Steamers&Accessories|Irons|SteamIrons",Home&Kitchen,Kitchen&HomeAppliances,3190.0,4195.0,24.0,4.0,1282.0,1005.0,premium,medium,high,https://m.media-amazon.com/images/W/WEBP_402378-T2/images/I/31LsgYDJNkL._SX300_SY300_QL70_FMwebp_.jpg,https://www.amazon.in/PHILIPS-Handheld-Garment-STH3000-20/dp/B08TM71L54/ref=sr_1_77?qid=1672923593&s=kitchen&sr=1-77,1,50.91956239916563,0,-1.515315505079283,-0.38860565726574225,segmento misto
B09R83SFYV,"Akiara® - Makes life easy Mini Sewing Machine with Table Set | Tailoring Machine | Hand Sewing Machine with extension table, foot pedal, adapter",Home&Kitchen|Kitchen&HomeAppliances|SewingMachines&Accessories|Sewing&EmbroideryMachines,Home&Kitchen,Kitchen&HomeAppliances,1484.0,2499.0,41.0,3.7,1067.0,1015.0,mid,medium,high,https://m.media-amazon.com/images/W/WEBP_402378-T1/images/I/51oZKPP1qhL._SY300_SX300_QL70_FMwebp_.jpg,https://www.amazon.in/akiara-Machine-Stitching-extension-adapter/dp/B09R83SFYV/ref=sr_1_202?qid=1672923601&s=kitchen&sr=1-202,1,50.8998361706849,1,-1.6084757977667252,0.7639078650515537,segmento misto
B08VRMK55F,"Zebronics Zeb Buds C2 in Ear Type C Wired Earphones with Mic, Braided 1.2 Metre Cable, Metallic Design, 10mm Drivers, in Line Mic & Volume Controller (Blue)","Electronics|Headphones,Earbuds&Accessories|Headphones|In-Ear",Electronics,"Headphones,Earbuds&Accessories",399.0,699.0,43.0,3.4,3454.0,300.0,budget,medium,high,https://m.media-amazon.com/images/W/WEBP_402378-T1/images/I/313nBNJrT6L._SX300_SY300_QL70_FMwebp_.jpg,https://www.amazon.in/Zeb-Buds-C2-Controller-Blue/dp/B08VRMK55F/ref=sr_1_176?qid=1672903004&s=computers&sr=1-176,1,50.89472752946998,1,-1.9427345428339553,1.4411061435087618,segmento misto
B09JSW16QD,"boAt LTG 550v3 Lightning Apple MFi Certified Cable with Spaceship Grade Aluminium Housing,Stress Resistance, Rapid 2.4A Charging & 480mbps Data Sync, 1m Length & 10000+ Bends Lifespan(Mercurial Black)",Computers&Accessories|Accessories&Peripherals|Cables&Accessories|Cables|USBCables,Computers&Accessories,Accessories&Peripherals,848.99,1490.0,43.0,3.9,356.0,641.01,mid,medium,medium,https://m.media-amazon.com/images/I/41ovRStbxUL._SX300_SY300_QL70_FMwebp_.jpg,https://www.amazon.in/boAt-LTG-550v3-Lightning-Resistance/dp/B09JSW16QD/ref=sr_1_240?qid=1672909135&s=electronics&sr=1-240,1,50.86618394713129,1,-1.303742742887836,0.5124223217511048,segmento misto
B09H39KTTB,Remote Compatible for Samsung LED/LCD Remote Control Works with Samsung LED/LCD TV by Trend Trail,"Electronics|HomeTheater,TV&Video|Accessories|RemoteControls",Electronics,"HomeTheater,TV&Video",213.0,499.0,57.0,3.7,246.0,286.0,budget,high,medium,https://m.media-amazon.com/images/W/WEBP_402378-T1/images/I/31KL5uYqVRL._SX300_SY300_QL70_FMwebp_.jpg,https://www.amazon.in/Remote-Compatible-Samsung-Control-Works/dp/B09H39KTTB/ref=sr_1_246?qid=1672909136&s=electronics&sr=1-246,1,50.83643021194084,1,-1.3271523416299145,1.31446556410777,segmento misto
B0B3RHX6B6,Ambrane BCL-15 Lightning Cable for Smartphone (1.5m Black),Computers&Accessories|Accessories&Peripherals|Cables&Accessories|Cables|USBCables,Computers&Accessories,Accessories&Peripherals,149.0,399.0,63.0,3.9,57.0,250.0,budget,high,low,https://m.media-amazon.com/images/W/WEBP_402378-T2/images/I/313Ja+mXy6L._SY300_SX300_.jpg,https://www.amazon.in/Ambrane-BCL-15-Lightning-Cable-Smartphone/dp/B0B3RHX6B6/ref=sr_1_183?qid=1672909133&s=electronics&sr=1-183,1,50.82497853629518,1,-0.9534218326334744,1.1266811768776013,segmento misto
B098T9CJVQ,"Sui Generis Electric Handheld Milk Wand Mixer Frother for Latte Coffee Hot Milk, Milk Frother, Electric Coffee Beater, Egg Beater, Latte Maker, Mini Hand Blender Cappuccino Maker (Multicolor)",Home&Kitchen|Kitchen&HomeAppliances|SmallKitchenAppliances|HandBlenders,Home&Kitchen,Kitchen&HomeAppliances,210.0,699.0,70.0,3.7,74.0,489.0,budget,high,low,https://m.media-amazon.com/images/W/WEBP_402378-T1/images/I/21UJ6oKwnoL._SY300_SX300_QL70_FMwebp_.jpg,https://www.amazon.in/Sui-Generis-Frother-Electric-Blender/dp/B098T9CJVQ/ref=sr_1_248?qid=1672923605&s=kitchen&sr=1-248,1,50.77820379312024,1,-1.1077031240005641,1.6772403981942066,segmento misto
B0BCZCQTJX,Firestick Remote,"Electronics|HomeTheater,TV&Video|Accessories|RemoteControls",Electronics,"HomeTheater,TV&Video",1434.0,3999.0,64.0,4.0,32.0,2565.0,mid,high,low,https://m.media-amazon.com/images/I/31C4z2M8TiL._SX300_SY300_QL70_FMwebp_.jpg,https://www.amazon.in/Basesailor-2nd-generation-Firestick-Remote/dp/B0BCZCQTJX/ref=sr_1_88?qid=1672909128&s=electronics&sr=1-88,1,50.76086434187408,1,-0.8226707231067822,0.8706978720137917,segmento misto
B07D2NMTTV,Black + Decker BD BXIR2201IN 2200-Watt Cord & Cordless Steam Iron (Green),"Home&Kitchen|Kitchen&HomeAppliances|Vacuum,Cleaning&Ironing|Irons,Steamers&Accessories|Irons|SteamIrons",Home&Kitchen,Kitchen&HomeAppliances,3199.0,3500.0,9.0,4.2,1899.0,301.0,premium,low,high,https://m.media-amazon.com/images/I/41ady4ISpWL._SX300_SY300_QL70_FMwebp_.jpg,https://www.amazon.in/Black-Decker-BXIR2201IN-2200-Watt-Cordless/dp/B07D2NMTTV/ref=sr_1_366?qid=1672923611&s=kitchen&sr=1-366,1,50.755050667765545,0,-1.5112741403042134,-1.1689582175242486,segmento misto
B094G9L9LT,KENT 16088 Vogue Electric Kettle 1.8 Litre 1500 W | Stainless Steel body | Auto shut off over heating protection | 1 Year Warranty,Home&Kitchen|Kitchen&HomeAppliances|SmallKitchenAppliances|Kettles&HotWaterDispensers|ElectricKettles,Home&Kitchen,Kitchen&HomeAppliances,999.0,1950.0,49.0,3.8,305.0,951.0,mid,medium,medium,https://m.media-amazon.com/images/W/WEBP_402378-T2/images/I/313V6v-Fj3S._SX300_SY300_QL70_FMwebp_.jpg,https://www.amazon.in/1-8Litre-Electric-Kettle-Stainless-16088/dp/B094G9L9LT/ref=sr_1_179?qid=1672923600&s=kitchen&sr=1-179,1,50.67390671623945,1,-1.3530921438667791,0.8481595714806767,segmento misto
B09PTT8DZF,"Lenovo USB A to Type-C Tangle-free  Aramid fiber braided 1.2m cable with 4A Fast charging & 480 MBPS data transmission, certified 10000+ bend lifespan, Metallic Grey",Computers&Accessories|Accessories&Peripherals|Cables&Accessories|Cables|USBCables,Computers&Accessories,Accessories&Peripherals,417.44,670.0,38.0,3.9,523.0,252.56,budget,medium,medium,https://m.media-amazon.com/images/I/317Bv9KEltL._SX300_SY300_QL70_FMwebp_.jpg,https://www.amazon.in/Lenovo-Tangle-free-Aramid-braided-1-2m-transmission-certified/dp/B09PTT8DZF/ref=sr_1_438?qid=1672909146&s=electronics&sr=1-438,1,50.6683373959217,1,-1.3989208446851287,0.4079691755130271,segmento misto
B07DZ986Q2,"Philips EasyTouch Plus Standing Garment Steamer GC523/60 - 1600 Watt, 5 Steam Settings, Up to 32 g/min steam, with Double Pole","Home&Kitchen|Kitchen&HomeAppliances|Vacuum,Cleaning&Ironing|Irons,Steamers&Accessories|Irons|SteamIrons",Home&Kitchen,Kitchen&HomeAppliances,7799.0,8995.0,13.0,4.0,3160.0,1196.0,premium,low,high,https://m.media-amazon.com/images/I/318JzFxYqtL._SX300_SY300_QL70_FMwebp_.jpg,https://www.amazon.in/Philips-Garment-Steamer-GC523-60/dp/B07DZ986Q2/ref=sr_1_253?qid=1672923605&s=kitchen&sr=1-253,1,50.65368102041992,0,-1.7694361296003387,-1.0718676302217651,segmento misto
B096YCN3SD,"Lifelong LLEK15 Electric Kettle 1.5L with Stainless Steel Body, Easy and Fast Boiling of Water for Instant Noodles, Soup, Tea etc. (1 Year Warranty, Silver)",Home&Kitchen|Kitchen&HomeAppliances|SmallKitchenAppliances|Kettles&HotWaterDispensers|Kettle&ToasterSets,Home&Kitchen,Kitchen&HomeAppliances,549.0,1000.0,45.0,3.6,1074.0,451.0,mid,medium,high,https://m.media-amazon.com/images/W/WEBP_402378-T1/images/I/41h9kA2Tt7S._SX300_SY300_QL70_FMwebp_.jpg,https://www.amazon.in/Lifelong-LLEK15-Electric-Stainless-Warranty/dp/B096YCN3SD/ref=sr_1_35?qid=1672923592&s=kitchen&sr=1-35,1,50.649602371463175,1,-1.6822203387298085,1.131507259183933,segmento misto
B0836JGZ74,"CSI INTERNATIONAL® Instant Water Geyser, Water Heater, Portable Water Heater, Geyser Made of First Class ABS Plastic 3KW (White)","Home&Kitchen|Heating,Cooling&AirQuality|WaterHeaters&Geysers|InstantWaterHeaters",Home&Kitchen,"Heating,Cooling&AirQuality",1049.0,2499.0,58.0,3.6,328.0,1450.0,mid,high,medium,https://m.media-amazon.com/images/W/WEBP_402378-T2/images/I/41AQNOLe6GL._SX300_SY300_QL70_FMwebp_.jpg,https://www.amazon.in/CSI-INTERNATIONAL%C2%AE-Instant-portable-Plastic/dp/B0836JGZ74/ref=sr_1_274?qid=1672923606&s=kitchen&sr=1-274,1,50.61462509119987,1,-1.473424458072616,1.455293882204298,segmento misto
B09MQ9PDHR,SaiEllin Room Heater For Home 2000 Watts Room Heater For Bedroom | ISI Approved With 1 Year Warranty | For 250 Sq. Feet Blower Heater & Room Heaters Home For Winters,"Home&Kitchen|Heating,Cooling&AirQuality|RoomHeaters|FanHeaters",Home&Kitchen,"Heating,Cooling&AirQuality",979.0,1999.0,51.0,3.9,157.0,1020.0,mid,high,medium,https://m.media-amazon.com/images/I/41VYlxCZqLL._SX300_SY300_QL70_FMwebp_.jpg,https://www.amazon.in/SaiEllin-Heater-Portable-Bedroom-Compact/dp/B09MQ9PDHR/ref=sr_1_364?qid=1672923611&s=kitchen&sr=1-364,1,50.58947405226326,1,-1.190564056605735,0.7257694856005518,segmento misto
B0B2RBP83P,"Lenovo IdeaPad 3 11th Gen Intel Core i3 15.6"" FHD Thin & Light Laptop(8GB/512GB SSD/Windows 11/Office 2021/2Yr Warranty/3months Xbox Game Pass/Platinum Grey/1.7Kg), 81X800LGIN",Computers&Accessories|Laptops|TraditionalLaptops,Computers&Accessories,Laptops,37247.0,59890.0,38.0,4.0,323.0,22643.0,luxury,medium,medium,https://m.media-amazon.com/images/I/41PnIUzyYML._SX300_SY300_QL70_FMwebp_.jpg,https://www.amazon.in/Lenovo-IdeaPad-Warranty-Platinum-81X800LGIN/dp/B0B2RBP83P/ref=sr_1_492?qid=1672903019&s=computers&sr=1-492,1,50.58363805131758,3,-1.7595557637582007,-2.744913229762642,premium bem avaliado
B07G147SZD,NEXOMS Instant Heating Water Tap Wall Mounted with 3 Pin Indian Plug (16Amp),"Home&Kitchen|Heating,Cooling&AirQuality|WaterHeaters&Geysers|InstantWaterHeaters",Home&Kitchen,"Heating,Cooling&AirQuality",2699.0,3799.0,29.0,4.0,727.0,1100.0,premium,medium,medium,https://m.media-amazon.com/images/W/WEBP_402378-T1/images/I/41A6EmdtN8L._SY300_SX300_QL70_FMwebp_.jpg,https://www.amazon.in/NEXOMS-Instant-Heating-Mounted-Stainless/dp/B07G147SZD/ref=sr_1_389?qid=1672923611&s=kitchen&sr=1-389,1,50.57792203678445,0,-1.4548143533524944,-0.20748061915934657,segmento misto
B09NTHQRW3,"InstaCuppa Portable Blender for Smoothie, Milk Shakes, Crushing Ice and Juices, USB Rechargeable Personal Blender Machine for Kitchen with 2000 mAh Rechargeable Battery, 150 Watt Motor, 400 ML",Home&Kitchen|Kitchen&HomeAppliances|SmallKitchenAppliances|HandBlenders,Home&Kitchen,Kitchen&HomeAppliances,1999.0,2499.0,20.0,4.1,1034.0,500.0,mid,medium,high,https://m.media-amazon.com/images/W/WEBP_402378-T2/images/I/312FrvLA2RL._SX300_SY300_QL70_FMwebp_.jpg,https://www.amazon.in/InstaCuppa-Portable-Smoothie-Crushing-Rechargeable/dp/B09NTHQRW3/ref=sr_1_140?qid=1672923597&s=kitchen&sr=1-140,1,50.5554848824704,0,-1.4647736371073778,-0.582654330857236,segmento misto
B0117H7GZ6,GENERIC Ultra-Mini Bluetooth CSR 4.0 USB Dongle Adapter for Windows Computer ( Black:Golden),Computers&Accessories|NetworkingDevices|NetworkAdapters|WirelessUSBAdapters,Computers&Accessories,NetworkingDevices,249.0,399.0,38.0,3.4,4642.0,150.0,budget,medium,high,https://m.media-amazon.com/images/I/41c5wGlZyPS._SX300_SY300_QL70_FMwebp_.jpg,https://www.amazon.in/GENERIC-Ultra-Mini-Bluetooth-Dongle-Adapter/dp/B0117H7GZ6/ref=sr_1_173_mod_primary_new?qid=1672909133&s=electronics&sbo=RZvfv%2F%2FHxDF%2BO5021pAnSA%3D%3D&sr=1-173,1,50.43667091468536,1,-2.051956205886081,1.3114728504260074,segmento misto
B0B467CCB9,Karbonn 80 cm (32 Inches) Millennium Series HD Ready LED TV KJW32NSHDF (Phantom Black) with Bezel-Less Design,"Electronics|HomeTheater,TV&Video|Televisions|StandardTelevisions",Electronics,"HomeTheater,TV&Video",6999.0,16990.0,59.0,3.8,110.0,9991.0,premium,high,medium,https://m.media-amazon.com/images/I/41YDz0uQZaL._SY300_SX300_QL70_FMwebp_.jpg,https://www.amazon.in/Karbonn-Millennium-KJW32NSHDF-Phantom-Bezel-Less/dp/B0B467CCB9/ref=sr_1_236?qid=1672909135&s=electronics&sr=1-236,1,50.34238713454178,1,-1.2872140900054758,0.6433830554371147,segmento misto
B09XHXXCFH,"AGARO Regal Electric Rice Cooker, 3L Ceramic Inner Bowl, Cooks Up to 600 Gms Raw Rice, SS Steamer, Preset Cooking Functions, Preset Timer, Keep Warm Function, LED Display, Black",Home&Kitchen|Kitchen&HomeAppliances|SmallKitchenAppliances|Rice&PastaCookers,Home&Kitchen,Kitchen&HomeAppliances,3685.0,5495.0,33.0,4.1,290.0,1810.0,premium,medium,medium,https://m.media-amazon.com/images/W/WEBP_402378-T2/images/I/417Fqdo6KJL._SX300_SY300_QL70_FMwebp_.jpg,https://www.amazon.in/AGARO-Regal-Electric-Ceramic-functions/dp/B09XHXXCFH/ref=sr_1_412?qid=1672923613&s=kitchen&sr=1-412,1,50.270333390089206,0,-1.2915723007264783,-0.3541283210546189,segmento misto
B00BN5SNF0,"ENVIE® (AA10004PLNi-CD) AA Rechargeable Batteries, Low Self Discharge, AA 1000mAh Ni-CD (Pack of 4)",Electronics|GeneralPurposeBatteries&BatteryChargers|RechargeableBatteries,Electronics,GeneralPurposeBatteries&BatteryChargers,250.0,250.0,0.0,3.9,13971.0,0.0,budget,low,high,https://m.media-amazon.com/images/I/41tcZ6fcJML._SX300_SY300_QL70_FMwebp_.jpg,https://www.amazon.in/Envie-1000-4PL-Ni-CD-Rechargeable/dp/B00BN5SNF0/ref=sr_1_276?qid=1672903008&s=computers&sr=1-276,1,50.24655402196859,0,-1.95336885992668,-0.6746328835355783,segmento misto
B00B7GKXMG,Wipro Smartlife Super Deluxe Dry Iron- 1000W,"Home&Kitchen|Kitchen&HomeAppliances|Vacuum,Cleaning&Ironing|Irons,Steamers&Accessories|Irons|DryIrons",Home&Kitchen,Kitchen&HomeAppliances,699.0,850.0,18.0,4.1,1106.0,151.0,mid,low,high,https://m.media-amazon.com/images/I/319pDZDL+sL._SY300_SX300_.jpg,https://www.amazon.in/Wipro-Smartlife-Super-Deluxe-Iron/dp/B00B7GKXMG/ref=sr_1_364?qid=1672923610&s=kitchen&sr=1-364,1,50.22193965889274,0,-1.508115420878081,-0.5329317444787492,segmento misto
B0B2DD8BQ8,Wipro Vesta Grill 1000 Watt Sandwich Maker |Dual function-SW Maker&Griller|Non stick Coat -BPA&PTFE Free |Auto Temp Cut-off| Height Control -180ᶿ&105ᶿ |2 year warranty|SS Finish|Standard size,Home&Kitchen|Kitchen&HomeAppliances|SmallKitchenAppliances|SandwichMakers,Home&Kitchen,Kitchen&HomeAppliances,2079.0,3099.0,33.0,4.1,282.0,1020.0,premium,medium,medium,https://m.media-amazon.com/images/I/31nbqS8FhKL._SX300_SY300_QL70_FMwebp_.jpg,https://www.amazon.in/Wipro-Sandwich-function-SW-warranty-Standard/dp/B0B2DD8BQ8/ref=sr_1_271?qid=1672923606&s=kitchen&sr=1-271,1,50.1881082137473,0,-1.2769356489068744,-0.22428598325998095,segmento misto
B0BNDD9TN6,WANBO X1 Pro (Upgraded) | Native 1080P Full HD | Android 9 | Projector for Home | LED Cinema | 350ANSI | 3900 lumens | WiFi Bluetooth | HDMI ARC | Dolby DTS | 4D Keystone Correction (Global Version),"Electronics|HomeTheater,TV&Video|Projectors",Electronics,"HomeTheater,TV&Video",13990.0,28900.0,52.0,4.5,7.0,14910.0,luxury,high,low,https://m.media-amazon.com/images/I/41hCikFvL7L._SY300_SX300_QL70_FMwebp_.jpg,https://www.amazon.in/WANBO-X1-Pro-Projector-Correction/dp/B0BNDD9TN6/ref=sr_1_466?qid=1672909147&s=electronics&sr=1-466,1,50.056211011181794,0,-0.5749111445670979,-1.3770002014628682,segmento misto
B09B125CFJ,7SEVEN® Compatible for Mi tv Remote Control Original Suitable with Smart Android 4K LED Non Voice Command Xiaomi Redmi Remote of 4A Model 32 43 55 65 inches,"Electronics|HomeTheater,TV&Video|Accessories|RemoteControls",Electronics,"HomeTheater,TV&Video",349.0,799.0,56.0,3.6,323.0,450.0,budget,high,medium,https://m.media-amazon.com/images/I/31x9nSr-rqL._SY300_SX300_QL70_FMwebp_.jpg,https://www.amazon.in/7SEVEN-Compatible-Non-Voice-Infrared-Universal/dp/B09B125CFJ/ref=sr_1_290?qid=1672909139&s=electronics&sr=1-290,1,50.03753876053744,1,-1.5448787562627422,1.4572814364585849,segmento misto
B091V8HK8Z,"Milton Go Electro 2.0 Stainless Steel Electric Kettle, 1 Piece, 2 Litres, Silver | Power Indicator | 1500 Watts | Auto Cut-off | Detachable 360 Degree Connector | Boiler for Water",Home&Kitchen|Kitchen&HomeAppliances|SmallKitchenAppliances|Kettles&HotWaterDispensers|ElectricKettles,Home&Kitchen,Kitchen&HomeAppliances,1345.0,1750.0,23.0,3.8,2466.0,405.0,mid,medium,high,https://m.media-amazon.com/images/W/WEBP_402378-T2/images/I/415mgfOmzUS._SX300_SY300_QL70_FMwebp_.jpg,https://www.amazon.in/Milton-Electric-Stainless-Kettle-Litres/dp/B091V8HK8Z/ref=sr_1_108?qid=1672923596&s=kitchen&sr=1-108,1,49.91541624941054,1,-1.8476332320721571,0.09161449951596932,segmento misto
B07FXLC2G2,"Tata Swach Bulb 6000-Litre Cartridge, 1 Piece, White, Hollow Fiber Membrane",Home&Kitchen|Kitchen&HomeAppliances|WaterPurifiers&Accessories|WaterFilters&Purifiers,Home&Kitchen,Kitchen&HomeAppliances,698.0,699.0,0.0,4.2,3160.0,1.0,mid,low,high,https://m.media-amazon.com/images/I/31N5vx+L1KL._SY300_SX300_.jpg,https://www.amazon.in/Tata-Swach-Bulb-6000-Litre-Cartridge/dp/B07FXLC2G2/ref=sr_1_183?qid=1672923600&s=kitchen&sr=1-183,1,49.86290087857597,0,-1.6926534430353306,-1.219502904839893,segmento misto
B09VL9KFDB,Havells Gatik Neo 400mm Pedestal Fan (Aqua Blue),"Home&Kitchen|Heating,Cooling&AirQuality|Fans|TableFans",Home&Kitchen,"Heating,Cooling&AirQuality",2399.0,4200.0,43.0,3.8,397.0,1801.0,premium,medium,medium,https://m.media-amazon.com/images/I/31jWfV8N6+L._SY300_SX300_.jpg,https://www.amazon.in/Havells-Gatik-400mm-Pedestal-White/dp/B09VL9KFDB/ref=sr_1_333?qid=1672923609&s=kitchen&sr=1-333,1,49.853524030034905,1,-1.5402027782375283,0.5694479903019115,segmento misto
B0989W6J2F,ENEM Sealing Machine | 12 Inch (300 mm) | 1 Year Warranty | Full Customer Support | Beep Sound Function | Plastic Packing Machine | Plastic Bag Sealing Machine | Heat Sealer Machine | Plastic Sealing Machine | Blue | Made in India,Home&Kitchen|Kitchen&HomeAppliances|SmallKitchenAppliances|VacuumSealers,Home&Kitchen,Kitchen&HomeAppliances,1595.0,1799.0,11.0,4.0,2877.0,204.0,mid,low,high,https://m.media-amazon.com/images/W/WEBP_402378-T2/images/I/418ML1Yn1cL._SX300_SY300_QL70_FMwebp_.jpg,https://www.amazon.in/Sealing-Machine-Warranty-Function-Plastic/dp/B0989W6J2F/ref=sr_1_226?qid=1672923603&s=kitchen&sr=1-226,1,49.84511132251201,0,-1.7892750248496452,-0.6242631146110172,segmento misto
B09VPH38JS,SaleOn Instant Coal Heater 500W Charcoal Burner Electric Stove Hot Plate - Mix Colors - Pack of 1 - Only Charcoal Heater,Home&Kitchen|Kitchen&HomeAppliances|SmallKitchenAppliances|InductionCooktop,Home&Kitchen,Kitchen&HomeAppliances,697.0,1499.0,54.0,3.8,144.0,802.0,mid,high,medium,https://m.media-amazon.com/images/W/WEBP_402378-T2/images/I/51kEztAe73L._SX300_SY300_QL70_FMwebp_.jpg,https://www.amazon.in/SaleOn-Charcoal-Electric-Appliances-Mix-colors/dp/B09VPH38JS/ref=sr_1_384?qid=1672923611&s=kitchen&sr=1-384,1,49.80075340321913,1,-1.3333876336532902,1.0139322765167873,segmento misto
B00LY17RHI,Camlin Elegante Fountain Pen - Black/Blue/Red,"OfficeProducts|OfficePaperProducts|Paper|Stationery|Pens,Pencils&WritingSupplies|Pens&Refills|FountainPens",OfficeProducts,OfficePaperProducts,225.0,225.0,0.0,4.1,4798.0,0.0,budget,low,high,https://m.media-amazon.com/images/W/WEBP_402378-T2/images/I/21C8ziy-IJL._SX300_SY300_QL70_FMwebp_.jpg,https://www.amazon.in/Camlin-Elegante-Fountain-Pen-Black/dp/B00LY17RHI/ref=sr_1_476?qid=1672903018&s=computers&sr=1-476,1,49.76109749845947,0,-1.8135693645873279,-1.0055892896410379,segmento misto
B0BG62HMDJ,"Cablet 2.5 Inch SATA USB 3.0 HDD/SSD Portable External Enclosure for 7mm and 9.5mm, Tool-Free Design, Supports UASP Max 6TB",Computers&Accessories|ExternalDevices&DataStorage|ExternalHardDisks,Computers&Accessories,ExternalDevices&DataStorage,499.0,775.0,36.0,4.3,74.0,276.0,budget,medium,low,https://m.media-amazon.com/images/W/WEBP_402378-T1/images/I/41YEYCsXI8L._SX300_SY300_QL70_FMwebp_.jpg,https://www.amazon.in/Cablet-Portable-External-Enclosure-Tool-Free/dp/B0BG62HMDJ/ref=sr_1_391?qid=1672903014&s=computers&sr=1-391,1,49.73565060163087,0,-0.9705359464952678,-0.3722729686253987,segmento misto
B07VSG5SXZ,"ZEBRONICS HAA2021 HDMI version 2.1 cable with 8K @ 60Hz, 4K @ 120Hz, eARC & CEC support, 3D compatible, 2 meters length, 48Gbps max and Gold-plated connectors","Electronics|HomeTheater,TV&Video|Accessories|Cables|HDMICables",Electronics,"HomeTheater,TV&Video",637.0,1499.0,58.0,4.1,24.0,862.0,mid,high,low,https://m.media-amazon.com/images/W/WEBP_402378-T2/images/I/31fpyR3mU4L._SX300_SY300_QL70_FMwebp_.jpg,https://www.amazon.in/Zeb-HAA2021-HDMI-Meter-Cable/dp/B07VSG5SXZ/ref=sr_1_177?qid=1672909133&s=electronics&sr=1-177,1,49.67954009837228,1,-0.866728897041843,0.5898808395127668,segmento misto
B09GBBJV72,"HP 330 Wireless Black Keyboard and Mouse Set with Numeric Keypad, 2.4GHz Wireless Connection and 1600 DPI, USB Receiver, LED Indicators , Black(2V9E6AA)","Computers&Accessories|Accessories&Peripherals|Keyboards,Mice&InputDevices|Keyboard&MouseSets",Computers&Accessories,Accessories&Peripherals,1409.0,2199.0,36.0,3.9,427.0,790.0,mid,medium,medium,https://m.media-amazon.com/images/W/WEBP_402378-T2/images/I/31hqtiqWTaL._SX300_SY300_QL70_FMwebp_.jpg,https://www.amazon.in/HP-330-Wireless-Keyboard-Mouse/dp/B09GBBJV72/ref=sr_1_398?qid=1672903014&s=computers&sr=1-398,1,49.53950888140562,1,-1.5376134276782545,0.2747465443013718,segmento misto
B09LV1CMGH,"Lifelong LLFH921 Regalia 2000 W Fan Heater, 3 Air Settings, Room Heater with Overheating Protection, 1 Year Warranty ( White, (ISI Certified, Ideal for small to medium room/area)","Home&Kitchen|Heating,Cooling&AirQuality|RoomHeaters|FanHeaters",Home&Kitchen,"Heating,Cooling&AirQuality",899.0,2000.0,55.0,3.6,291.0,1101.0,mid,high,medium,https://images-na.ssl-images-amazon.com/images/W/WEBP_402378-T1/images/I/41d17oVYVeL._SX300_SY300_QL70_FMwebp_.jpg,https://www.amazon.in/Lifelong-LLFH921-Overheating-Protection-Certified/dp/B09LV1CMGH/ref=sr_1_70?qid=1672923593&s=kitchen&sr=1-70,1,49.46484938712016,1,-1.6154386533339016,1.3862626939309926,segmento misto
B07SBGFDX9,"Pentonic Multicolor Ball Point Pen, Pack of 10","OfficeProducts|OfficePaperProducts|Paper|Stationery|Pens,Pencils&WritingSupplies|Pens&Refills|StickBallpointPens",OfficeProducts,OfficePaperProducts,120.0,120.0,0.0,4.1,4308.0,0.0,budget,low,high,https://m.media-amazon.com/images/I/410DCX0vt4L._SX300_SY300_QL70_FMwebp_.jpg,https://www.amazon.in/Linc-Ball-Point-Pentonic-Multicolor/dp/B07SBGFDX9/ref=sr_1_291?qid=1672903010&s=computers&sr=1-291,1,49.443416545971,0,-1.8424541899140952,-0.9950624396731376,segmento misto
B0B5KZ3C53,"KENT Smart Multi Cooker Cum Kettle 1.2 Liter 800 Watts, Electric Cooker with Steamer & Boiler for Idlis, Instant Noodles, Momos, Eggs, & Steam Vegetables, Inner Stainless Steel & Cool Touch Outer Body",Home&Kitchen|Kitchen&HomeAppliances|SmallKitchenAppliances|Rice&PastaCookers,Home&Kitchen,Kitchen&HomeAppliances,1599.0,2900.0,45.0,3.7,441.0,1301.0,mid,medium,medium,https://m.media-amazon.com/images/W/WEBP_402378-T2/images/I/31tiptnSbZL._SX300_SY300_QL70_FMwebp_.jpg,https://www.amazon.in/KENT-Electric-Steamer-Vegetables-Stainless/dp/B0B5KZ3C53/ref=sr_1_139?qid=1672923597&s=kitchen&sr=1-139,1,49.36139828359508,1,-1.6693491602266626,0.87083912369434,segmento misto
B00H0B29DI,USHA Heat Convector 812 T 2000-Watt with Instant Heating Feature (Black),"Home&Kitchen|Heating,Cooling&AirQuality|RoomHeaters|HeatConvectors",Home&Kitchen,"Heating,Cooling&AirQuality",2199.0,2990.0,26.0,3.8,1558.0,791.0,premium,medium,high,https://m.media-amazon.com/images/I/41A8H7PSidL._SY300_SX300_QL70_FMwebp_.jpg,https://www.amazon.in/Usha-Convector-2000-Watt-Instant-Heating/dp/B00H0B29DI/ref=sr_1_111?qid=1672923596&s=kitchen&sr=1-111,1,49.35952827346216,1,-1.860324398136942,0.10992224287354133,segmento misto
B0941392C8,"Lava Charging Adapter Elements D3 2A Fast Charging Speed Usb Type C Data Cable, White",Computers&Accessories|Accessories&Peripherals|Cables&Accessories|Cables|USBCables,Computers&Accessories,Accessories&Peripherals,129.0,449.0,71.0,3.7,41.0,320.0,budget,high,low,https://m.media-amazon.com/images/I/31VRCXh9kQS._SX300_SY300_QL70_FMwebp_.jpg,https://www.amazon.in/Lava-Elements-Charging-Speed-Type-C/dp/B0941392C8/ref=sr_1_467?qid=1672909147&s=electronics&sr=1-467,1,49.3339070416497,1,-1.2045571531354908,1.7145682863936273,segmento misto
B07VV37FT4,Classmate Octane Neon- 25 Blue Gel Pens | Smooth Writing Pens| Water-proof Ink For Smudge-free Writing| Preferred By Students For Exam & Class Notes| Study At Home Essential,"OfficeProducts|OfficePaperProducts|Paper|Stationery|Pens,Pencils&WritingSupplies|Pens&Refills|GelInkRollerballPens",OfficeProducts,OfficePaperProducts,250.0,250.0,0.0,4.2,2628.0,0.0,budget,low,high,https://m.media-amazon.com/images/W/WEBP_402378-T2/images/I/41rm-mc937L._SX300_SY300_QL70_FMwebp_.jpg,https://www.amazon.in/Classmate-Octane-Pen-Neon-Refills/dp/B07VV37FT4/ref=sr_1_340?qid=1672903012&s=computers&sr=1-340,1,49.31932732050177,0,-1.7354047103960946,-1.1807166230451185,segmento misto
B0B84KSH3X,Wipro Vesta 1200 Watt GD203 Heavyweight Automatic Dry Iron| Quick Heat Up| Anti bacterial German Weilburger Double Coated Black Soleplate |2 Years Warranty,"Home&Kitchen|Kitchen&HomeAppliances|Vacuum,Cleaning&Ironing|Irons,Steamers&Accessories|Irons|DryIrons",Home&Kitchen,Kitchen&HomeAppliances,1049.0,1950.0,46.0,3.8,250.0,901.0,mid,medium,medium,https://m.media-amazon.com/images/I/41+HYuF5ToL._SY300_SX300_.jpg,https://www.amazon.in/Heavyweight-Automatic-bacterial-Weilburger-Soleplate/dp/B0B84KSH3X/ref=sr_1_227?qid=1672923603&s=kitchen&sr=1-227,1,49.291616379402456,1,-1.5164446215051886,0.7634933762119032,segmento misto
B01M265AAK,Morphy Richards Aristo 2000 Watts PTC Room Heater (White),"Home&Kitchen|Heating,Cooling&AirQuality|RoomHeaters|ElectricHeaters",Home&Kitchen,"Heating,Cooling&AirQuality",3711.0,4495.0,17.0,4.3,356.0,784.0,premium,low,medium,https://m.media-amazon.com/images/W/WEBP_402378-T2/images/I/41nYaR0z9fL._SX300_SY300_QL70_FMwebp_.jpg,https://www.amazon.in/Morphy-Richards-Aristo-PTC-Heater/dp/B01M265AAK/ref=sr_1_285?qid=1672923606&s=kitchen&sr=1-285,1,49.28462366344335,0,-1.3760985708009175,-1.160471633476785,segmento misto
B08T8KWNQ9,TE™ Instant Electric Heating Hot and Cold Water Geyser Tap Water with Digital Display (White),"Home&Kitchen|Heating,Cooling&AirQuality|WaterHeaters&Geysers|InstantWaterHeaters",Home&Kitchen,"Heating,Cooling&AirQuality",1449.0,4999.0,71.0,3.6,63.0,3550.0,mid,high,low,https://m.media-amazon.com/images/W/WEBP_402378-T2/images/I/51fYpZRmZ2L._SX300_SY300_QL70_FMwebp_.jpg,https://www.amazon.in/Tvara-Enterprise-Instant-Electric-Heating/dp/B08T8KWNQ9/ref=sr_1_407?qid=1672923612&s=kitchen&sr=1-407,1,49.24300061072856,1,-1.364798098876924,1.7883977247471836,segmento misto
B09CTRPSJR,"Storio Kids Toys LCD Writing Tablet 8.5Inch E-Note Pad Best Birthday Gift for Girls Boys, Multicolor (SC1667)","Computers&Accessories|Accessories&Peripherals|Keyboards,Mice&InputDevices|GraphicTablets",Computers&Accessories,Accessories&Peripherals,217.0,237.0,8.0,3.8,7354.0,20.0,budget,low,high,https://m.media-amazon.com/images/I/51YTmlApiXL._SX300_SY300_QL70_FMwebp_.jpg,https://www.amazon.in/Storio-Writing-Tablet-8-5Inch-Birthday/dp/B09CTRPSJR/ref=sr_1_7?qid=1672902995&s=computers&sr=1-7,1,49.14817189780879,0,-2.104532661473263,-0.24759087422906206,segmento misto
B0B82YGCF6,"Tokdis MX-1 Pro Bluetooth Calling Smartwatch - 1.69” LCD Display, Multiple Watch Faces, Sleep Monitor, Heart & SpO2 Monitoring, Multiple Sports Modes, Water Resistant",Electronics|WearableTechnology|SmartWatches,Electronics,WearableTechnology,899.0,3499.0,74.0,3.0,681.0,2600.0,mid,high,medium,https://m.media-amazon.com/images/I/31M4nb0+JKL._SY300_SX300_.jpg,https://www.amazon.in/Tokdis-MX-1-Bluetooth-Calling-Smartwatch/dp/B0B82YGCF6/ref=sr_1_370?qid=1672895857&s=electronics&sr=1-370,1,49.02014688926663,1,-2.1313728973651704,2.9966518488475993,segmento misto
B09KRHXTLN,"Candes Gloster All in One Silent Blower Fan Room Heater Ideal for Small and Medium Area, 2000 Watts (White)","Home&Kitchen|Heating,Cooling&AirQuality|RoomHeaters|FanHeaters",Home&Kitchen,"Heating,Cooling&AirQuality",1069.0,1699.0,37.0,3.9,313.0,630.0,mid,medium,medium,https://m.media-amazon.com/images/I/41IJvfYMaZL._SY300_SX300_QL70_FMwebp_.jpg,https://www.amazon.in/Candes-Gloster-Silent-Blower-Heater/dp/B09KRHXTLN/ref=sr_1_297?qid=1672923607&s=kitchen&sr=1-297,1,48.8918745822369,1,-1.568452484098907,0.3316457100526865,segmento misto
B09LRZYBH1,"KRISONS Thunder Speaker, Multimedia Home Theatre, Floor Standing Speaker, LED Display with Bluetooth, FM, USB, Micro SD Card, AUX Connectivity",Electronics|HomeAudio|Speakers|TowerSpeakers,Electronics,HomeAudio,2299.0,3999.0,43.0,3.8,282.0,1700.0,premium,medium,medium,https://m.media-amazon.com/images/W/WEBP_402378-T1/images/I/41zEHNLyhKL._SX300_SY300_QL70_FMwebp_.jpg,https://www.amazon.in/KRISONS-Multimedia-Standing-Bluetooth-Connectivity/dp/B09LRZYBH1/ref=sr_1_388?qid=1672909144&s=electronics&sr=1-388,1,48.84768268183241,1,-1.6201100151016221,0.5798418974477441,segmento misto
B08XMSKKMM,7SEVEN® Bluetooth Voice Command Remote for Xiaomi Redmi Mi Smart TV with Netflix & Prime Video Hot Keys XMRM-00A,"Electronics|HomeTheater,TV&Video|Accessories|RemoteControls",Electronics,"HomeTheater,TV&Video",799.0,1999.0,60.0,3.3,576.0,1200.0,mid,high,medium,https://m.media-amazon.com/images/W/WEBP_402378-T2/images/I/21Nw+BXh1kS._SY300_SX300_.jpg,https://www.amazon.in/7SEVEN-Bluetooth-Command-Netflix-XMRM-00A/dp/B08XMSKKMM/ref=sr_1_199?qid=1672909134&s=electronics&sr=1-199,1,48.80360048641062,1,-1.9842595844920297,2.0748568005256303,segmento misto
B07NRTCDS5,Brayden Fito Atom Rechargeable Smoothie Blender with 2000 mAh Battery and 3.7V Motor with 400ml Tritan Jar (Blue),Home&Kitchen|Kitchen&HomeAppliances|SmallKitchenAppliances|JuicerMixerGrinders,Home&Kitchen,Kitchen&HomeAppliances,1199.0,1499.0,20.0,3.8,2206.0,300.0,mid,medium,high,https://m.media-amazon.com/images/W/WEBP_402378-T2/images/I/31SFYZqCSeL._SX300_SY300_QL70_FMwebp_.jpg,https://www.amazon.in/Brayden-Portable-Smoothie-Blender-Rechargeable/dp/B07NRTCDS5/ref=sr_1_190?qid=1672923600&s=kitchen&sr=1-190,1,48.78904661912608,1,-1.990107901894636,0.022861490023020715,segmento misto
B00P93X2H6,"Classmate Pulse Spiral Notebook - 240 mm x 180 mm, Soft Cover, 200 Pages, Unruled","OfficeProducts|OfficePaperProducts|Paper|Stationery|Notebooks,WritingPads&Diaries|CompositionNotebooks",OfficeProducts,OfficePaperProducts,67.0,75.0,11.0,4.1,1269.0,8.0,budget,low,high,https://m.media-amazon.com/images/W/WEBP_402378-T1/images/I/51o0rLZiIjL._SX300_SY300_QL70_FMwebp_.jpg,https://www.amazon.in/Classmate-Pulse-Spiral-Notebook-Unruled/dp/B00P93X2H6/ref=sr_1_248?qid=1672903007&s=computers&sr=1-248,1,48.76540927266007,0,-1.7356034917800012,-0.6743839158293728,segmento misto
B0B2DZ5S6R,"Amazon Basics 1500 W Electric Kettle (Stainless Steel Body, 1.5 L)",Home&Kitchen|Kitchen&HomeAppliances|SmallKitchenAppliances|Kettles&HotWaterDispensers|Kettle&ToasterSets,Home&Kitchen,Kitchen&HomeAppliances,749.0,1299.0,42.0,4.0,119.0,550.0,mid,medium,medium,https://m.media-amazon.com/images/I/41twHEBU-LL._SX300_SY300_QL70_FMwebp_.jpg,https://www.amazon.in/Amazon-Basics-Electric-Kettle-Stainless/dp/B0B2DZ5S6R/ref=sr_1_63?qid=1672923593&s=kitchen&sr=1-63,1,48.71773546773809,1,-1.357454474171122,0.31730577170508506,segmento misto
B0BMGG6NKT,"Samsung Galaxy M04 Dark Blue, 4GB RAM, 128GB Storage | Upto 8GB RAM with RAM Plus | MediaTek Helio P35 | 5000 mAh Battery",Electronics|Mobiles&Accessories|Smartphones&BasicMobiles|Smartphones,Electronics,Mobiles&Accessories,10499.0,13499.0,22.0,4.2,284.0,3000.0,luxury,medium,medium,https://m.media-amazon.com/images/I/41kg-+XWoxL._SY300_SX300_.jpg,https://www.amazon.in/Samsung-Galaxy-Storage-MediaTek-Battery/dp/B0BMGG6NKT/ref=sr_1_140?qid=1672895784&s=electronics&sr=1-140,1,48.61668181093639,0,-1.5687758930894085,-1.387476508935123,segmento misto
B009DA69W6,KENT Gold Optima Gravity Water Purifier (11016) | UF Technology Based | Non-Electric & Chemical Free | Counter Top | 10L Storage | White,Home&Kitchen|Kitchen&HomeAppliances|WaterPurifiers&Accessories|WaterFilters&Purifiers,Home&Kitchen,Kitchen&HomeAppliances,1699.0,1900.0,11.0,3.6,11456.0,201.0,mid,low,high,https://m.media-amazon.com/images/W/WEBP_402378-T1/images/I/31A-v4dVHmL._SX300_SY300_QL70_FMwebp_.jpg,https://www.amazon.in/Gold-Optima-10-Litres-Non-electric-Purifier/dp/B009DA69W6/ref=sr_1_196?qid=1672923600&s=kitchen&sr=1-196,1,48.58671736909496,1,-2.346476611281482,0.06604606663700255,segmento misto
B08RHPDNVV,7SEVEN® Compatible Tata Sky Remote Control Replacement of Original dth SD HD tata Play Set top Box Remote - IR Learning Universal Remote for Any Brand TV - Pairing Must,"Electronics|HomeTheater,TV&Video|Accessories|RemoteControls",Electronics,"HomeTheater,TV&Video",235.0,599.0,61.0,3.5,197.0,364.0,budget,high,medium,https://m.media-amazon.com/images/W/WEBP_402378-T1/images/I/317Uu2STldL._SX300_SY300_QL70_FMwebp_.jpg,https://www.amazon.in/Tata-Remote-Control-Compatible-tatasky/dp/B08RHPDNVV/ref=sr_1_232?qid=1672909135&s=electronics&sr=1-232,1,48.581365704556056,1,-1.709465499794612,1.7892073018467043,segmento misto
B09F5Z694W,"Canon E4570 All-in-One Wi-Fi Ink Efficient Colour Printer with FAX/ADF/Duplex Printing (Black)- Smart Speaker Compatible, Standard","Computers&Accessories|Printers,Inks&Accessories|Printers|InkjetPrinters",Computers&Accessories,"Printers,Inks&Accessories",8349.0,9625.0,13.0,3.8,3652.0,1276.0,premium,low,high,https://m.media-amazon.com/images/W/WEBP_402378-T1/images/I/31AZelC8URL._SX300_SY300_QL70_FMwebp_.jpg,https://www.amazon.in/Canon-E4570-Efficient-Printing-Compatible/dp/B09F5Z694W/ref=sr_1_485?qid=1672903019&s=computers&sr=1-485,1,48.4137097978617,0,-2.221505610517272,-0.7527125101995213,segmento misto
B07LFQLKFZ,Parker Moments Vector Timecheck Gold Trim Roller Ball Pen (Black),"OfficeProducts|OfficePaperProducts|Paper|Stationery|Pens,Pencils&WritingSupplies|Pens&Refills|LiquidInkRollerballPens",OfficeProducts,OfficePaperProducts,420.0,420.0,0.0,4.2,1926.0,0.0,budget,low,high,https://m.media-amazon.com/images/W/WEBP_402378-T1/images/I/31-wcLwDaBL._SX300_SY300_QL70_FMwebp_.jpg,https://www.amazon.in/Parker-Moments-Vector-Timecheck-Roller/dp/B07LFQLKFZ/ref=sr_1_470?qid=1672903018&s=computers&sr=1-470,1,48.40305451170372,0,-1.8177340967108226,-1.1905934716696407,segmento misto
B09VH568H7,Amazon Brand - Solimo 3A Fast Charging Tough Type C USB Data Cable  – 1 Meter,Computers&Accessories|Accessories&Peripherals|Cables&Accessories|Cables|USBCables,Computers&Accessories,Accessories&Peripherals,119.0,299.0,60.0,3.8,51.0,180.0,budget,high,low,https://m.media-amazon.com/images/I/21pqzUPpJNL._SY300_SX300_QL70_FMwebp_.jpg,https://www.amazon.in/Amazon-Brand-Solimo-Charging-Cable/dp/B09VH568H7/ref=sr_1_415?qid=1672909145&s=electronics&sr=1-415,1,48.37167456960284,1,-1.3362168446153333,1.2307277811353832,segmento misto
B0BMGB3CH9,"Samsung Galaxy M04 Dark Blue, 4GB RAM, 64GB Storage | Upto 8GB RAM with RAM Plus | MediaTek Helio P35 | 5000 mAh Battery",Electronics|Mobiles&Accessories|Smartphones&BasicMobiles|Smartphones,Electronics,Mobiles&Accessories,9499.0,11999.0,21.0,4.2,284.0,2500.0,premium,medium,medium,https://m.media-amazon.com/images/I/41kg-+XWoxL._SY300_SX300_.jpg,https://www.amazon.in/Samsung-Galaxy-Storage-MediaTek-Battery/dp/B0BMGB3CH9/ref=sr_1_17?qid=1672895748&s=electronics&sr=1-17,1,48.35072436412787,0,-1.594074109185307,-1.3340583542690065,segmento misto
B0BMGB2TPR,"Samsung Galaxy M04 Light Green, 4GB RAM, 64GB Storage | Upto 8GB RAM with RAM Plus | MediaTek Helio P35 | 5000 mAh Battery",Electronics|Mobiles&Accessories|Smartphones&BasicMobiles|Smartphones,Electronics,Mobiles&Accessories,9499.0,11999.0,21.0,4.2,284.0,2500.0,premium,medium,medium,https://m.media-amazon.com/images/I/41IcuNkyrdL._SX300_SY300_QL70_ML2_.jpg,https://www.amazon.in/Samsung-Galaxy-Storage-MediaTek-Battery/dp/B0BMGB2TPR/ref=sr_1_23?qid=1672895748&s=electronics&sr=1-23,1,48.35072436412787,0,-1.594074109185307,-1.3340583542690065,segmento misto
B08D9NDZ1Y,"HP Deskjet 2331 Colour Printer, Scanner and Copier for Home/Small Office, Compact Size, Reliable, Easy Set-Up Through Smart App On Your Pc Connected Through USB, Ideal for Home.","Computers&Accessories|Printers,Inks&Accessories|Printers",Computers&Accessories,"Printers,Inks&Accessories",3999.0,4332.96,8.0,3.5,21762.0,333.96000000000004,premium,low,high,https://m.media-amazon.com/images/I/31df-HkJJ7L._SX300_SY300_QL70_FMwebp_.jpg,https://www.amazon.in/HP-DeskJet-Inkjet-Colour-Printer/dp/B08D9NDZ1Y/ref=sr_1_317?qid=1672903011&s=computers&sr=1-317,1,48.34802954453559,1,-2.4788525775943167,-0.05232348043807409,segmento misto
B09XJ1LM7R,7SEVEN® Compatible for Tata Sky Remote Original Set Top HD Box and Suitable for SD Tata Play setup Box Remote Control,"Electronics|HomeTheater,TV&Video|Accessories|RemoteControls",Electronics,"HomeTheater,TV&Video",399.0,799.0,50.0,4.3,12.0,400.0,budget,medium,low,https://m.media-amazon.com/images/W/WEBP_402378-T2/images/I/31IS376AeYL._SX300_SY300_QL70_FMwebp_.jpg,https://www.amazon.in/7SEVEN%C2%AE-Compatible-Control-Replacement-Original/dp/B09XJ1LM7R/ref=sr_1_174?qid=1672909133&s=electronics&sr=1-174,1,48.28970136139436,0,-0.8417699113083349,0.0285946157637416,segmento misto
B08XLR6DSB,"akiara - Makes life easy Electric Handy Sewing/Stitch Handheld Cordless Portable White Sewing Machine for Home Tailoring, Hand Machine | Mini Silai | White Hand Machine with Adapter",Home&Kitchen|Kitchen&HomeAppliances|SewingMachines&Accessories|Sewing&EmbroideryMachines,Home&Kitchen,Kitchen&HomeAppliances,721.0,1499.0,52.0,3.1,2449.0,778.0,mid,high,high,https://m.media-amazon.com/images/I/519Sexv76CL._SY300_SX300_QL70_FMwebp_.jpg,https://www.amazon.in/Akiara-Electric-Handheld-Cordless-Tailoring/dp/B08XLR6DSB/ref=sr_1_270?qid=1672923605&s=kitchen&sr=1-270,1,48.27445268395041,1,-2.416730942285917,2.214604861740153,segmento misto
B07H5PBN54,"INDIAS®™ Electro-Instant Water Geyser A.B.S. Body Shock Proof Can be Used in Bathroom, Kitchen, wash Area, Hotels, Hospital etc.","Home&Kitchen|Heating,Cooling&AirQuality|WaterHeaters&Geysers|InstantWaterHeaters",Home&Kitchen,"Heating,Cooling&AirQuality",999.0,2600.0,62.0,3.4,252.0,1601.0,mid,high,medium,https://m.media-amazon.com/images/I/41OXzplcjtL._SX300_SY300_QL70_FMwebp_.jpg,https://www.amazon.in/Indias-Instant-Bathroom-Kitchen-Hospital/dp/B07H5PBN54/ref=sr_1_246?qid=1672923605&s=kitchen&sr=1-246,1,48.23701213687001,1,-1.864813557149348,1.936168817447581,segmento misto
B0BBFJ9M3X,"Redmi 11 Prime 5G (Meadow Green, 4GB RAM 64GB ROM) | Prime Design | MTK Dimensity 700 | 50 MP Dual Cam | 5000mAh | 7 Band 5G",Electronics|Mobiles&Accessories|Smartphones&BasicMobiles|Smartphones,Electronics,Mobiles&Accessories,13999.0,15999.0,13.0,3.9,2180.0,2000.0,luxury,low,high,https://m.media-amazon.com/images/I/41gQbaGlXrL._SX300_SY300_QL70_ML2_.jpg,https://www.amazon.in/Redmi-Meadow-Design-Dimensity-5000mAh/dp/B0BBFJ9M3X/ref=sr_1_179?qid=1672895799&s=electronics&sr=1-179,1,48.22572273614283,0,-2.190507062249515,-1.3844887189620387,segmento misto
B0BBFJLP21,"Redmi 11 Prime 5G (Thunder Black, 4GB RAM, 64GB Storage) | Prime Design | MTK Dimensity 700 | 50 MP Dual Cam | 5000mAh | 7 Band 5G",Electronics|Mobiles&Accessories|Smartphones&BasicMobiles|Smartphones,Electronics,Mobiles&Accessories,13999.0,15999.0,13.0,3.9,2180.0,2000.0,luxury,low,high,https://m.media-amazon.com/images/I/412VyMavsJL._SX300_SY300_QL70_ML2_.jpg,https://www.amazon.in/Redmi-Thunder-Storage-Dimensity-5000mAh/dp/B0BBFJLP21/ref=sr_1_255?qid=1672895821&s=electronics&sr=1-255,1,48.22572273614283,0,-2.190507062249515,-1.3844887189620387,segmento misto
B097ZQTDVZ,7SEVEN® TCL Remote Control Smart TV RC802V Remote Compatible for TCL TV Remote Original 55EP680 40A325 49S6500 55P8S 55P8 50P8 65P8 40S6500 43S6500FS 49S6800FS 49S6800 49S6510FS(Without Voice Function/Google Assistant and Non-Bluetooth remote),"Electronics|HomeTheater,TV&Video|Accessories|RemoteControls",Electronics,"HomeTheater,TV&Video",399.0,899.0,56.0,3.4,431.0,500.0,budget,high,medium,https://m.media-amazon.com/images/I/31DRQ+kgWaL._SY300_SX300_.jpg,https://www.amazon.in/RC802V-Compatible-43S6500FS-49S6800FS-Non-Bluetooth/dp/B097ZQTDVZ/ref=sr_1_258?qid=1672909136&s=electronics&sr=1-258,1,48.21942983428166,1,-1.9606599354867311,1.817084316376582,segmento misto
B08QHLXWV3,Kenstar 2400 Watts 9 Fins Oil Filled Radiator with PTC Fan Heater (BLACK GOLD),"Home&Kitchen|Heating,Cooling&AirQuality|RoomHeaters|FanHeaters",Home&Kitchen,"Heating,Cooling&AirQuality",6850.0,11990.0,43.0,3.9,144.0,5140.0,premium,medium,medium,https://m.media-amazon.com/images/W/WEBP_402378-T2/images/I/41g0U0-t1RL._SX300_SY300_QL70_FMwebp_.jpg,https://www.amazon.in/Kenstar-Watts-Filled-Radiator-Heater/dp/B08QHLXWV3/ref=sr_1_388?qid=1672923611&s=kitchen&sr=1-388,1,48.20855482165885,1,-1.5968873660913872,0.03380959234690541,segmento misto
B09H34V36W,"Inalsa Electric Fan Heater Hotty - 2000 Watts Variable Temperature Control Cool/Warm/Hot Air Selector | Over Heat Protection | ISI Certification, White","Home&Kitchen|Heating,Cooling&AirQuality|RoomHeaters|FanHeaters",Home&Kitchen,"Heating,Cooling&AirQuality",1349.0,2495.0,46.0,3.8,166.0,1146.0,mid,medium,medium,https://m.media-amazon.com/images/W/WEBP_402378-T2/images/I/411uVIJr+QL._SY300_SX300_.jpg,https://www.amazon.in/Inalsa-Electric-Heater-Hotty-Certification/dp/B09H34V36W/ref=sr_1_298_mod_primary_new?qid=1672923607&s=kitchen&sbo=RZvfv%2F%2FHxDF%2BO5021pAnSA%3D%3D&sr=1-298,1,48.08975978497372,1,-1.6169339795407904,0.7418914013005045,segmento misto
B0BD92GDQH,"OnePlus Nord Watch with 1.78” AMOLED Display, 60 Hz Refresh Rate, 105 Fitness Modes, 10 Days Battery, SPO2, Heart Rate, Stress Monitor, Women Health Tracker & Multiple Watch Face [Midnight Black]",Electronics|WearableTechnology|SmartWatches,Electronics,WearableTechnology,4999.0,6999.0,29.0,3.8,758.0,2000.0,premium,medium,medium,https://m.media-amazon.com/images/I/31OgHTags6L._SX300_SY300_QL70_ML2_.jpg,https://www.amazon.in/OnePlus-Display-Refresh-Multiple-Midnight/dp/B0BD92GDQH/ref=sr_1_231?qid=1672895814&s=electronics&sr=1-231,1,48.03425739190165,1,-1.9589195624362543,-0.027669599288523555,segmento misto
B00LUGTJGO,Bajaj RHX-2 800-Watt Room Heater (White),"Home&Kitchen|Heating,Cooling&AirQuality|RoomHeaters|ElectricHeaters",Home&Kitchen,"Heating,Cooling&AirQuality",1399.0,1549.0,10.0,3.9,2602.0,150.0,mid,low,high,https://m.media-amazon.com/images/I/519JHuNt1RL._SX300_SY300_QL70_FMwebp_.jpg,https://www.amazon.in/Bajaj-RHX-2-800-Watt-Room-Heater/dp/B00LUGTJGO/ref=sr_1_17?qid=1672923591&s=kitchen&sr=1-17,1,47.94958558128607,0,-2.0934768535439807,-0.4514560277386285,segmento misto
B09BF8JBWX,"Lava A1 Josh 21(Blue Silver) -Dual Sim,Call Blink Notification,Military Grade Certified with 4 Day Battery Backup, Keypad Mobile",Electronics|Mobiles&Accessories|Smartphones&BasicMobiles|BasicMobiles,Electronics,Mobiles&Accessories,1055.0,1249.0,16.0,3.8,2352.0,194.0,mid,low,high,https://m.media-amazon.com/images/I/41ynwpRq+kL._SY300_SX300_.jpg,https://www.amazon.in/Lava-Notfication-recoding-Military-Certified/dp/B09BF8JBWX/ref=sr_1_411?qid=1672895872&s=electronics&sr=1-411,1,47.91416168980259,0,-2.125827115853712,-0.07556817633703615,segmento misto
B08YXJJW8H,"LUNAGARIYA®, Protective Case Compatible with JIO Settop Box Remote Control,PU Leather Cover Holder (Before Placing Order,Please Compare The Dimensions of The Product with Your Remote)","Electronics|HomeTheater,TV&Video|Accessories|RemoteControls",Electronics,"HomeTheater,TV&Video",247.0,399.0,38.0,3.9,200.0,152.0,budget,medium,medium,https://m.media-amazon.com/images/W/WEBP_402378-T1/images/I/41sA8PA31pL._SY300_SX300_QL70_FMwebp_.jpg,https://www.amazon.in/LUNAGARIYA%C2%AE-Protective-Compatible-Control-Dimensions/dp/B08YXJJW8H/ref=sr_1_484?qid=1672909149&s=electronics&sr=1-484,1,47.842034043658686,1,-1.6249136046023465,0.42824959417502456,segmento misto
B09LMMFW3S,"IKEA Milk Frother for Your Milk, Coffee,(Cold and hot Drinks), Black","Home&Kitchen|Kitchen&HomeAppliances|Coffee,Tea&Espresso|MilkFrothers",Home&Kitchen,Kitchen&HomeAppliances,229.0,399.0,43.0,3.6,451.0,170.0,budget,medium,medium,https://m.media-amazon.com/images/W/WEBP_402378-T2/images/I/21JwUdnWL4L._SX300_SY300_QL70_FMwebp_.jpg,https://www.amazon.in/IKEA-Frother-Coffee-Drinks-Black/dp/B09LMMFW3S/ref=sr_1_487_mod_primary_new?qid=1672923617&s=kitchen&sbo=RZvfv%2F%2FHxDF%2BO5021pAnSA%3D%3D&sr=1-487,1,47.56214021817475,1,-1.96481227278232,1.1095690396221245,segmento misto
B09Y358DZQ,"Pigeon Zest Mixer Grinder 3 Speed Control 750 Watt Powerful Copper Motor with 3 Stainless Steel Jars for Dry Grinding, Wet Grinding and Making Chutney and 3 Polycarbonate lids - Blue",Home&Kitchen|Kitchen&HomeAppliances|SmallKitchenAppliances|MixerGrinders,Home&Kitchen,Kitchen&HomeAppliances,2033.0,4295.0,53.0,3.4,422.0,2262.0,premium,high,medium,https://m.media-amazon.com/images/W/WEBP_402378-T1/images/I/31oK2IDhhLL._SX300_SY300_QL70_FMwebp_.jpg,https://www.amazon.in/Pigeon-Powerful-Stainless-Grinding-Polycarbonate/dp/B09Y358DZQ/ref=sr_1_370?qid=1672923611&s=kitchen&sr=1-370,1,47.359457575065214,1,-2.1029415360666017,1.6033722912555495,segmento misto
B089BDBDGM,"Kuber Industries Waterproof Round Laundry Bag/Hamper|Polka Dots Print Print with Handles|Foldable Bin & 45 Liter Capicity|Size 37 x 37 x 49, Pack of 1(Black & White)- CTKTC044992",Home&Kitchen|HomeStorage&Organization|LaundryOrganization|LaundryBaskets,Home&Kitchen,HomeStorage&Organization,219.0,249.0,12.0,4.0,1108.0,30.0,budget,low,high,https://m.media-amazon.com/images/W/WEBP_402378-T1/images/I/51rf2161JNL._SX300_SY300_QL70_FMwebp_.jpg,https://www.amazon.in/Kuber-Industries-Waterproof-Organizer-CTKTC044992/dp/B089BDBDGM/ref=sr_1_469?qid=1672923615&s=kitchen&sr=1-469,1,47.2981859010134,0,-1.9744233731542704,-0.4751690027378864,segmento misto
B00LP9RFSU,"Eureka Forbes Aquasure Amrit Twin Cartridge (Pack of 2), White",Home&Kitchen|Kitchen&HomeAppliances|WaterPurifiers&Accessories|WaterPurifierAccessories,Home&Kitchen,Kitchen&HomeAppliances,825.0,825.0,0.0,4.0,3246.0,0.0,mid,low,high,https://m.media-amazon.com/images/I/41WfA7FDnzL._SX300_SY300_QL70_FMwebp_.jpg,https://www.amazon.in/Eureka-Forbes-Amrit-Twin-Cartridge/dp/B00LP9RFSU/ref=sr_1_382?qid=1672923611&s=kitchen&sr=1-382,1,47.275411499703054,0,-2.170917182135934,-0.8643328455142402,segmento misto
B0B3DV7S9B,"EN LIGNE Adjustable Cell Phone Stand, Foldable Portable Phone Stand Phone Holder for Desk, Desktop Tablet Stand Compatible with Mobile Phone/iPad/Tablet (Black)",Electronics|Mobiles&Accessories|MobileAccessories|Stands,Electronics,Mobiles&Accessories,209.0,499.0,58.0,3.6,104.0,290.0,budget,high,medium,https://m.media-amazon.com/images/I/416n3nd4MhL._SY300_SX300_QL70_ML2_.jpg,https://www.amazon.in/EN-LIGNE-Adjustable-Tabletop-Compatible/dp/B0B3DV7S9B/ref=sr_1_293?qid=1672895835&s=electronics&sr=1-293,1,47.24585212133962,1,-1.732722558376435,1.5304138176624902,segmento misto
B08MVXPTDG,"Crompton Insta Delight Fan Circulator Room Heater with 3 Heat Settings (Slate Grey & Black, 2000 Watt)","Home&Kitchen|Heating,Cooling&AirQuality|RoomHeaters|FanHeaters",Home&Kitchen,"Heating,Cooling&AirQuality",2590.0,4200.0,38.0,4.1,63.0,1610.0,premium,medium,low,https://m.media-amazon.com/images/I/31vL9-jaaJL._SX300_SY300_QL70_FMwebp_.jpg,https://www.amazon.in/Crompton-Delight-Circulator-Heater-Settings/dp/B08MVXPTDG/ref=sr_1_311?qid=1672923607&s=kitchen&sr=1-311,1,47.13307153271437,0,-1.4422532802920898,-0.11967078127735974,segmento misto
B0B2CZTCL2,"Wipro Vesta 1.8 litre Cool touch electric Kettle with Auto cut off | Double Layer outer body | Triple Protection - Dry Boil, Steam & Over Heat |Stainless Steel Inner Body | (Black, 1500 Watt)",Home&Kitchen|Kitchen&HomeAppliances|SmallKitchenAppliances|Kettles&HotWaterDispensers|Kettle&ToasterSets,Home&Kitchen,Kitchen&HomeAppliances,1299.0,1999.0,35.0,3.8,311.0,700.0,mid,medium,medium,https://m.media-amazon.com/images/I/31iKMkOV-DL._SX300_SY300_QL70_FMwebp_.jpg,https://www.amazon.in/electric-Kettle-Double-Triple-Protection/dp/B0B2CZTCL2/ref=sr_1_127?qid=1672923597&s=kitchen&sr=1-127,1,47.007778769164254,1,-1.8919738783581808,0.44140573610971445,segmento misto
B08D9MNH4B,"HP Deskjet 2723 AIO Printer, Copy, Scan, WiFi, Bluetooth, USB, Simple Setup Smart App, Ideal for Home.","Computers&Accessories|Printers,Inks&Accessories|Printers",Computers&Accessories,"Printers,Inks&Accessories",5899.0,7005.0,16.0,3.6,4199.0,1106.0,premium,low,high,https://m.media-amazon.com/images/W/WEBP_402378-T2/images/I/31ulmi5lTYL._SX300_SY300_QL70_FMwebp_.jpg,https://www.amazon.in/HP-DeskJet-2723-Wireless-Printer/dp/B08D9MNH4B/ref=sr_1_418?qid=1672903016&s=computers&sr=1-418,1,46.95649539049614,1,-2.51888578450347,-0.10954552375744968,segmento misto
B0BHZCNC4P,Remote Control Compatible for Amazon Fire Tv Stick Remote Control [ 3rd Gen ](Not Compatible for Fire TV Edition Smart TV) from basesailor,"Electronics|HomeTheater,TV&Video|Accessories|RemoteControls",Electronics,"HomeTheater,TV&Video",1499.0,3999.0,63.0,3.7,37.0,2500.0,mid,high,low,https://m.media-amazon.com/images/I/31-J+oOnb8L._SY300_SX300_.jpg,https://www.amazon.in/Remote-Control-Compatible-Amazon-basesailor/dp/B0BHZCNC4P/ref=sr_1_135?qid=1672909130&s=electronics&sr=1-135,1,46.9110375755056,1,-1.5545362901914632,1.386042961670466,segmento misto
B09RQRZW2X,7SEVEN® Compatible Vu Smart Tv Remote Control Suitable for Original 4K Android LED Ultra HD UHD Vu Tv Remote with Non Voice Feature without google assistant,"Electronics|HomeTheater,TV&Video|Accessories|RemoteControls",Electronics,"HomeTheater,TV&Video",499.0,899.0,44.0,3.7,185.0,400.0,budget,medium,medium,https://m.media-amazon.com/images/I/31c+W3iUSxL._SY300_SX300_.jpg,https://www.amazon.in/7SEVENTM-Compatible-Android-Original-Replacement/dp/B09RQRZW2X/ref=sr_1_291?qid=1672909139&s=electronics&sr=1-291,1,46.54234340526108,1,-1.8991446364053826,0.9381167382384298,segmento misto
B09X5HD5T1,"Ikea Little Loved Corner PRODUKT Milk-frother, Coffee/Tea Frother, Handheld Milk Wand Mixer Frother, Black","Home&Kitchen|Kitchen&HomeAppliances|Coffee,Tea&Espresso|MilkFrothers",Home&Kitchen,Kitchen&HomeAppliances,229.0,499.0,54.0,3.5,185.0,270.0,budget,high,medium,https://m.media-amazon.com/images/I/21OPu5-M3qL._SX300_SY300_QL70_FMwebp_.jpg,https://www.amazon.in/Ikea-PRODUKT-Milk-frother-Frother-Handheld/dp/B09X5HD5T1/ref=sr_1_289_mod_primary_new?qid=1672923606&s=kitchen&sbo=RZvfv%2F%2FHxDF%2BO5021pAnSA%3D%3D&sr=1-289,1,46.53525120667951,1,-1.9939515428090036,1.5988890588265208,segmento misto
B0762HXMTF,KENT 11054 Alkaline Water Filter Pitcher 3.5 L | Chemical-Free Water with Balanced pH Levels 8.0 to 9.5 | Solves Acidity Issue | Equipped with Carbon and Sediment Filter - Grey,Home&Kitchen|Kitchen&HomeAppliances|WaterPurifiers&Accessories|WaterFilters&Purifiers,Home&Kitchen,Kitchen&HomeAppliances,1799.0,1950.0,8.0,3.9,1888.0,151.0,mid,low,high,https://m.media-amazon.com/images/I/41EI+3OYGaL._SY300_SX300_.jpg,https://www.amazon.in/Kent-Alkaline-Filter-Pitcher-3-5-litres/dp/B0762HXMTF/ref=sr_1_410?qid=1672923612&s=kitchen&sr=1-410,1,46.47196674945113,0,-2.258391812069878,-0.5344374936849586,segmento misto
B08TDJNM3G,"E-COSMOS 5V 1.2W Portable Flexible USB LED Light (Colors May Vary, Small) - Set of 2 Pieces",Computers&Accessories|Accessories&Peripherals|USBGadgets|Lamps,Computers&Accessories,Accessories&Peripherals,59.0,59.0,0.0,3.8,5958.0,0.0,budget,low,high,https://m.media-amazon.com/images/I/413phG1P5UL._SX300_SY300_QL70_FMwebp_.jpg,https://www.amazon.in/COSMOS-Portable-Flexible-Light-Colours/dp/B08TDJNM3G/ref=sr_1_136?qid=1672903001&s=computers&sr=1-136,1,46.39967955304684,0,-2.4743727095410772,-0.4480726455452049,segmento misto
B09NY6TRXG,"POCO C31 (Royal Blue, 64 GB) (4 GB RAM)",Electronics|Mobiles&Accessories|Smartphones&BasicMobiles|Smartphones,Electronics,Mobiles&Accessories,8499.0,11999.0,29.0,3.9,276.0,3500.0,premium,medium,medium,https://m.media-amazon.com/images/I/41hI-UvnhFL._SX300_SY300_QL70_ML2_.jpg,https://www.amazon.in/POCO-C31-Royal-Blue-RAM/dp/B09NY6TRXG/ref=sr_1_455?qid=1672895879&s=electronics&sr=1-455,1,46.3944028298037,0,-2.0049377801196284,-0.4858765530509966,segmento misto
B093QCY6YJ,"ZEBRONICS ZEB-USB150WF1 WiFi USB Mini Adapter Supports 150 Mbps Wireless Data, Comes with Advanced Security WPA/WPA2 encryption Standards",Computers&Accessories|NetworkingDevices|NetworkAdapters|WirelessUSBAdapters,Computers&Accessories,NetworkingDevices,290.0,349.0,17.0,3.7,1977.0,59.0,budget,low,high,https://m.media-amazon.com/images/W/WEBP_402378-T2/images/I/317-HiMYIgS._SY300_SX300_QL70_FMwebp_.jpg,https://www.amazon.in/ZEBRONICS-ZEB-USB150WF1-Supports-encryption-Standards/dp/B093QCY6YJ/ref=sr_1_104?qid=1672909129&s=electronics&sr=1-104,1,46.33471440268752,1,-2.3636176526316195,0.19852150146631464,segmento misto
B09DDCQFMT,Electvision Remote Control Compatible with Amazon Fire tv Stick (Pairing Manual Will be Back Side Remote Control)(P),"Electronics|HomeTheater,TV&Video|Accessories|RemoteControls",Electronics,"HomeTheater,TV&Video",1299.0,1999.0,35.0,3.6,590.0,700.0,mid,medium,medium,https://m.media-amazon.com/images/I/31sBb-2L8KL._SX300_SY300_QL70_FMwebp_.jpg,https://www.amazon.in/Electvision-Remote-Control-Compatible-Pairing/dp/B09DDCQFMT/ref=sr_1_130?qid=1672909130&s=electronics&sr=1-130,1,46.22537818348129,1,-2.2229144240511705,0.8027030554197396,segmento misto
B00URH5E34,Inventis 5V 1.2W Portable Flexible USB LED Light Lamp (Colors may vary),Computers&Accessories|Accessories&Peripherals|USBGadgets|Lamps,Computers&Accessories,Accessories&Peripherals,39.0,39.0,0.0,3.6,13572.0,0.0,budget,low,high,https://m.media-amazon.com/images/W/WEBP_402378-T2/images/I/31vg0FKWoUL._SX300_SY300_QL70_FMwebp_.jpg,https://www.amazon.in/Inventis-Portable-Flexible-Light-Colors/dp/B00URH5E34/ref=sr_1_461?qid=1672903018&s=computers&sr=1-461,1,46.1610947687244,1,-2.687080097795084,-0.10752749847424034,segmento misto
B08VGDBF3B,Kuber Industries Round Non Woven Fabric Foldable Laundry Basket|Toy Storage Basket|Cloth Storage Basket With Handles| Capicity 45 Ltr (Grey & Black)-KUBMART11446,Home&Kitchen|HomeStorage&Organization|LaundryOrganization|LaundryBaskets,Home&Kitchen,HomeStorage&Organization,395.0,499.0,21.0,4.0,330.0,104.0,budget,medium,medium,https://m.media-amazon.com/images/I/41FQI5F2OiL._SX300_SY300_QL70_FMwebp_.jpg,https://www.amazon.in/Kuber-Industries-Foldable-Laundry-KUBMART11446/dp/B08VGDBF3B/ref=sr_1_320?qid=1672923609&s=kitchen&sr=1-320,1,46.125409536380445,0,-1.9217026700578776,-0.23424412296223834,segmento misto
B08RZ12GKR,Tata Sky Digital TV HD Setup Box Remote,"Electronics|HomeTheater,TV&Video|Accessories|RemoteControls",Electronics,"HomeTheater,TV&Video",215.0,499.0,57.0,3.5,121.0,284.0,budget,high,medium,https://m.media-amazon.com/images/W/WEBP_402378-T1/images/I/41o4qDiFFwL._SX300_SY300_QL70_FMwebp_.jpg,https://www.amazon.in/Tata-Sky-Digital-Setup-Remote/dp/B08RZ12GKR/ref=sr_1_447?qid=1672909146&s=electronics&sr=1-447,1,46.08918594699421,1,-1.9778159319103696,1.6846058136493436,segmento misto
B09LQQYNZQ,Realme Smart TV Stick 4K,Electronics|HomeAudio|MediaStreamingDevices|StreamingClients,Electronics,HomeAudio,4699.0,4699.0,0.0,4.5,224.0,0.0,premium,low,medium,https://m.media-amazon.com/images/W/WEBP_402378-T2/images/I/31M+JM+KZIL._SY300_SX300_.jpg,https://www.amazon.in/Realme-Smart-TV-Stick-4K/dp/B09LQQYNZQ/ref=sr_1_352?qid=1672909141&s=electronics&sr=1-352,1,46.06835684957032,0,-1.6702882049907137,-2.067338943667003,segmento misto
B0BPBG712X,"Portable, Handy Compact Plug-in Portable Digital Electric Heater Fan Wall-Outlet Handy Air Warmer Blower Adjustable Timer Digital Display Heater for Home/Office/Camper (Black, 400 Watts)","Home&Kitchen|Heating,Cooling&AirQuality|RoomHeaters|FanHeaters",Home&Kitchen,"Heating,Cooling&AirQuality",799.0,1199.0,33.0,4.4,17.0,400.0,mid,medium,low,https://m.media-amazon.com/images/W/WEBP_402378-T1/images/I/51ey0zzictL._SX300_SY300_QL70_FMwebp_.jpg,https://www.amazon.in/Portable-Compact-Electric-Wall-Outlet-Adjustable/dp/B0BPBG712X/ref=sr_1_470?qid=1672923615&s=kitchen&sr=1-470,1,46.06163611445504,0,-1.1838763897710274,-0.6528706457727259,segmento misto
B0B7DHSKS7,"Nokia 8210 4G Volte keypad Phone with Dual SIM, Big Display, inbuilt MP3 Player & Wireless FM Radio | Blue",Electronics|Mobiles&Accessories|Smartphones&BasicMobiles|BasicMobiles,Electronics,Mobiles&Accessories,3799.0,5299.0,28.0,3.5,1641.0,1500.0,premium,medium,high,https://m.media-amazon.com/images/I/41tRgeQp9-L._SX300_SY300_QL70_ML2_.jpg,https://www.amazon.in/Nokia-8210-4G-Display-Wireless/dp/B0B7DHSKS7/ref=sr_1_326?qid=1672895842&s=electronics&sr=1-326,1,46.04444208989796,1,-2.5170491458587345,0.5835795884097195,segmento misto
B09BL2KHQW,KENT POWP-Sediment Filter 10'' Thread WCAP,Home&Kitchen|Kitchen&HomeAppliances|WaterPurifiers&Accessories|WaterPurifierAccessories,Home&Kitchen,Kitchen&HomeAppliances,231.0,260.0,11.0,4.1,490.0,29.0,budget,low,medium,https://m.media-amazon.com/images/I/41ugz3c3G1L._SY300_SX300_QL70_FMwebp_.jpg,https://www.amazon.in/KENT-POWP-Sediment-Filter-Thread-WCAP/dp/B09BL2KHQW/ref=sr_1_461_mod_primary_new?qid=1672923614&s=kitchen&sbo=RZvfv%2F%2FHxDF%2BO5021pAnSA%3D%3D&sr=1-461,1,45.96228630677122,0,-1.968821941993997,-0.6798258105801163,segmento misto
B09WF4Q7B3,"Wipro Vesta 1380W Cordless Steam Iron Quick heat up with 20gm/ min Steam Burst, Scratch resistant Ceramic soleplate ,Vertical and Horizontal Ironing, Steam burst of upto .8g/ shot","Home&Kitchen|Kitchen&HomeAppliances|Vacuum,Cleaning&Ironing|Irons,Steamers&Accessories|Irons|SteamIrons",Home&Kitchen,Kitchen&HomeAppliances,1799.0,2599.0,31.0,3.6,771.0,800.0,mid,medium,medium,https://m.media-amazon.com/images/W/WEBP_402378-T1/images/I/41YFjcEIwWL._SX300_SY300_QL70_FMwebp_.jpg,https://www.amazon.in/Cordless-resistant-soleplate-Vertical-Horizontal/dp/B09WF4Q7B3/ref=sr_1_463?qid=1672923615&s=kitchen&sr=1-463,1,45.94959863662431,1,-2.3191175940629303,0.6509965426729061,segmento misto
B09MB3DKG1,"KHAITAN AVAANTE KA-2013 1200 Watt 3-Rod Halogen Heater (1200 Watts, Grey)","Home&Kitchen|Heating,Cooling&AirQuality|RoomHeaters|HalogenHeaters",Home&Kitchen,"Heating,Cooling&AirQuality",2199.0,3999.0,45.0,3.5,340.0,1800.0,premium,medium,medium,https://m.media-amazon.com/images/W/WEBP_402378-T2/images/I/41UBtJFuwEL._SX300_SY300_QL70_FMwebp_.jpg,https://www.amazon.in/KHAITAN-AVAANTE-KA-2013-Halogen-Heater/dp/B09MB3DKG1/ref=sr_1_387?qid=1672923611&s=kitchen&sr=1-387,1,45.929514895091465,1,-2.222989072986,1.1900333652797432,segmento misto
B0B4KPCBSH,IKEA Frother for Milk,"Home&Kitchen|Kitchen&HomeAppliances|Coffee,Tea&Espresso|CoffeeGrinders|ElectricGrinders",Home&Kitchen,Kitchen&HomeAppliances,244.0,499.0,51.0,3.3,478.0,255.0,budget,high,medium,https://m.media-amazon.com/images/W/WEBP_402378-T1/images/I/31iBzpNszEL._SX300_SY300_QL70_FMwebp_.jpg,https://www.amazon.in/Ikea-45454-IKEA-Frother-Milk/dp/B0B4KPCBSH/ref=sr_1_119_mod_primary_new?qid=1672923596&s=kitchen&sbo=RZvfv%2F%2FHxDF%2BO5021pAnSA%3D%3D&sr=1-119,1,45.86093307496105,1,-2.3684518878162972,1.8752016415625605,segmento misto
B01EJ5MM5M,Canon PIXMA MG2577s All-in-One Inkjet Colour Printer with 1 Additional Colour Cartridge,"Computers&Accessories|Printers,Inks&Accessories|Printers|InkjetPrinters",Computers&Accessories,"Printers,Inks&Accessories",3498.0,3875.0,10.0,3.4,12185.0,377.0,premium,low,high,https://m.media-amazon.com/images/W/WEBP_402378-T1/images/I/31Z02dwnKfL._SY300_SX300_QL70_FMwebp_.jpg,https://www.amazon.in/Canon-MG2577s-Inkjet-Colour-Printer/dp/B01EJ5MM5M/ref=sr_1_378?qid=1672903013&s=computers&sr=1-378,1,45.83604709714162,1,-2.8706874583705817,0.2568469718310441,segmento misto
B09R1YFL6S,"Candes BlowHot All in One Silent Blower Fan Room Heater (ABS Body, White, Brown) 2000 Watts","Home&Kitchen|Heating,Cooling&AirQuality|RoomHeaters|FanHeaters",Home&Kitchen,"Heating,Cooling&AirQuality",1090.0,2999.0,64.0,3.5,57.0,1909.0,mid,high,low,https://m.media-amazon.com/images/W/WEBP_402378-T1/images/I/41C90o+3GOL._SX300_SY300_.jpg,https://www.amazon.in/Candes-BlowHot-Silent-Blower-Heater/dp/B09R1YFL6S/ref=sr_1_388?qid=1672923612&s=kitchen&sr=1-388,1,45.75760264977036,1,-1.8948626400904007,1.8096845610200814,segmento misto
B09NNJ9WYM,Sansui 80cm (32 inches) HD Ready Smart LED TV JSY32SKHD (BLACK) With Bezel-less Design,"Electronics|HomeTheater,TV&Video|Televisions|SmartTelevisions",Electronics,"HomeTheater,TV&Video",10990.0,19990.0,45.0,3.7,129.0,9000.0,luxury,medium,medium,https://m.media-amazon.com/images/W/WEBP_402378-T2/images/I/41eThX4gyWL._SY300_SX300_QL70_FMwebp_.jpg,https://www.amazon.in/Sansui-inches-JSY32SKHD-Bezel-less-Design/dp/B09NNJ9WYM/ref=sr_1_475?qid=1672909147&s=electronics&sr=1-475,1,45.75170475567575,1,-2.084174079828859,0.12071425831950659,segmento misto
B09X79PP8F,"MI 2-in-1 USB Type C Cable (Micro USB to Type C) 30cm for Smartphone, Headphone, Laptop (White)",Computers&Accessories|Accessories&Peripherals|Cables&Accessories|Cables|USBCables,Computers&Accessories,Accessories&Peripherals,179.0,299.0,40.0,3.9,81.0,120.0,budget,medium,low,https://m.media-amazon.com/images/I/21fnxCjCF1L._SX300_SY300_QL70_FMwebp_.jpg,https://www.amazon.in/USB-Cable-Micro-Type-30cm/dp/B09X79PP8F/ref=sr_1_151?qid=1672909131&s=electronics&sr=1-151,1,45.729346526270845,1,-1.75864730926899,0.49393772792550605,segmento misto
B078XFKBZL,Prestige Clean Home Water Purifier Cartridge,Home&Kitchen|Kitchen&HomeAppliances|WaterPurifiers&Accessories|WaterCartridges,Home&Kitchen,Kitchen&HomeAppliances,600.0,640.0,6.0,3.8,2593.0,40.0,mid,low,high,https://m.media-amazon.com/images/I/313Cd59228L._SX300_SY300_QL70_FMwebp_.jpg,https://www.amazon.in/Prestige-PSWP-2-0-Purifier-Cartridge/dp/B078XFKBZL/ref=sr_1_284_mod_primary_new?qid=1672923606&s=kitchen&sbo=RZvfv%2F%2FHxDF%2BO5021pAnSA%3D%3D&sr=1-284,1,45.5422062739697,0,-2.4798346149707315,-0.31324786215608014,segmento misto
B099FDW2ZF,"Maharaja Whiteline Nano Carbon Neo, 500 Watts Room Heater (Black, White), Standard (5200100986)","Home&Kitchen|Heating,Cooling&AirQuality|RoomHeaters|ElectricHeaters",Home&Kitchen,"Heating,Cooling&AirQuality",1235.0,1499.0,18.0,4.1,203.0,264.0,mid,low,medium,https://m.media-amazon.com/images/I/41XrOa1+-PL._SY300_SX300_.jpg,https://www.amazon.in/Maharaja-Whiteline-Carbon-Standard-5200100986/dp/B099FDW2ZF/ref=sr_1_292?qid=1672923607&s=kitchen&sr=1-292,1,45.23325090219148,0,-1.9214824346857884,-0.5637291625756321,segmento misto
B081RLM75M,LACOPINE Mini Pocket Size Lint Roller (White),"Home&Kitchen|Kitchen&HomeAppliances|Vacuum,Cleaning&Ironing|Irons,Steamers&Accessories|LintShavers",Home&Kitchen,Kitchen&HomeAppliances,369.0,599.0,38.0,3.9,82.0,230.0,budget,medium,low,https://m.media-amazon.com/images/W/WEBP_402378-T1/images/I/31QVpoSYsrL._SX300_SY300_QL70_FMwebp_.jpg,https://www.amazon.in/LACOPINE-Mini-Pocket-Roller-White/dp/B081RLM75M/ref=sr_1_462?qid=1672923614&s=kitchen&sr=1-462,1,45.23318524849917,1,-1.8353825305533036,0.423895923297442,segmento misto
B0B8ZKWGKD,"ZORBES® Wall Adapter Holder for Alexa Echo Dot 4th Generation,A Space-Saving Solution with Cord Management for Your Smart Home Speakers -White (Holder Only)","Electronics|HomeTheater,TV&Video|Accessories|TVMounts,Stands&Turntables|TVWall&CeilingMounts",Electronics,"HomeTheater,TV&Video",893.0,1052.0,15.0,4.3,106.0,159.0,mid,low,medium,https://m.media-amazon.com/images/W/WEBP_402378-T1/images/I/41J0RvJFffL._SX300_SY300_QL70_FMwebp_.jpg,https://www.amazon.in/Generation-Space-Saving-Solution-Management-Speakers/dp/B0B8ZKWGKD/ref=sr_1_474?qid=1672909147&s=electronics&sr=1-474,1,45.19867042497018,0,-1.701295363907765,-0.9798500840193316,segmento misto
B082ZQ4479,"Prestige PWG 07 Wet Grinder, 2L (Multicolor) with Coconut Scraper and Atta Kneader Attachments, 200 Watt",Home&Kitchen|Kitchen&HomeAppliances|SmallKitchenAppliances|Mills&Grinders|WetGrinders,Home&Kitchen,Kitchen&HomeAppliances,3710.0,4330.0,14.0,3.7,1662.0,620.0,premium,low,high,https://m.media-amazon.com/images/I/41-iQHWCwHL._SX300_SY300_QL70_FMwebp_.jpg,https://www.amazon.in/Prestige-Wet-Grinder-PWG-07/dp/B082ZQ4479/ref=sr_1_369?qid=1672923611&s=kitchen&sr=1-369,1,45.02518904869698,1,-2.568443188798429,-0.1576028353728035,segmento misto
B095X38CJS,"BRUSTRO Copytinta Coloured Craft Paper A4 Size 80 GSM Mixed Bright Colour 40 Sheets Pack (10 cols X 4 Sheets) Double Side Color for Office Printing, Art and Craft.",OfficeProducts|OfficePaperProducts|Paper|Copy&PrintingPaper|ColouredPaper,OfficeProducts,OfficePaperProducts,99.0,99.0,0.0,4.3,388.0,0.0,budget,low,medium,https://m.media-amazon.com/images/I/41WggyozHQL._SX300_SY300_QL70_FMwebp_.jpg,https://www.amazon.in/BRUSTRO-Copytinta-Coloured-Bright-Printing/dp/B095X38CJS/ref=sr_1_245?qid=1672903007&s=computers&sr=1-245,1,45.01655443040274,0,-1.9629404825685295,-1.3338052842231194,segmento misto
B09N6TTHT6,"E-COSMOS Plug in LED Night Light Mini USB LED Light Flexible USB LED Ambient Light Mini USB LED Light, LED Portable car Bulb, Indoor, Outdoor, Reading, Sleep (4 pcs)",Computers&Accessories|Accessories&Peripherals|USBGadgets|Lamps,Computers&Accessories,Accessories&Peripherals,89.0,99.0,10.0,4.2,241.0,10.0,budget,low,medium,https://m.media-amazon.com/images/I/318Gp3pIqXL._SX300_SY300_QL70_FMwebp_.jpg,https://www.amazon.in/DASITON-Flexible-Ambient-Portable-Outdoor/dp/B09N6TTHT6/ref=sr_1_218?qid=1672903006&s=computers&sr=1-218,1,44.94277499735976,0,-1.9322415033717177,-0.8737458998783262,segmento misto
B008FWZGSG,"Samsung Original Type C to C Cable - 3.28 Feet (1 Meter), White",Computers&Accessories|Accessories&Peripherals|Cables&Accessories|Cables|USBCables,Computers&Accessories,Accessories&Peripherals,599.0,599.0,0.0,4.3,355.0,0.0,mid,low,medium,https://m.media-amazon.com/images/W/WEBP_402378-T1/images/I/11ICusapw3L._SY300_SX300_QL70_FMwebp_.jpg,https://www.amazon.in/Samsung-Original-Type-Cable-Meter/dp/B008FWZGSG/ref=sr_1_37?qid=1672909125&s=electronics&sr=1-37,2,44.75507318515679,0,-1.990708988407099,-1.3735593377279594,segmento misto
B08TDJ5BVF,"E-COSMOS 5V 1.2W Portable Flexible USB LED Light (Colours May Vary, Small, EC-POF1)",Computers&Accessories|Accessories&Peripherals|USBGadgets|Lamps,Computers&Accessories,Accessories&Peripherals,39.0,39.0,0.0,3.8,3344.0,0.0,budget,low,high,https://m.media-amazon.com/images/I/31s6OZfTO2L._SX300_SY300_QL70_FMwebp_.jpg,https://www.amazon.in/COSMOS-Portable-Flexible-Colors-EC-POF1/dp/B08TDJ5BVF/ref=sr_1_436?qid=1672903017&s=computers&sr=1-436,1,44.69645288622692,0,-2.636291947529675,-0.4355055266193429,segmento misto
B09P8M18QM,7SEVEN® Compatible with Fire Tv Stick Remote with Voice Command Feature Suitable for Second Generation Amazon Fire Tv Stick Remote Only - Pairing Must,"Electronics|HomeTheater,TV&Video|Accessories|RemoteControls",Electronics,"HomeTheater,TV&Video",1369.0,2999.0,54.0,3.3,227.0,1630.0,mid,high,medium,https://m.media-amazon.com/images/W/WEBP_402378-T2/images/I/31w1SSKA-tL._SX300_SY300_QL70_FMwebp_.jpg,https://www.amazon.in/7SEVENTM-Bluetooth-Command-Compatible-Control/dp/B09P8M18QM/ref=sr_1_485?qid=1672909149&s=electronics&sr=1-485,1,44.46912759066986,1,-2.4445767329152908,1.871374794013736,segmento misto
B071VMP1Z4,LRIPL Compatible Sony Bravia LCD/led Remote Works with Almost All Sony led/LCD tv's,"Electronics|HomeTheater,TV&Video|Accessories|RemoteControls",Electronics,"HomeTheater,TV&Video",399.0,399.0,0.0,3.9,1951.0,0.0,budget,low,high,https://m.media-amazon.com/images/W/WEBP_402378-T1/images/I/41hpz9rFbZL._SX300_SY300_QL70_FMwebp_.jpg,https://www.amazon.in/LRIPL-Compatible-Bravia-Remote-Almost/dp/B071VMP1Z4/ref=sr_1_157?qid=1672909131&s=electronics&sr=1-157,1,44.44107562582252,0,-2.5398153379457935,-0.6403020265494388,segmento misto
B09CGLY5CX,"Crompton Insta Comfort Heater 2000 Watts Heat Convector with Adjustable Thermostats, Hybrid Cyan, Standard (‎ACGRH- INSTACOMFORT)","Home&Kitchen|Heating,Cooling&AirQuality|RoomHeaters|ElectricHeaters",Home&Kitchen,"Heating,Cooling&AirQuality",1959.0,2400.0,18.0,4.0,237.0,441.0,mid,low,medium,https://m.media-amazon.com/images/I/31uLbVqjaqL._SX300_SY300_QL70_FMwebp_.jpg,https://www.amazon.in/Crompton-convector-adjustable-Thermostats-Standard/dp/B09CGLY5CX/ref=sr_1_120_mod_primary_new?qid=1672923596&s=kitchen&sbo=RZvfv%2F%2FHxDF%2BO5021pAnSA%3D%3D&sr=1-120,1,44.35460614726773,0,-2.136410690130672,-0.44026188165287,segmento misto
B08YK7BBD2,"Nirdambhay Mini Bag Sealer, 2 in 1 Heat Sealer and Cutter Handheld Sealing Machine Portable Bag Resealer Sealer for Plastic Bags Food Storage Snack Fresh Bag Sealer (Including 2 AA Battery)",Home&Kitchen|Kitchen&HomeAppliances|SmallKitchenAppliances|VacuumSealers,Home&Kitchen,Kitchen&HomeAppliances,429.0,999.0,57.0,3.0,617.0,570.0,budget,high,medium,https://m.media-amazon.com/images/W/WEBP_402378-T2/images/I/21rLuqop7cL._SY300_SX300_QL70_FMwebp_.jpg,https://www.amazon.in/Nirdambhay-Handheld-Portable-Resealer-Including/dp/B08YK7BBD2/ref=sr_1_338?qid=1672923609&s=kitchen&sr=1-338,1,44.2082095039076,1,-2.8040805572026883,2.5710090528348513,segmento misto
B0BN2576GQ,"C (DEVICE) Lint Remover for Woolen Clothes, Electric Lint Remover, Best Lint Shaver for Clothes Pack of 1","Home&Kitchen|Kitchen&HomeAppliances|Vacuum,Cleaning&Ironing|Irons,Steamers&Accessories|LintShavers",Home&Kitchen,Kitchen&HomeAppliances,469.0,1599.0,71.0,3.7,6.0,1130.0,budget,high,low,https://m.media-amazon.com/images/W/WEBP_402378-T1/images/I/416wtLbGHvL._SX300_SY300_QL70_FMwebp_.jpg,https://www.amazon.in/DEVICE-Remover-Woolen-Clothes-Electric/dp/B0BN2576GQ/ref=sr_1_126?qid=1672923596&s=kitchen&sr=1-126,1,44.04886667187552,1,-1.6300796498121775,1.697660147205754,segmento misto
B07K19NYZ8,Usha Hc 812 T Thermo Fan Room Heater,"Home&Kitchen|Heating,Cooling&AirQuality|RoomHeaters|FanHeaters",Home&Kitchen,"Heating,Cooling&AirQuality",2320.0,3290.0,29.0,3.8,195.0,970.0,premium,medium,medium,https://m.media-amazon.com/images/W/WEBP_402378-T1/images/I/41UHdKluMBL._SY300_SX300_QL70_FMwebp_.jpg,https://www.amazon.in/Usha-812-Thermo-Room-Heater/dp/B07K19NYZ8/ref=sr_1_492?qid=1672923617&s=kitchen&sr=1-492,1,44.0407815942252,1,-2.2470450377176148,0.1981357835957232,segmento misto
B0B97D658R,"Larrito wooden Cool Mist Humidifiers Essential Oil Diffuser Aroma Air Humidifier with Colorful Change for Car, Office, Babies, humidifiers for home, air humidifier for room (WOODEN HUMIDIFIRE-A)","Home&Kitchen|Heating,Cooling&AirQuality|Humidifiers",Home&Kitchen,"Heating,Cooling&AirQuality",499.0,799.0,38.0,3.6,212.0,300.0,budget,medium,medium,https://m.media-amazon.com/images/I/41zyYoNFiGL._SX300_SY300_QL70_FMwebp_.jpg,https://www.amazon.in/Larrito-Humidifiers-Humidifier-humidifiers-HUMIDIFIRE/dp/B0B97D658R/ref=sr_1_484?qid=1672923617&s=kitchen&sr=1-484,1,44.01307541549339,1,-2.340153833423548,0.9562760020424949,segmento misto
B099S26HWG,"Classmate Pulse 1 Subject Notebook - 240mm x 180mm , Soft Cover, 180 Pages, Single Line, Pack of 4","OfficeProducts|OfficePaperProducts|Paper|Stationery|Notebooks,WritingPads&Diaries|CompositionNotebooks",OfficeProducts,OfficePaperProducts,300.0,300.0,0.0,4.2,419.0,0.0,budget,low,medium,https://m.media-amazon.com/images/I/51h6eqwfePS._SX300_SY300_QL70_FMwebp_.jpg,https://www.amazon.in/Classmate-Pulse-Subject-Notebook-Single/dp/B099S26HWG/ref=sr_1_409?qid=1672903016&s=computers&sr=1-409,1,43.90938561323604,0,-2.189164409795486,-1.1676547021085417,segmento misto
B09NY7W8YD,"POCO C31 (Shadow Gray, 64 GB) (4 GB RAM)",Electronics|Mobiles&Accessories|Smartphones&BasicMobiles|Smartphones,Electronics,Mobiles&Accessories,7998.0,11999.0,33.0,3.8,125.0,4001.0,premium,medium,medium,https://m.media-amazon.com/images/I/41UhF7l9I4L._SX300_SY300_QL70_ML2_.jpg,https://www.amazon.in/POCO-C31-Shadow-Gray-RAM/dp/B09NY7W8YD/ref=sr_1_353?qid=1672895850&s=electronics&sr=1-353,1,43.80136506263879,1,-2.2725133498147403,-0.14822882332459858,segmento misto
B009P2LIL4,"Bajaj Majesty RX10 2000 Watts Heat Convector Room Heater (White, ISI Approved)","Home&Kitchen|Heating,Cooling&AirQuality|RoomHeaters|HeatConvectors",Home&Kitchen,"Heating,Cooling&AirQuality",2219.0,3080.0,28.0,3.6,468.0,861.0,premium,medium,medium,https://m.media-amazon.com/images/W/WEBP_402378-T1/images/I/41qmt2a159L._SX300_SY300_QL70_FMwebp_.jpg,https://www.amazon.in/Bajaj-RX-10-2000-Watt-Convector/dp/B009P2LIL4/ref=sr_1_504?qid=1672923617&s=kitchen&sr=1-504,1,43.68168085737817,1,-2.560385639919029,0.538928519532912,segmento misto
B08MVSGXMY,Crompton Insta Comfy 800 Watt Room Heater with 2 Heat Settings(Grey Blue),"Home&Kitchen|Heating,Cooling&AirQuality|RoomHeaters|ElectricHeaters",Home&Kitchen,"Heating,Cooling&AirQuality",1498.0,2300.0,35.0,3.8,95.0,802.0,mid,medium,low,https://m.media-amazon.com/images/I/41v9yj848iL._SX300_SY300_QL70_FMwebp_.jpg,https://www.amazon.in/Crompton-Insta-Comfy-Heater-Settings/dp/B08MVSGXMY/ref=sr_1_110?qid=1672923596&s=kitchen&sr=1-110,1,43.53117415527298,1,-2.1735293994836518,0.43283418148348934,segmento misto
B0BBVKRP7B,SHREENOVA ID116 Plus Bluetooth Fitness Smart Watch for Men Women and Kids Activity Tracker (Black),Electronics|WearableTechnology|SmartWatches,Electronics,WearableTechnology,281.0,1999.0,86.0,2.8,87.0,1718.0,budget,high,low,https://m.media-amazon.com/images/I/41lnTFZGz9L._SX300_SY300_QL70_ML2_.jpg,https://www.amazon.in/SHREENOVA-Bluetooth-Fitness-Activity-Tracker/dp/B0BBVKRP7B/ref=sr_1_338?qid=1672895850&s=electronics&sr=1-338,1,43.505018615467215,1,-2.6312967154499933,3.7538030504674493,segmento misto
B09H7JDJCW,"PHILIPS Drip Coffee Maker HD7432/20, 0.6 L, Ideal for 2-7 cups, Black, Medium","Home&Kitchen|Kitchen&HomeAppliances|Coffee,Tea&Espresso|DripCoffeeMachines",Home&Kitchen,Kitchen&HomeAppliances,2999.0,3595.0,17.0,4.0,178.0,596.0,premium,low,medium,https://m.media-amazon.com/images/I/41d7YWtyLCL._SX300_SY300_QL70_FMwebp_.jpg,https://www.amazon.in/PHILIPS-Coffee-HD7432-20-Medium/dp/B09H7JDJCW/ref=sr_1_483?qid=1672923615&s=kitchen&sr=1-483,1,43.24834169883259,0,-2.2562030109956615,-0.5497073097086634,segmento misto
B09XTQFFCG,"FYA Handheld Vacuum Cleaner Cordless, Wireless Hand Vacuum&Air Blower 2-in-1, Mini Portable Car Vacuum Cleaner with Powerful Suction, USB Rechargeable Vacuum for Pet Hair, Home and Car","Home&Kitchen|Kitchen&HomeAppliances|Vacuum,Cleaning&Ironing|Vacuums&FloorCare|Vacuums|HandheldVacuums",Home&Kitchen,Kitchen&HomeAppliances,2669.0,3199.0,17.0,3.9,260.0,530.0,premium,low,medium,https://m.media-amazon.com/images/I/41R4IgGsMaL._SX300_SY300_QL70_FMwebp_.jpg,https://www.amazon.in/FYA-Handheld-Cordless-Wireless-Rechargeable/dp/B09XTQFFCG/ref=sr_1_421?qid=1672923613&s=kitchen&sr=1-421,1,43.02741861246699,0,-2.404336381692122,-0.34258629027095777,segmento misto
B0BBLHTRM9,IONIX Tap filter Multilayer | Activated Carbon Faucet Water Filters Universal Interface Home Kitchen Faucet Tap Water Clean Purifier Filter Cartridge Five Layer Water Filter-Pack of 1,Home&Kitchen|Kitchen&HomeAppliances|WaterPurifiers&Accessories|WaterPurifierAccessories,Home&Kitchen,Kitchen&HomeAppliances,199.0,699.0,72.0,2.9,159.0,500.0,budget,high,medium,https://m.media-amazon.com/images/I/41n90w1dlJL._SY445_SX342_QL70_FMwebp_.jpg,https://www.amazon.in/IONIX-Tap-Multilayer-Filter-Filter-Pack/dp/B0BBLHTRM9/ref=sr_1_488?qid=1672923617&s=kitchen&sr=1-488,1,42.87834994573762,1,-2.786769175690042,3.191412877427142,segmento misto
B009P2LK80,"Bajaj Deluxe 2000 Watts Halogen Room Heater (Steel, ISI Approved), Multicolor","Home&Kitchen|Heating,Cooling&AirQuality|RoomHeaters|HalogenHeaters",Home&Kitchen,"Heating,Cooling&AirQuality",1409.0,1639.0,14.0,3.7,787.0,230.0,mid,low,medium,https://m.media-amazon.com/images/W/WEBP_402378-T2/images/I/41WyoT08raL._SX300_SY300_QL70_FMwebp_.jpg,https://www.amazon.in/Bajaj-Delux-2000-Watt-Room-Heater/dp/B009P2LK80/ref=sr_1_103?qid=1672923596&s=kitchen&sr=1-103,1,42.82216287424679,1,-2.7222384793357186,0.035054671738565656,segmento misto
B0BHYLCL19,AVNISH Tap Water Purifier Filter Faucet 6 Layer Carbon Activated Dust Chlorine Remover Water Softener for Drinking Cartridge Alkaline Taps for Kitchen Sink Bathroom Wash Basin (6-Layer Filtration),Home&Kitchen|Kitchen&HomeAppliances|WaterPurifiers&Accessories|WaterPurifierAccessories,Home&Kitchen,Kitchen&HomeAppliances,193.0,399.0,52.0,3.6,37.0,206.0,budget,high,low,https://m.media-amazon.com/images/I/41jJsvzPK0L._SY445_SX342_QL70_FMwebp_.jpg,https://www.amazon.in/AVNISH-Water-Filter-Layer-Filtration/dp/B0BHYLCL19/ref=sr_1_325?qid=1672923609&s=kitchen&sr=1-325,1,42.652172327278656,1,-2.2030416936001096,1.3739345570302781,segmento misto
B0BLV1GNLN,"WZATCO Pixel | Portable LED Projector | Native 720p with Full HD 1080P Support | 2000 Lumens (200 ANSI) | 176"" Large Screen | Projector for Home and Outdoor | Compatible with TV Stick, PC, PS4","Electronics|HomeTheater,TV&Video|Projectors",Electronics,"HomeTheater,TV&Video",6490.0,9990.0,35.0,4.0,27.0,3500.0,premium,medium,low,https://m.media-amazon.com/images/I/41p+lllC3HL._SY300_SX300_.jpg,https://www.amazon.in/WZATCO-Pixel-Portable-Projector-Compatible/dp/B0BLV1GNLN/ref=sr_1_231?qid=1672909135&s=electronics&sr=1-231,1,42.563463993559175,0,-2.0458334285339608,-0.32863628893165914,segmento misto
B0B9JZW1SQ,"4 in 1 Handheld Electric Vegetable Cutter Set,Wireless Food Processor Electric Food Chopper for Garlic Chili Pepper Onion Ginger Celery Meat with Brush",Home&Kitchen|Kitchen&HomeAppliances|SmallKitchenAppliances|MiniFoodProcessors&Choppers,Home&Kitchen,Kitchen&HomeAppliances,498.0,1200.0,59.0,3.2,113.0,702.0,budget,high,medium,https://m.media-amazon.com/images/W/WEBP_402378-T1/images/I/41KMMCNMM1L._SX300_SY300_QL70_FMwebp_.jpg,https://www.amazon.in/Handheld-Electric-Vegetable-Wireless-Processor/dp/B0B9JZW1SQ/ref=sr_1_495_mod_primary_new?qid=1672923617&s=kitchen&sbo=RZvfv%2F%2FHxDF%2BO5021pAnSA%3D%3D&sr=1-495,1,42.421048787984056,1,-2.6461318421372466,2.2655496429074304,segmento misto
B0B84QN4CN,Wipro Vesta 1200 Watt GD201 Lightweight Automatic Dry Iron| Quick Heat Up| Stylish & Sleek |Anti bacterial German Weilburger Double Coated Soleplate |2 Years Warranty,"Home&Kitchen|Kitchen&HomeAppliances|Vacuum,Cleaning&Ironing|Irons,Steamers&Accessories|Irons|DryIrons",Home&Kitchen,Kitchen&HomeAppliances,660.0,1100.0,40.0,3.6,91.0,440.0,mid,medium,low,https://m.media-amazon.com/images/I/314V87LweLL._SX300_SY300_QL70_FMwebp_.jpg,https://www.amazon.in/Lightweight-Automatic-bacterial-Weilburger-Soleplate/dp/B0B84QN4CN/ref=sr_1_342?qid=1672923609&s=kitchen&sr=1-342,1,42.06875930107676,1,-2.463538195691727,1.0031495771256291,segmento misto
B097JVLW3L,Irusu Play VR Plus Virtual Reality Headset with Headphones for Gaming (Black),"Electronics|HomeTheater,TV&Video|Accessories|3DGlasses",Electronics,"HomeTheater,TV&Video",2699.0,3500.0,23.0,3.5,621.0,801.0,premium,medium,medium,https://m.media-amazon.com/images/W/WEBP_402378-T1/images/I/31z9cuviPzL._SX300_SY300_QL70_FMwebp_.jpg,https://www.amazon.in/Virtual-Reality-Headset-Headphones-Gaming/dp/B097JVLW3L/ref=sr_1_479?qid=1672909147&s=electronics&sr=1-479,1,41.8513529624612,1,-2.933465704490915,0.544429606539721,segmento misto
B0BNDGL26T,"MR. BRAND Portable USB Juicer Electric USB Juice Maker Mixer Bottle Blender Grinder Mixer,6 Blades Rechargeable Bottle with (Multi color) (MULTI MIXER 6 BLED)",Home&Kitchen|Kitchen&HomeAppliances|SmallKitchenAppliances|JuicerMixerGrinders,Home&Kitchen,Kitchen&HomeAppliances,499.0,2199.0,77.0,2.8,109.0,1700.0,budget,high,medium,https://m.media-amazon.com/images/I/51pFS9lDzML._SY300_SX300_QL70_FMwebp_.jpg,https://www.amazon.in/MR-BRAND-Portable-Electric-Rechargeable/dp/B0BNDGL26T/ref=sr_1_302?qid=1672923607&s=kitchen&sr=1-302,1,41.769594112329486,1,-2.9284105164863847,3.489008548333689,segmento misto
B099PR2GQJ,HOMEPACK 750W Radiant Room Home Office Heaters For Winter,"Home&Kitchen|Heating,Cooling&AirQuality|RoomHeaters|ElectricHeaters",Home&Kitchen,"Heating,Cooling&AirQuality",649.0,999.0,35.0,3.8,49.0,350.0,mid,medium,low,https://m.media-amazon.com/images/I/41WPlte6OmL._SY300_SX300_QL70_FMwebp_.jpg,https://www.amazon.in/HOMEPACK%C2%AE-Radiant-Office-Heaters-Portable/dp/B099PR2GQJ/ref=sr_1_197?qid=1672923600&s=kitchen&sr=1-197,1,41.60705152517156,1,-2.315908535562071,0.5053104256503206,segmento misto
B08RX8G496,"LRIPL Mi Remote Control with Netflix & Prime Video Button Compatible for Mi 4X LED Android Smart TV 4A Remote Control (32""/43"") with Voice Command (Pairing Required)","Electronics|HomeTheater,TV&Video|Accessories|RemoteControls",Electronics,"HomeTheater,TV&Video",655.0,1099.0,40.0,3.2,285.0,444.0,mid,medium,medium,https://m.media-amazon.com/images/I/21yP58lKDoL._SX300_SY300_QL70_FMwebp_.jpg,https://www.amazon.in/LRIPL-Remote-Control-Netflix-Compatible/dp/B08RX8G496/ref=sr_1_161?qid=1672909131&s=electronics&sr=1-161,1,40.080914009500326,1,-3.162731593404731,1.7280401541976256,segmento misto
B0BGPN4GGH,"Lifelong LLQH925 Dyno Quartz Heater 2 Power settings Tip Over Cut-off Switch 800 Watt Silent operation Power Indicator 2 Rod Room Heater (1 Year Warranty, Grey)","Home&Kitchen|Heating,Cooling&AirQuality|RoomHeaters|ElectricHeaters",Home&Kitchen,"Heating,Cooling&AirQuality",1099.0,2400.0,54.0,3.8,4.0,1301.0,mid,high,low,https://m.media-amazon.com/images/W/WEBP_402378-T1/images/I/41e3A7YKxeL._SX300_SY300_QL70_FMwebp_.jpg,https://www.amazon.in/Lifelong-LLQH925-settings-operation-Indicator/dp/B0BGPN4GGH/ref=sr_1_62?qid=1672923593&s=kitchen&sr=1-62,1,39.86845238620933,1,-2.1307004291887557,1.0015031011283508,segmento misto
B09F6D21BY,7SEVEN Compatible LG TV Remote Suitable for LG Non Magic Smart tv Remote Control (Mouse & Voice Non-Support) MR20GA Prime Video and Netflix Hotkeys,"Electronics|HomeTheater,TV&Video|Accessories|RemoteControls",Electronics,"HomeTheater,TV&Video",790.0,1999.0,60.0,3.0,103.0,1209.0,mid,high,medium,https://m.media-amazon.com/images/W/WEBP_402378-T2/images/I/315sEpeo50L._SX300_SY300_QL70_FMwebp_.jpg,https://www.amazon.in/Compatible-Suitable-Control-Non-Support-Netflix/dp/B09F6D21BY/ref=sr_1_344?qid=1672909141&s=electronics&sr=1-344,1,39.74954060633119,1,-3.116876204805415,2.6356833163761593,segmento misto
B0BNLFQDG2,"Longway Blaze 2 Rod Quartz Room Heater (White, Gray, 800 watts)","Home&Kitchen|Heating,Cooling&AirQuality|RoomHeaters|ElectricHeaters",Home&Kitchen,"Heating,Cooling&AirQuality",929.0,2199.0,58.0,3.7,4.0,1270.0,mid,high,low,https://m.media-amazon.com/images/W/WEBP_402378-T1/images/I/51y3Y6qZScL._SY300_SX300_QL70_FMwebp_.jpg,https://www.amazon.in/Longway-Blaze-Quartz-Heater-White/dp/B0BNLFQDG2/ref=sr_1_368?qid=1672923611&s=kitchen&sr=1-368,1,39.59894884011004,1,-2.216178342699082,1.307400371567211,segmento misto
B09TY4MSH3,Firestick Remote,"Electronics|HomeTheater,TV&Video|Accessories|RemoteControls",Electronics,"HomeTheater,TV&Video",1289.0,2499.0,48.0,3.3,73.0,1210.0,mid,medium,low,https://m.media-amazon.com/images/I/31jcyZIAWWL._SX300_SY300_QL70_FMwebp_.jpg,https://www.amazon.in/V-smash-Firestick-Remote/dp/B09TY4MSH3/ref=sr_1_453?qid=1672909146&s=electronics&sr=1-453,1,39.55421358999735,1,-2.9405030946762003,1.7209495000653412,segmento misto
B09LV13JFB,LOHAYA Voice Assistant Remote Compatible for Airtel Xstream Set-Top Box Remote Control with Netflix Function (Black) (Non - Voice),"Electronics|HomeTheater,TV&Video|Accessories|RemoteControls",Electronics,"HomeTheater,TV&Video",399.0,999.0,60.0,3.3,23.0,600.0,budget,high,low,https://m.media-amazon.com/images/W/WEBP_402378-T1/images/I/31GCzAA+FyL._SY300_SX300_.jpg,https://www.amazon.in/LOHAYA-Assistant-Compatible-Xstream-Function/dp/B09LV13JFB/ref=sr_1_408?qid=1672909144&s=electronics&sr=1-408,1,39.42437825202904,1,-2.7311367577787893,2.1272816527927687,segmento misto
B0BGSV43WY,"Noise ColorFit Pro 4 Alpha Bluetooth Calling Smart Watch with 1.78 AMOLED Display, Tru Sync, 60hz Refresh Rate, instacharge, Gesture Control, Functional 360 Digital Crown (Jet Black)",Electronics|WearableTechnology|SmartWatches,Electronics,WearableTechnology,4499.0,7999.0,44.0,3.5,37.0,3500.0,premium,medium,low,https://m.media-amazon.com/images/I/4123OnLZCFL._SX300_SY300_QL70_ML2_.jpg,https://www.amazon.in/Noise-ColorFit-Bluetooth-instacharge-Functional/dp/B0BGSV43WY/ref=sr_1_172?qid=1672895799&s=electronics&sr=1-172,1,39.19117941947724,1,-2.810234365698641,0.9906979057081774,segmento misto
B0BMFD94VD,"White Feather Portable Heat Sealer Mini Sealing Machine for Food Storage Vacuum Bag, Chip, Plastic, Snack Bags, Package Home Closer Storage Tool (Multicolor) Random Colour",Home&Kitchen|Kitchen&HomeAppliances|SmallKitchenAppliances|VacuumSealers,Home&Kitchen,Kitchen&HomeAppliances,199.0,499.0,60.0,3.3,12.0,300.0,budget,high,low,https://m.media-amazon.com/images/I/31O1Y16P8xL._SY300_SX300_QL70_FMwebp_.jpg,https://www.amazon.in/White-Feather-Portable-Sealing-Multicolor/dp/B0BMFD94VD/ref=sr_1_143?qid=1672923597&s=kitchen&sr=1-143,1,37.61594249614613,1,-2.872543915503586,2.147032268507881,segmento misto
B0B9F9PT8R,"Eopora PTC Ceramic Fast Heating Room Heater for Bedroom, 1500/1000 Watts Room Heater for Home, Electric Heater, Electric Fan Heater for Home Office Bedroom (White)","Home&Kitchen|Heating,Cooling&AirQuality|RoomHeaters|ElectricHeaters",Home&Kitchen,"Heating,Cooling&AirQuality",1529.0,2999.0,49.0,3.3,29.0,1470.0,mid,medium,low,https://m.media-amazon.com/images/I/41C6ocE26pL._SX300_SY300_QL70_FMwebp_.jpg,https://www.amazon.in/Eopora-Ceramic-Heating-Bedroom-Electric/dp/B0B9F9PT8R/ref=sr_1_235?qid=1672923603&s=kitchen&sr=1-235,1,37.15703885527428,1,-3.1175637054145584,1.7342763168421018,segmento misto
B0B4PPD89B,"Kitchenwell 18Pc Plastic Food Snack Bag Pouch Clip Sealer for Keeping Food Fresh for Home, Kitchen, Camping Snack Seal Sealing Bag Clips (Multi-Color) | (Pack of 18)|",Home&Kitchen|Kitchen&HomeAppliances|SmallKitchenAppliances|VacuumSealers,Home&Kitchen,Kitchen&HomeAppliances,79.0,79.0,0.0,4.0,97.0,0.0,budget,low,low,https://m.media-amazon.com/images/W/WEBP_402378-T2/images/I/41tVoAxz0QL._SX300_SY300_QL70_FMwebp_.jpg,https://www.amazon.in/Kitchenwell-Plastic-Keeping-Kitchen-Multi-Color/dp/B0B4PPD89B/ref=sr_1_174?qid=1672923598&s=kitchen&sr=1-174,1,36.95014960005003,0,-3.0149456344061507,-0.7745699173909303,segmento misto
B09NFSHCWN,Hilton Quartz Heater 400/800-Watt ISI 2 Rods Multi Mode Heater Long Lasting Quick Heating Extremely Warm (Grey),"Home&Kitchen|Heating,Cooling&AirQuality|RoomHeaters|ElectricHeaters",Home&Kitchen,"Heating,Cooling&AirQuality",1149.0,1899.0,39.0,3.5,24.0,750.0,mid,medium,low,https://m.media-amazon.com/images/W/WEBP_402378-T1/images/I/51eq6GwXn-L._SX300_SY300_QL70_FMwebp_.jpg,https://www.amazon.in/Hilton-Quartz-Heater-Watt-Certified/dp/B09NFSHCWN/ref=sr_1_485?qid=1672923617&s=kitchen&sr=1-485,1,36.62634860901057,1,-3.0570069316537074,1.127057023024608,segmento misto
B0B3JSWG81,NGI Store 2 Pieces Pet Hair Removers for Your Laundry Catcher Lint Remover for Washing Machine Lint Remover Reusable Portable Silica Gel Clothes Washer Dryer Floating Ball,"Home&Kitchen|Kitchen&HomeAppliances|Vacuum,Cleaning&Ironing|Irons,Steamers&Accessories|LintShavers",Home&Kitchen,Kitchen&HomeAppliances,199.0,999.0,80.0,3.1,2.0,800.0,budget,high,low,https://m.media-amazon.com/images/W/WEBP_402378-T1/images/I/519f6z2dnPL._SY300_SX300_QL70_FMwebp_.jpg,https://www.amazon.in/Hair-Removers-Laundry-Remover-Reusable/dp/B0B3JSWG81/ref=sr_1_501?qid=1672923617&s=kitchen&sr=1-501,1,35.94326241134752,1,-2.929911695818369,3.067724488756579,segmento misto
B09ZTZ9N3Q,"Amazon Basics 2000/1000 Watt Room Heater with Adjustable Thermostat (ISI certified, White color, Ideal for small to medium room/area)","Home&Kitchen|Heating,Cooling&AirQuality|RoomHeaters|FanHeaters",Home&Kitchen,"Heating,Cooling&AirQuality",1049.0,1699.0,38.0,3.1,111.0,650.0,mid,medium,medium,https://m.media-amazon.com/images/I/31b0ZuxuesL._SY300_SX300_QL70_FMwebp_.jpg,https://www.amazon.in/Amazon-Basics-Adjustable-Thermostat-certified/dp/B09ZTZ9N3Q/ref=sr_1_86?qid=1672923595&s=kitchen&sr=1-86,1,35.45040174077475,1,-3.7087775394330267,1.8304842251884161,segmento misto
B0B7NWGXS6,Havells Bero Quartz Heater Black 800w 2 Heat Settings 2 Year Product Warranty,"Home&Kitchen|Heating,Cooling&AirQuality|RoomHeaters|ElectricHeaters",Home&Kitchen,"Heating,Cooling&AirQuality",2439.0,2545.0,4.0,4.1,25.0,106.0,premium,low,low,https://m.media-amazon.com/images/I/41EQwIB-rKL._SX300_SY300_QL70_FMwebp_.jpg,https://www.amazon.in/Havells-Quartz-Settings-Product-Warranty/dp/B0B7NWGXS6/ref=sr_1_252?qid=1672923605&s=kitchen&sr=1-252,1,35.43352484493123,0,-2.962412152999304,-1.0308157145911614,segmento misto
B0BMZ6SY89,!!HANEUL!!1000 Watt/2000-Watt Room Heater!! Fan Heater!!Pure White!!HN-2500!!Made in India!!Thermoset!!,"Home&Kitchen|Heating,Cooling&AirQuality|RoomHeaters|FanHeaters",Home&Kitchen,"Heating,Cooling&AirQuality",899.0,1599.0,44.0,3.4,15.0,700.0,mid,medium,low,https://m.media-amazon.com/images/I/41OZjIUftuL._SX300_SY300_QL70_FMwebp_.jpg,https://www.amazon.in/HANEUL-2000-Watt-Heater-HN-2500-Thermoset/dp/B0BMZ6SY89/ref=sr_1_312?qid=1672923607&s=kitchen&sr=1-312,1,35.30641747344206,1,-3.207757596378362,1.469353782421806,segmento misto
B0B4SJKRDF,Kitchenwell Multipurpose Portable Electronic Digital Weighing Scale Weight Machine | Weight Machine | 10 Kg,Home&Kitchen|Kitchen&HomeAppliances|SmallKitchenAppliances|DigitalKitchenScales|DigitalScales,Home&Kitchen,Kitchen&HomeAppliances,239.0,239.0,0.0,4.3,7.0,0.0,budget,low,low,https://m.media-amazon.com/images/I/319gn5l2NSL._SX300_SY300_QL70_FMwebp_.jpg,https://www.amazon.in/Kitchenwell-Multipurpose-Portable-Electronic-Scale/dp/B0B4SJKRDF/ref=sr_1_239?qid=1672923603&s=kitchen&sr=1-239,1,33.55975711047257,0,-2.8805811203693215,-1.3213716108802254,segmento misto
B0BL3R4RGS,VAPJA® Portable Mini Juicer Cup Blender USB Rechargeable with 4 Blades for Shakes and Smoothies Fruits Vegetables Juice Maker Grinder Mixer Strong Cutting Bottle Sports Travel Outdoors Gym (BOTTLE),Home&Kitchen|Kitchen&HomeAppliances|SmallKitchenAppliances|JuicerMixerGrinders,Home&Kitchen,Kitchen&HomeAppliances,649.0,999.0,35.0,3.6,4.0,350.0,mid,medium,low,https://m.media-amazon.com/images/W/WEBP_402378-T1/images/I/411S8WHOsXL._SX300_SY300_QL70_FMwebp_.jpg,https://www.amazon.in/Portable-Rechargeable-Smoothies-Vegetables-BOTTLE/dp/B0BL3R4RGS/ref=sr_1_415?qid=1672923613&s=kitchen&sr=1-415,1,32.14859423018096,1,-3.340721776681904,0.8846858209157907,segmento misto
B0B7L86YCB,Green Tales Heat Seal Mini Food Sealer-Impulse Machine for Sealing Plastic Bags Packaging,Home&Kitchen|Kitchen&HomeAppliances|SmallKitchenAppliances|VacuumSealers,Home&Kitchen,Kitchen&HomeAppliances,161.0,300.0,46.0,2.6,24.0,139.0,budget,medium,low,https://m.media-amazon.com/images/W/WEBP_402378-T2/images/I/411NB1EXJNL._SY300_SX300_QL70_FMwebp_.jpg,https://www.amazon.in/Green-Tales-Sealer-Impulse-Machine-Packaging/dp/B0B7L86YCB/ref=sr_1_383?qid=1672923611&s=kitchen&sr=1-383,1,26.48805073667015,1,-4.951081608140859,3.0442538549878195,segmento misto
B09ZVJXN5L,"KNYUC MART Mini Electric Handy Room Heater Compact Plug-in, The Wall Outlet 400 Watts, Handy Air Warmer Blower Adjustable Timer Digital Display","Home&Kitchen|Heating,Cooling&AirQuality|RoomHeaters|FanHeaters",Home&Kitchen,"Heating,Cooling&AirQuality",778.0,999.0,22.0,3.3,8.0,221.0,mid,medium,low,https://m.media-amazon.com/images/I/41EFR4bxzeL._SX300_SY300_QL70_FMwebp_.jpg,https://www.amazon.in/KNYUC-MART-Electric-Compact-Adjustable/dp/B09ZVJXN5L/ref=sr_1_403?qid=1672923612&s=kitchen&sr=1-403,1,26.42490482949973,1,-4.4310220645782215,1.0644898472576108,segmento misto
B0BFBNXS94,"Personal Size Blender, Portable Blender, Battery Powered USB Blender, with Four Blades, Mini Blender Travel Bottle for Juice, Shakes, and Smoothies (Pink)",Home&Kitchen|Kitchen&HomeAppliances|SmallKitchenAppliances|HandBlenders,Home&Kitchen,Kitchen&HomeAppliances,669.0,1499.0,55.0,2.3,13.0,830.0,mid,high,low,https://m.media-amazon.com/images/I/417TQs3uroL._SX300_SY300_QL70_FMwebp_.jpg,https://www.amazon.in/Personal-Blender-Portable-Battery-Smoothies/dp/B0BFBNXS94/ref=sr_1_261_mod_primary_new?qid=1672923605&s=kitchen&sbo=RZvfv%2F%2FHxDF%2BO5021pAnSA%3D%3D&sr=1-261,1,23.171413559667695,1,-5.472847123680428,3.8012263304621863,segmento misto
B0BPJBTB3F,Khaitan ORFin Fan heater for Home and kitchen-K0 2215,"Home&Kitchen|Heating,Cooling&AirQuality|RoomHeaters|FanHeaters",Home&Kitchen,"Heating,Cooling&AirQuality",1299.0,2495.0,48.0,2.0,2.0,1196.0,mid,medium,low,https://m.media-amazon.com/images/W/WEBP_402378-T1/images/I/31B8Pd1SmLL._SX300_SY300_QL70_FMwebp_.jpg,https://www.amazon.in/Khaitan-ORFin-heater-Home-kitchen-K0/dp/B0BPJBTB3F/ref=sr_1_326?qid=1672923609&s=kitchen&sr=1-326,1,12.76595744680851,1,-6.838366852145662,4.11691379764191,segmento misto
B08L12N5H1,"Eureka Forbes car Vac 100 Watts Powerful Suction Vacuum Cleaner with Washable HEPA Filter, 3 Accessories,Compact,Light Weight & Easy to use (Black and Red)","Home&Kitchen|Kitchen&HomeAppliances|Vacuum,Cleaning&Ironing|Vacuums&FloorCare|Vacuums|HandheldVacuums",Home&Kitchen,Kitchen&HomeAppliances,2099.0,2499.0,16.0,,992.0,400.0,premium,low,medium,https://m.media-amazon.com/images/W/WEBP_402378-T1/images/I/41lZEy8e9DL._SX300_SY300_QL70_FMwebp_.jpg,https://www.amazon.in/Eureka-Forbes-Vacuum-Cleaner-Washable/dp/B08L12N5H1/ref=sr_1_295?qid=1672923607&s=kitchen&sr=1-295,1,,0,-0.6561672915456338,-0.7237994445296169,segmento misto
B0B94JPY2N,"Amazon Brand - Solimo 65W Fast Charging Braided Type C to C Data Cable | Suitable For All Supported Mobile Phones (1 Meter, Black)",Computers&Accessories|Accessories&Peripherals|Cables&Accessories|Cables|USBCables,Computers&Accessories,Accessories&Peripherals,199.0,999.0,80.0,3.0,,800.0,budget,high,,https://m.media-amazon.com/images/W/WEBP_402378-T2/images/I/41Vpx5MVtaL._SY300_SX300_QL70_FMwebp_.jpg,https://www.amazon.in/Amazon-Brand-Charging-Suitable-Supported/dp/B0B94JPY2N/ref=sr_1_444?qid=1672909146&s=electronics&sr=1-444,1,,1,-0.9745250068876471,3.183554173120445,segmento misto
B0BQRJ3C47,"REDTECH USB-C to Lightning Cable 3.3FT, [Apple MFi Certified] Lightning to Type C Fast Charging Cord Compatible with iPhone 14/13/13 pro/Max/12/11/X/XS/XR/8, Supports Power Delivery - White",Computers&Accessories|Accessories&Peripherals|Cables&Accessories|Cables|USBCables,Computers&Accessories,Accessories&Peripherals,249.0,999.0,75.0,5.0,,750.0,budget,high,,https://m.media-amazon.com/images/I/31-q0xhaTAL._SY445_SX342_QL70_FMwebp_.jpg,https://www.amazon.in/REDTECH-Lightning-Certified-Charging-Compatible/dp/B0BQRJ3C47/ref=sr_1_491?qid=1672909149&s=electronics&sr=1-491,1,,4,1.653026688335513,-0.5652995407736116,barato com alto desconto
